absence_id,employee_id,annee,mois,date_debut,date_fin,nb_jours,motif,justifiee,departement
13323,2879,2022,1,2022-01-19,2022-01-26,8,Congé payé,Oui,Finance
15714,2012,2023,5,2023-05-02,2023-05-07,6,Maladie,Oui,R&D
10557,1177,2023,5,2023-05-12,2023-05-28,17,Absence injustifiée,Non,RH
11946,2445,2023,8,2023-08-27,2023-08-28,2,Maladie,Oui,Logistique
12442,1496,2024,8,2024-08-25,2024-09-10,17,sick leave,Oui,Finance
12101,1881,2023,2,2023-02-19,2023-02-19,1,Absence injustifiée,Non,Direction
13097,2354,2022,12,2022-12-15,2022-12-26,12,paid leave,Oui,Marketing
14794,2061,2023,3,2023-03-25,2023-04-05,12,Accident du travail,Oui,Direction
11482,2981,2024,6,2024-06-08,2024-06-22,15,Congé payé,Oui,Marketing
15241,1412,2024,7,2024-07-17,2024-08-06,21,Maladie,Oui,Opérations
12612,1735,2022,12,2022-12-28,2023-01-13,17,Maternité/Paternité,Oui,Juridique
14986,1191,2024,6,2024-06-11,2024-06-11,1,Congé sans solde,Oui,R&D
15826,2040,2023,12,2023-12-03,2023-12-03,1,Maladie,Oui,Opérations
11499,2060,2022,6,2022-06-02,2022-06-16,15,RTT,Oui,Logistique
14813,2977,2024,2,2024-02-07,2024-02-08,2,Congé payé,Oui,Commercial
13647,2010,2024,11,2024-11-21,2024-12-01,11,Accident du travail,Oui,Informatique
11666,2404,2024,7,2024-07-10,2024-07-14,5,Maladie,Oui,R&D
10702,1127,2024,7,2024-07-20,2024-07-30,11,Absence injustifiée,Non,Marketing
13493,1266,2023,3,2023-03-27,2023-04-03,8,Formation,Oui,RH
13507,1212,2024,5,2024-05-18,2024-05-24,7,Maladie,Oui,R&D
12463,2469,2023,1,2023-01-23,2023-02-05,14,Accident du travail,Oui,Logistique
14400,1232,2022,9,2022-09-04,2022-09-08,5,Maternité/Paternité,Oui,Marketing
10163,2196,2023,7,2023-07-28,2023-07-29,2,Congé payé,Oui,Commercial
14671,2813,2022,6,2022-06-18,2022-06-19,2,sick leave,Oui,Finance
10331,3139,2024,10,2024-10-20,2024-10-31,12,Maternité/Paternité,Oui,Finance
10812,1402,2023,10,2023-10-06,2023-10-13,8,Maladie,Oui,Logistique
14618,3394,2022,2,2022-02-14,2022-02-14,1,Maternité/Paternité,Oui,Commercial
12615,2488,2024,12,2024-12-24,2024-12-24,1,sick leave,Oui,Finance
13876,3287,2022,11,2022-11-25,2022-12-01,7,Congé payé,Oui,Commercial
14836,1880,2023,2,2023-02-11,2023-02-20,10,Congé payé,Oui,Operations
10216,1402,2024,10,2024-10-15,2024-10-19,5,Enfant malade,Oui,Logistique
13280,1177,2024,11,2024-11-16,2024-11-25,10,RTT,Oui,RH
13047,1393,2023,1,2023-01-24,2023-01-29,6,RTT,Oui,Logistique
10985,1068,2023,3,2023-03-17,2023-03-22,6,Congé payé,Oui,Commercial
15110,2502,2024,8,2024-08-16,2024-08-23,8,Absence injustifiée,Non,RH
12785,2189,2024,12,2024-12-01,2024-12-01,1,Congé payé,Oui,RH
11207,3239,2023,3,2023-03-15,2023-03-21,7,Formation,Oui,Finance
15313,2865,2022,6,2022-06-25,2022-07-11,17,Accident du travail,Oui,Marketing
13631,2012,2023,10,2023-10-12,2023-10-27,16,Congé payé,Oui,R&D
12297,3264,2024,8,2024-08-09,2024-08-23,15,Congé payé,Oui,R&D
11838,2574,2022,11,2022-11-25,2022-12-14,20,RTT,Oui,Juridique
12468,2485,2024,4,2024-04-22,2024-04-29,8,paid leave,Oui,R&D
11700,1752,2022,3,2022-03-07,2022-03-14,8,Maladie,Oui,Juridique
16019,1966,2022,3,2022-03-23,2022-04-05,14,Maladie,Oui,Logistique
12384,1743,2022,9,2022-09-25,2022-09-28,4,Maladie,Oui,Marketing
11810,1721,2022,6,2022-06-08,2022-06-16,9,Congé payé,Oui,Juridique
13707,2235,2023,4,2023-04-19,2023-05-04,16,Maternité/Paternité,Oui,Informatique
12531,1877,2022,11,2022-11-13,2022-11-25,13,paid leave,Oui,R&D
11157,2344,2022,3,2022-03-01,2022-03-18,18,Congé payé,Oui,R&D
12764,3274,2023,6,2023-06-28,2023-07-14,17,Congé sans solde,Oui,Marketing
11697,1501,2024,12,2024-12-24,2025-01-13,21,Maladie,Oui,R&D
12978,1070,2024,12,2024-12-06,2024-12-15,10,Maladie,Oui,Opérations
13018,2155,2022,7,2022-07-03,2022-07-15,13,Maladie,Oui,Informatique
15119,1301,2024,11,2024-11-13,2024-11-17,5,Formation,Oui,Commercial
14487,3204,2024,1,2024-01-28,2024-02-16,20,RTT,Oui,Direction
15520,1155,2022,7,2022-07-18,2022-07-25,8,Maladie,Oui,Direction
10868,3024,2023,1,2023-01-02,2023-01-19,18,Formation,Oui,RH
13530,1333,2024,7,2024-07-20,2024-07-27,8,RTT,Oui,R&D
10173,2317,2023,12,2023-12-20,2023-12-26,7,Congé payé,Oui,Opérations
16054,2126,2023,10,2023-10-04,2023-10-23,20,Maladie,Oui,Opérations
15689,2665,2022,10,2022-10-14,2022-10-15,2,Enfant malade,Oui,Direction
14535,2068,2022,11,2022-11-09,2022-11-22,14,Absence injustifiée,Non,R&D
11340,2575,2022,12,2022-12-03,2022-12-06,4,RTT,Oui,Commercial
14236,2939,2023,7,2023-07-04,2023-07-04,1,Maladie,Oui,R&D
10787,3271,2023,5,2023-05-05,2023-05-19,15,Maternité/Paternité,Oui,Finance
15259,1626,2024,9,2024-09-07,2024-09-23,17,Accident du travail,Oui,Commercial
13813,3251,2023,5,2023-05-25,2023-06-13,20,RTT,Oui,R&D
11153,1721,2023,6,2023-06-22,2023-07-07,16,Accident du travail,Oui,Juridique
10308,3356,2023,3,2023-03-18,2023-03-26,9,Maladie,Oui,Finance
13327,1880,2022,11,2022-11-24,2022-12-04,11,Formation,Oui,Operations
12918,2865,2024,8,2024-08-17,2024-09-06,21,Congé sans solde,Oui,Marketing
12726,1298,2023,10,2023-10-10,2023-10-27,18,Congé payé,Oui,R&D
11165,2469,2023,3,2023-03-09,2023-03-29,21,Maladie,Oui,Logistique
12036,1866,2024,1,2024-01-17,2024-02-01,16,Maladie,Oui,Informatique
15351,1327,2024,7,2024-07-28,2024-08-16,20,Maladie,Oui,RH
13027,2651,2023,6,2023-06-21,2023-06-25,5,Congé payé,Oui,R&D
15282,2705,2022,4,2022-04-08,2022-04-11,4,RTT,Oui,Logistique
11253,2135,2023,2,2023-02-28,2023-03-18,19,Accident du travail,Oui,Finance
11537,2806,2023,8,2023-08-03,2023-08-16,14,RTT,Oui,Direction
15238,1300,2022,9,2022-09-18,2022-10-07,20,paid leave,Oui,Commercial
11120,2976,2024,5,2024-05-28,2024-05-28,1,sick leave,Oui,RH
14702,2393,2024,11,2024-11-14,2024-11-26,13,Congé sans solde,Oui,Logistique
13740,3315,2024,8,2024-08-19,2024-09-06,19,paid leave,Oui,Commercial
12173,1663,2022,10,2022-10-21,2022-11-05,16,paid leave,Oui,Opérations
11055,2068,2022,8,2022-08-12,2022-08-17,6,Congé sans solde,Oui,R&D
13007,1949,2024,11,2024-11-16,2024-11-28,13,paid leave,Oui,Marketing
12913,1616,2024,1,2024-01-17,2024-02-06,21,Maternité/Paternité,Oui,Finance
10175,3152,2024,6,2024-06-09,2024-06-25,17,RTT,Oui,Informatique
11631,2040,2023,7,2023-07-25,2023-08-08,15,Maternité/Paternité,Oui,Opérations
14298,3149,2023,3,2023-03-25,2023-04-11,18,Maladie,Oui,Direction
13745,2404,2024,8,2024-08-17,2024-09-06,21,Absence injustifiée,Non,R&D
11893,1824,2024,10,2024-10-28,2024-11-02,6,Congé payé,Oui,Marketing
14494,2971,2024,6,2024-06-13,2024-06-18,6,RTT,Oui,Opérations
10571,2523,2024,7,2024-07-16,2024-07-30,15,Enfant malade,Oui,Marketing
13001,3148,2022,12,2022-12-13,2023-01-02,21,Congé payé,Oui,R&D
12062,2632,2022,1,2022-01-08,2022-01-19,12,Enfant malade,Oui,Logistique
13638,1177,2024,8,2024-08-19,2024-08-24,6,RTT,Oui,RH
10886,1707,2022,11,2022-11-03,2022-11-04,2,Maternité/Paternité,Oui,Opérations
11056,3184,2024,5,2024-05-26,2024-06-04,10,Congé payé,Oui,Juridique
10079,2193,2023,10,2023-10-24,2023-10-24,-1,Enfant malade,Oui,Marketing
12360,1399,2024,2,2024-02-09,2024-02-22,14,RTT,Oui,Juridique
15185,1711,2023,9,2023-09-28,2023-10-13,16,Maladie,Oui,R&D
10776,3136,2022,5,2022-05-23,2022-06-03,12,Maternité/Paternité,Oui,Finance
14331,1340,2022,4,2022-04-21,2022-04-29,9,Congé payé,Oui,RH
12636,2949,2022,2,2022-02-24,2022-03-08,13,Maladie,Oui,Opérations
13660,1636,2024,2,2024-02-26,2024-03-06,10,RTT,Oui,Marketing
11950,1633,2023,8,2023-08-13,2023-08-15,3,Absence injustifiée,Non,Opérations
13545,2721,2022,1,2022-01-07,2022-01-12,6,Maladie,Oui,Opérations
11692,1721,2023,8,2023-08-24,2023-08-28,5,Enfant malade,Oui,Juridique
13194,1212,2022,1,2022-01-01,2022-01-19,19,Absence injustifiée,Non,R&D
13035,3056,2024,1,2024-01-25,2024-01-25,1,Accident du travail,Oui,Marketing
11472,1402,2024,6,2024-06-18,2024-06-20,3,sick leave,Oui,Logistique
11554,1124,2024,6,2024-06-25,2024-06-29,5,paid leave,Oui,Finance
13697,3287,2023,11,2023-11-20,2023-12-01,12,Congé payé,Oui,Commercial
11082,1501,2024,1,2024-01-28,2024-02-09,13,Congé payé,Oui,R&D
14469,1679,2023,12,2023-12-18,2024-01-07,21,sick leave,Oui,Finance
10203,2595,2023,1,2023-01-22,2023-02-06,16,Enfant malade,Oui,Opérations
14803,3156,2024,8,2024-08-15,2024-08-18,4,Formation,Oui,Informatique
14887,1311,2024,8,2024-08-15,2024-08-28,14,Congé payé,Oui,Opérations
15242,1796,2023,6,2023-06-03,2023-06-06,4,sick leave,Oui,Marketing
11241,2651,2023,4,2023-04-06,2023-04-09,4,Maternité/Paternité,Oui,R&D
12120,1949,2024,2,2024-02-11,2024-02-19,9,Formation,Oui,Marketing
10560,3172,2024,2,2024-02-09,2024-02-12,4,paid leave,Oui,Marketing
11258,1371,2022,5,2022-05-14,2022-05-16,3,Enfant malade,Oui,Commercial
10367,2673,2024,4,2024-04-06,2024-04-08,3,RTT,Oui,Logistique
10854,1402,2023,10,2023-10-10,2023-10-11,2,Congé sans solde,Oui,Logistique
16017,3316,2022,12,2022-12-09,2022-12-22,14,Maladie,Oui,RH
10947,3288,2022,4,2022-04-01,2022-04-04,4,Congé payé,Oui,RH
14381,2129,2023,2,2023-02-26,2023-03-11,14,Maladie,Oui,Informatique
13938,1225,2024,8,2024-08-07,2024-08-26,20,Congé payé,Oui,R&D
14621,2061,2024,11,2024-11-12,2024-11-16,5,Formation,Oui,Direction
15301,1266,2023,3,2023-03-03,2023-03-07,5,Congé payé,Oui,RH
13627,3028,2024,2,2024-02-07,2024-02-12,6,Congé payé,Oui,Finance
15584,3106,2022,10,2022-10-21,2022-10-29,9,Maternité/Paternité,Oui,R&D
13156,1256,2022,3,2022-03-11,2022-03-20,10,Enfant malade,Oui,Logistique
15956,1898,2024,2,2024-02-12,2024-02-13,2,Maladie,Oui,Opérations
13178,1393,2024,7,2024-07-17,2024-07-18,2,Maternité/Paternité,Oui,Logistique
14895,3179,2024,12,2024-12-09,2024-12-09,1,Maladie,Oui,Direction
13849,2822,2022,9,2022-09-26,2022-10-14,19,RTT,Oui,Marketing
14652,1488,2023,1,2023-01-12,2023-01-21,10,paid leave,Oui,Finance
11170,1619,2024,9,2024-09-12,2024-09-18,7,Congé payé,Oui,Opérations
12945,2171,2024,2,2024-02-24,2024-02-29,6,Congé payé,Oui,Juridique
13914,2120,2022,10,2022-10-04,2022-10-20,17,Maternité/Paternité,Oui,RH
13416,2404,2024,3,2024-03-05,2024-03-11,7,Enfant malade,Oui,R&D
12491,2930,2023,9,2023-09-13,2023-09-19,7,Congé payé,Oui,Logistique
15269,3327,2024,10,2024-10-23,2024-11-10,19,Maladie,Oui,Commercial
12532,1232,2024,9,2024-09-14,2024-09-30,17,Enfant malade,Oui,Marketing
16027,1024,2022,8,2022-08-27,2022-09-03,8,Maladie,Oui,Juridique
14754,2442,2023,4,2023-04-20,2023-04-24,5,Formation,Oui,Logistique
15630,1024,2024,3,2024-03-17,2024-04-06,21,Congé payé,Oui,Juridique
11117,3263,2023,4,2023-04-28,2023-05-02,5,Maladie,Oui,Informatique
13612,2189,2022,1,2022-01-01,2022-01-06,6,Maternité/Paternité,Oui,RH
16085,2956,2022,2,2022-02-18,2022-03-03,14,Maladie,Oui,Informatique
14035,2874,2024,4,2024-04-25,2024-05-14,20,Accident du travail,Oui,Commercial
14160,1255,2023,9,2023-09-18,2023-09-28,11,Formation,Oui,R&D
15083,1147,2024,1,2024-01-27,2024-02-09,14,Maladie,Oui,Direction
13063,1957,2022,2,2022-02-25,2022-03-10,14,paid leave,Oui,Finance
12286,2469,2022,5,2022-05-20,2022-05-25,6,Accident du travail,Oui,Logistique
10995,2040,2024,4,2024-04-13,2024-04-13,1,Congé payé,Oui,Opérations
10140,1959,2022,6,2022-06-03,2022-06-23,21,Maladie,Oui,Commercial
10370,1290,2023,5,2023-05-07,2023-05-13,7,RTT,Oui,Informatique
10318,1756,2023,12,2023-12-02,2023-12-02,1,Maternité/Paternité,Oui,Finance
10570,3153,2022,2,2022-02-13,2022-02-22,10,Congé sans solde,Oui,Direction
12656,1217,2023,9,2023-09-10,2023-09-27,18,Enfant malade,Oui,Direction
14897,1255,2024,12,2024-12-12,2024-12-16,5,Congé payé,Oui,R&D
14675,2221,2022,8,2022-08-24,2022-08-29,6,sick leave,Oui,R&D
13078,1765,2024,12,2024-12-16,2025-01-01,17,Absence injustifiée,Non,Commercial
15078,1402,2022,3,2022-03-15,2022-03-31,17,Accident du travail,Oui,Logistique
13198,1327,2024,8,2024-08-02,2024-08-10,9,Absence injustifiée,Non,RH
13765,2295,2023,8,2023-08-26,2023-09-02,8,paid leave,Oui,Informatique
14121,2289,2023,3,2023-03-09,2023-03-29,21,Maternité/Paternité,Oui,Marketing
10955,3062,2024,12,2024-12-10,2024-12-15,6,RTT,Oui,Informatique
10158,1229,2022,7,2022-07-18,2022-08-05,19,sick leave,Oui,Informatique
14452,1271,2022,2,2022-02-23,2022-02-23,1,Maladie,Oui,Juridique
14989,2448,2023,7,2023-07-25,2023-08-14,21,Absence injustifiée,Non,Logistique
13133,3392,2023,2,2023-02-08,2023-02-24,17,paid leave,Oui,Marketing
11026,1749,2022,4,2022-04-01,2022-04-12,12,RTT,Oui,Logistique
10106,2414,2023,3,2023-03-24,2023-03-24,1,Maternité/Paternité,Oui,Finance
15939,2976,2022,10,2022-10-14,2022-10-17,4,sick leave,Oui,RH
11466,3152,2023,10,2023-10-08,2023-10-13,6,Congé payé,Oui,Informatique
10232,2715,2022,3,2022-03-12,2022-03-16,5,Maladie,Oui,Direction
14420,2428,2022,4,2022-04-01,2022-04-15,15,Enfant malade,Oui,Juridique
13734,1403,2023,1,2023-01-03,2023-01-14,12,Maladie,Oui,Opérations
11269,2988,2024,10,2024-10-20,2024-10-20,1,RTT,Oui,RH
11691,1782,2023,8,2023-08-19,2023-08-23,5,Maladie,Oui,Juridique
12600,1843,2022,1,2022-01-19,2022-01-24,6,Accident du travail,Oui,Opérations
14217,2765,2023,2,2023-02-21,2023-03-08,16,Formation,Oui,RH
10138,3293,2024,9,2024-09-14,2024-09-28,15,Formation,Oui,Finance
12146,1877,2024,3,2024-03-11,2024-03-18,8,Maladie,Oui,R&D
10834,2009,2023,1,2023-01-21,2023-02-05,16,Maternité/Paternité,Oui,Finance
12881,1596,2024,3,2024-03-27,2024-03-28,2,Congé payé,Oui,R&D
12216,2134,2024,9,2024-09-28,2024-10-11,14,Maladie,Oui,Direction
14529,1957,2023,4,2023-04-09,2023-04-22,14,RTT,Oui,Finance
10994,2988,2022,3,2022-03-07,2022-03-25,19,Congé sans solde,Oui,RH
11883,1770,2022,10,2022-10-07,2022-10-18,12,Accident du travail,Oui,R&D
15867,1345,2023,8,2023-08-13,2023-08-25,13,Maladie,Oui,Informatique
11001,3179,2022,1,2022-01-25,2022-02-12,19,Absence injustifiée,Non,Direction
14316,1214,2022,6,2022-06-27,2022-07-09,13,RTT,Oui,R&D
14914,1127,2024,9,2024-09-05,2024-09-11,7,Accident du travail,Oui,Marketing
12316,1127,2024,4,2024-04-27,2024-05-09,13,Maladie,Oui,Marketing
15240,2565,2024,10,2024-10-22,2024-11-06,16,Maladie,Oui,Informatique
14669,1754,2024,10,2024-10-22,2024-10-26,5,RTT,Oui,Finance
13968,1347,2023,9,2023-09-22,2023-10-11,20,RTT,Oui,Marketing
10097,1937,2024,4,2024-04-20,2024-04-22,3,Maladie,Oui,Informatique
12455,1063,2024,3,2024-03-08,2024-03-09,2,Enfant malade,Oui,Finance
11503,2648,2022,11,2022-11-10,2022-11-10,1,Formation,Oui,Direction
13977,1427,2024,10,2024-10-16,2024-10-17,2,RTT,Oui,Legal
12066,1735,2022,11,2022-11-12,2022-11-12,1,Enfant malade,Oui,Juridique
14520,1735,2024,7,2024-07-08,2024-07-16,9,Maladie,Oui,Juridique
14403,2705,2023,9,2023-09-19,2023-09-24,6,sick leave,Oui,Logistique
10299,2475,2024,11,2024-11-10,2024-11-19,10,Absence injustifiée,Non,R&D
11839,1298,2024,6,2024-06-02,2024-06-03,2,paid leave,Oui,R&D
13508,2157,2022,5,2022-05-03,2022-05-09,7,Maladie,Oui,Logistique
15700,3289,2024,10,2024-10-06,2024-10-24,19,Maternité/Paternité,Oui,Marketing
12889,1711,2024,11,2024-11-06,2024-11-14,9,Maternité/Paternité,Oui,R&D
12530,3392,2024,8,2024-08-13,2024-08-31,19,Formation,Oui,Marketing
10154,2705,2022,5,2022-05-07,2022-05-17,11,Accident du travail,Oui,Logistique
13744,2488,2024,5,2024-05-19,2024-06-03,16,RTT,Oui,Finance
11090,3321,2023,2,2023-02-14,2023-03-02,17,Absence injustifiée,Non,Juridique
13246,2058,2023,2,2023-02-02,2023-02-13,12,Maladie,Oui,Juridique
13072,2414,2023,7,2023-07-13,2023-08-01,20,Maladie,Oui,Finance
13135,2776,2024,12,2024-12-27,2024-12-30,4,Enfant malade,Oui,Juridique
11723,2844,2024,2,2024-02-06,2024-02-12,7,Congé payé,Oui,Commercial
12006,1527,2022,10,2022-10-24,2022-10-28,5,paid leave,Oui,Informatique
14088,1212,2022,4,2022-04-18,2022-04-20,3,RTT,Oui,R&D
15192,1843,2022,9,2022-09-06,2022-09-22,17,Formation,Oui,Opérations
11934,3065,2023,7,2023-07-16,2023-07-20,5,Maladie,Oui,RH
12040,2046,2023,6,2023-06-16,2023-07-03,18,Congé payé,Oui,Direction
10964,1524,2024,11,2024-11-28,2024-11-30,3,Congé payé,Oui,Marketing
11907,2040,2022,7,2022-07-19,2022-07-27,9,Absence injustifiée,Non,Opérations
14679,3293,2023,8,2023-08-22,2023-08-25,4,Congé payé,Oui,Finance
13972,2442,2024,8,2024-08-14,2024-08-25,12,Congé payé,Oui,Logistique
13239,3327,2023,7,2023-07-06,2023-07-11,6,Maladie,Oui,Commercial
12424,1063,2022,9,2022-09-17,2022-09-18,2,Formation,Oui,Finance
10046,2573,2022,12,2022-12-28,2022-12-21,-8,Congé payé,Oui,RH
14242,2625,2022,7,2022-07-27,2022-08-03,8,Congé payé,Oui,Commercial
15074,1596,2024,5,2024-05-12,2024-05-19,8,sick leave,Oui,R&D
10384,1402,2024,8,2024-08-08,2024-08-09,2,Formation,Oui,Logistique
13671,1482,2022,8,2022-08-05,2022-08-06,2,sick leave,Oui,Juridique
12436,2038,2022,12,2022-12-16,2023-01-05,21,Congé payé,Oui,Informatique
12386,2690,2022,1,2022-01-14,2022-01-29,16,Maternité/Paternité,Oui,Commercial
13818,1679,2022,9,2022-09-18,2022-09-23,6,Accident du travail,Oui,Finance
12982,2776,2024,2,2024-02-25,2024-03-04,9,Maladie,Oui,Juridique
14831,2150,2024,8,2024-08-08,2024-08-23,16,Congé payé,Oui,Finance
15537,1449,2023,5,2023-05-05,2023-05-15,11,Maternité/Paternité,Oui,Juridique
12874,1138,2023,6,2023-06-26,2023-07-06,11,Maladie,Oui,Juridique
13445,3324,2022,4,2022-04-17,2022-04-30,14,Congé payé,Oui,R&D
14368,1543,2024,5,2024-05-26,2024-06-11,17,Enfant malade,Oui,Finance
12573,2712,2023,3,2023-03-01,2023-03-03,3,Formation,Oui,Logistique
13242,3281,2024,10,2024-10-12,2024-10-12,1,Formation,Oui,Finance
10673,3065,2023,2,2023-02-10,2023-02-14,5,Absence injustifiée,Non,RH
11401,2495,2024,2,2024-02-17,2024-02-25,9,Congé payé,Oui,Juridique
16093,2370,2022,7,2022-07-14,2022-07-14,1,Congé payé,Oui,Informatique
13935,2138,2023,11,2023-11-17,2023-12-01,15,RTT,Oui,Direction
15512,1177,2023,11,2023-11-16,2023-11-27,12,Maladie,Oui,RH
15649,1655,2024,11,2024-11-25,2024-11-27,3,Accident du travail,Oui,Commercial
11468,2909,2023,7,2023-07-08,2023-07-08,1,RTT,Oui,RH
10601,2138,2022,7,2022-07-26,2022-08-12,18,RTT,Oui,Direction
12203,1194,2023,5,2023-05-20,2023-06-09,21,Congé payé,Oui,R&D
13741,2155,2022,6,2022-06-24,2022-07-03,10,Congé payé,Oui,Informatique
11246,3362,2023,3,2023-03-20,2023-03-31,12,Maladie,Oui,Marketing
15369,2764,2022,6,2022-06-09,2022-06-16,8,RTT,Oui,Opérations
16137,1596,2022,3,2022-03-25,2022-03-29,-4,paid leave,Oui,R&D
15792,1409,2023,8,2023-08-20,2023-08-27,8,Congé payé,Oui,Logistique
12614,3154,2024,9,2024-09-14,2024-09-25,12,RTT,Oui,R&D
14429,1127,2022,10,2022-10-14,2022-10-20,7,Enfant malade,Oui,Marketing
10164,1866,2022,7,2022-07-03,2022-07-16,14,Congé sans solde,Oui,Informatique
14891,2221,2023,7,2023-07-11,2023-07-26,16,Maladie,Oui,R&D
15099,2046,2022,9,2022-09-23,2022-09-26,4,Enfant malade,Oui,Direction
11318,3189,2022,2,2022-02-21,2022-03-10,18,sick leave,Oui,Finance
11633,1015,2024,6,2024-06-03,2024-06-18,16,Absence injustifiée,Non,Logistique
15696,3295,2022,6,2022-06-24,2022-06-27,4,Maladie,Oui,RH
15733,2317,2024,1,2024-01-02,2024-01-07,6,Congé payé,Oui,Opérations
11761,1609,2023,6,2023-06-02,2023-06-15,14,RTT,Oui,Direction
11339,2721,2023,10,2023-10-23,2023-11-01,10,RTT,Oui,Opérations
13936,2193,2023,11,2023-11-24,2023-12-03,10,Absence injustifiée,Non,Marketing
13070,3117,2023,11,2023-11-11,2023-11-11,1,Maternité/Paternité,Oui,Commercial
14677,2173,2024,11,2024-11-26,2024-12-02,7,Congé payé,Oui,Direction
14654,1880,2022,9,2022-09-05,2022-09-17,13,Congé payé,Oui,Operations
13799,1752,2022,8,2022-08-07,2022-08-26,20,Maladie,Oui,Juridique
12961,1481,2023,11,2023-11-07,2023-11-09,3,Maladie,Oui,Marketing
11447,3061,2022,1,2022-01-11,2022-01-29,19,Maladie,Oui,R&D
12124,1399,2024,1,2024-01-21,2024-02-02,13,Congé payé,Oui,Juridique
11960,2535,2023,9,2023-09-10,2023-09-26,17,RTT,Oui,Direction
15155,1225,2024,6,2024-06-27,2024-07-02,6,paid leave,Oui,R&D
10565,1971,2022,11,2022-11-23,2022-11-23,1,RTT,Oui,Logistique
11275,2754,2022,2,2022-02-04,2022-02-17,14,Absence injustifiée,Non,Opérations
11530,2187,2022,3,2022-03-15,2022-03-27,13,sick leave,Oui,RH
11660,2911,2022,7,2022-07-24,2022-07-25,2,sick leave,Oui,Direction
14753,2122,2023,4,2023-04-12,2023-04-14,3,Formation,Oui,Management
12956,2009,2024,2,2024-02-27,2024-02-28,2,Maladie,Oui,Finance
10072,2712,2022,1,2022-01-16,2022-01-17,-2,RTT,Oui,Logistique
10783,1880,2024,6,2024-06-23,2024-07-08,16,Maladie,Oui,Operations
15561,2874,2022,8,2022-08-24,2022-08-24,1,Formation,Oui,Commercial
10287,1928,2023,10,2023-10-26,2023-10-28,3,RTT,Oui,Informatique
12804,1684,2023,7,2023-07-18,2023-07-29,12,Maladie,Oui,R&D
11629,3065,2023,2,2023-02-20,2023-03-12,21,Congé sans solde,Oui,RH
12640,3024,2024,7,2024-07-01,2024-07-10,10,Congé payé,Oui,RH
15230,3256,2023,9,2023-09-21,2023-10-03,13,Accident du travail,Oui,Opérations
13670,2400,2022,3,2022-03-10,2022-03-25,16,Congé payé,Oui,Finance
14855,3096,2022,7,2022-07-08,2022-07-25,18,Congé payé,Oui,Logistique
11720,3274,2024,4,2024-04-02,2024-04-05,4,Maladie,Oui,Marketing
14857,1635,2023,10,2023-10-27,2023-11-06,11,Maladie,Oui,Informatique
14912,2038,2022,7,2022-07-04,2022-07-10,7,RTT,Oui,Informatique
15741,1744,2024,7,2024-07-11,2024-07-19,9,Congé sans solde,Oui,Direction
10552,2810,2023,12,2023-12-19,2023-12-21,3,paid leave,Oui,RH
12619,1425,2024,8,2024-08-27,2024-09-06,11,Maladie,Oui,Juridique
10980,2150,2023,3,2023-03-26,2023-04-14,20,Maternité/Paternité,Oui,Finance
14928,3394,2022,2,2022-02-17,2022-02-21,5,Maladie,Oui,Commercial
13956,2120,2024,11,2024-11-04,2024-11-19,16,Accident du travail,Oui,RH
11938,1093,2022,12,2022-12-12,2022-12-31,20,paid leave,Oui,Juridique
12897,2502,2024,4,2024-04-01,2024-04-21,21,sick leave,Oui,RH
12001,3271,2023,10,2023-10-18,2023-11-05,19,paid leave,Oui,Finance
13777,3263,2022,12,2022-12-02,2022-12-05,4,Maladie,Oui,Informatique
15887,1225,2023,10,2023-10-13,2023-10-17,5,Maladie,Oui,R&D
10755,3398,2023,11,2023-11-20,2023-12-04,15,Maternité/Paternité,Oui,Informatique
13484,1779,2022,6,2022-06-09,2022-06-18,10,Maladie,Oui,R&D
11524,1044,2023,9,2023-09-18,2023-09-21,4,Maternité/Paternité,Oui,Marketing
13372,1374,2023,7,2023-07-03,2023-07-18,16,Enfant malade,Oui,Marketing
13195,1662,2022,6,2022-06-07,2022-06-17,11,Accident du travail,Oui,Direction
15458,2853,2022,6,2022-06-25,2022-07-03,9,Maladie,Oui,RH
11814,2189,2024,7,2024-07-25,2024-07-26,2,Maladie,Oui,RH
13861,1256,2024,11,2024-11-21,2024-11-25,5,Congé sans solde,Oui,Logistique
15355,2122,2024,12,2024-12-21,2024-12-30,10,Congé payé,Oui,Management
12515,1320,2023,12,2023-12-11,2023-12-21,11,sick leave,Oui,Commercial
15391,3029,2023,4,2023-04-25,2023-05-14,20,RTT,Oui,Commercial
10656,1374,2023,7,2023-07-12,2023-07-29,18,Absence injustifiée,Non,Marketing
15932,2909,2023,2,2023-02-07,2023-02-27,21,Maladie,Oui,RH
11714,1679,2024,12,2024-12-22,2025-01-08,18,paid leave,Oui,Finance
14136,2574,2022,9,2022-09-21,2022-09-22,2,paid leave,Oui,Juridique
11280,2575,2024,12,2024-12-11,2024-12-30,20,Maladie,Oui,Commercial
15200,2930,2023,2,2023-02-07,2023-02-22,16,Absence injustifiée,Non,Logistique
13419,1081,2023,4,2023-04-22,2023-04-30,9,Congé payé,Oui,Juridique
12992,1300,2022,3,2022-03-19,2022-04-08,21,Congé payé,Oui,Commercial
10631,3256,2024,12,2024-12-28,2025-01-01,5,Formation,Oui,Opérations
11214,2632,2024,8,2024-08-15,2024-08-18,4,RTT,Oui,Logistique
11387,1501,2023,12,2023-12-26,2024-01-15,21,Maladie,Oui,R&D
14373,2018,2024,9,2024-09-03,2024-09-05,3,Accident du travail,Oui,Direction
14265,1444,2022,5,2022-05-03,2022-05-14,12,RTT,Oui,Commercial
12369,2806,2024,5,2024-05-18,2024-05-23,6,Congé payé,Oui,Direction
10716,2091,2024,7,2024-07-16,2024-07-21,6,Maladie,Oui,Direction
15814,2810,2024,9,2024-09-03,2024-09-13,11,Maternité/Paternité,Oui,RH
15756,2988,2023,9,2023-09-01,2023-09-07,7,Congé payé,Oui,RH
14167,1633,2024,4,2024-04-24,2024-05-03,10,Formation,Oui,Opérations
10286,3062,2023,12,2023-12-26,2023-12-26,1,Congé payé,Oui,Informatique
15245,1194,2023,8,2023-08-10,2023-08-25,16,sick leave,Oui,R&D
13302,2673,2024,11,2024-11-04,2024-11-24,21,Congé payé,Oui,Logistique
14018,3392,2024,7,2024-07-17,2024-08-01,16,Maladie,Oui,Marketing
10975,1981,2023,12,2023-12-11,2023-12-24,14,sick leave,Oui,Direction
15886,2150,2023,5,2023-05-15,2023-05-30,16,Maladie,Oui,Finance
13335,1862,2024,7,2024-07-12,2024-07-19,8,Maladie,Oui,RH
11040,1340,2024,11,2024-11-27,2024-12-11,15,Maladie,Oui,RH
13462,1409,2024,5,2024-05-02,2024-05-09,8,sick leave,Oui,Logistique
16051,1228,2022,10,2022-10-17,2022-11-04,19,paid leave,Oui,Informatique
11868,3184,2024,10,2024-10-05,2024-10-13,9,RTT,Oui,Juridique
11958,3000,2024,4,2024-04-21,2024-04-30,10,Congé payé,Oui,Opérations
15082,2046,2023,4,2023-04-16,2023-05-06,21,Congé payé,Oui,Direction
15508,2617,2022,8,2022-08-20,2022-09-07,19,Congé payé,Oui,Opérations
12965,1679,2024,2,2024-02-09,2024-02-12,4,Formation,Oui,Finance
10940,2046,2022,11,2022-11-23,2022-12-06,14,sick leave,Oui,Direction
12709,2173,2023,2,2023-02-14,2023-02-19,6,Maladie,Oui,Direction
10725,1225,2023,11,2023-11-02,2023-11-19,18,sick leave,Oui,R&D
11914,2977,2024,9,2024-09-13,2024-09-23,11,Maladie,Oui,Commercial
12622,2781,2024,1,2024-01-15,2024-01-24,10,Accident du travail,Oui,Logistique
14507,1707,2023,9,2023-09-20,2023-09-26,7,Congé payé,Oui,Opérations
12247,1311,2024,1,2024-01-16,2024-01-22,7,Maternité/Paternité,Oui,Opérations
13121,1928,2023,2,2023-02-28,2023-03-11,12,Maternité/Paternité,Oui,Informatique
13500,2393,2023,3,2023-03-20,2023-04-07,19,Maladie,Oui,Logistique
10043,1212,2022,1,2022-01-04,2022-01-01,-4,Congé sans solde,Oui,R&D
13411,1523,2023,7,2023-07-11,2023-07-22,12,Maladie,Oui,Marketing
12110,2454,2024,12,2024-12-09,2024-12-16,8,Formation,Oui,Informatique
14491,2135,2024,10,2024-10-20,2024-11-09,21,Formation,Oui,Finance
14073,3327,2023,12,2023-12-22,2023-12-24,3,RTT,Oui,Commercial
15600,2949,2022,10,2022-10-26,2022-11-09,15,RTT,Oui,Opérations
15094,3136,2024,11,2024-11-22,2024-11-24,3,Formation,Oui,Finance
10598,3065,2024,2,2024-02-20,2024-03-10,20,Congé payé,Oui,RH
14143,3062,2023,9,2023-09-18,2023-09-29,12,RTT,Oui,Informatique
10459,1543,2022,8,2022-08-06,2022-08-17,12,Formation,Oui,Finance
13444,1767,2023,6,2023-06-08,2023-06-21,14,RTT,Oui,Informatique
11793,2981,2024,11,2024-11-13,2024-11-19,7,Congé payé,Oui,Marketing
13640,1669,2023,9,2023-09-04,2023-09-11,8,Absence injustifiée,Non,Juridique
16048,2115,2023,7,2023-07-18,2023-07-25,8,Congé sans solde,Oui,Juridique
14629,1576,2022,4,2022-04-06,2022-04-10,5,RTT,Oui,Juridique
16084,1290,2022,9,2022-09-14,2022-09-17,4,Absence injustifiée,Non,Informatique
15748,3324,2023,4,2023-04-26,2023-05-01,6,Congé sans solde,Oui,R&D
12534,3318,2024,2,2024-02-10,2024-02-13,4,Maternité/Paternité,Oui,Juridique
12432,2129,2022,1,2022-01-25,2022-02-14,21,Maternité/Paternité,Oui,Informatique
15297,1862,2024,5,2024-05-09,2024-05-20,12,Congé payé,Oui,RH
11695,1734,2023,5,2023-05-02,2023-05-22,21,Enfant malade,Oui,Commercial
10710,3148,2022,2,2022-02-17,2022-02-28,12,Congé payé,Oui,R&D
13659,2822,2023,7,2023-07-23,2023-08-03,12,paid leave,Oui,Marketing
12901,1957,2023,12,2023-12-25,2023-12-31,7,Absence injustifiée,Non,Finance
11945,2012,2022,12,2022-12-01,2022-12-18,18,Maladie,Oui,R&D
10051,1232,2024,6,2024-06-21,2024-06-15,-7,Maternité/Paternité,Oui,Marketing
13261,2613,2022,4,2022-04-03,2022-04-12,10,Absence injustifiée,Non,Marketing
12548,3316,2024,3,2024-03-11,2024-03-23,13,sick leave,Oui,RH
12024,2916,2024,1,2024-01-14,2024-01-31,18,Maladie,Oui,Commercial
11640,2235,2022,8,2022-08-11,2022-08-17,7,Congé payé,Oui,Informatique
15855,2488,2022,6,2022-06-13,2022-07-01,19,Congé payé,Oui,Finance
10332,2289,2022,12,2022-12-14,2023-01-01,19,Congé payé,Oui,Marketing
15410,2406,2022,3,2022-03-15,2022-03-29,15,Formation,Oui,Finance
11559,2321,2024,2,2024-02-24,2024-03-02,8,Congé payé,Oui,Informatique
14459,1843,2024,10,2024-10-02,2024-10-21,20,RTT,Oui,Opérations
15974,2605,2023,12,2023-12-06,2023-12-11,6,Congé payé,Oui,Commercial
12122,2454,2023,11,2023-11-15,2023-11-16,2,paid leave,Oui,Informatique
10174,2171,2023,4,2023-04-19,2023-04-26,8,Maternité/Paternité,Oui,Juridique
11338,2971,2024,7,2024-07-24,2024-07-26,3,Maternité/Paternité,Oui,Opérations
13838,1880,2022,9,2022-09-01,2022-09-21,21,Congé payé,Oui,Operations
11954,1744,2022,1,2022-01-20,2022-01-24,5,Congé payé,Oui,Direction
15957,2632,2024,12,2024-12-22,2025-01-03,13,Congé sans solde,Oui,Logistique
13131,3156,2023,9,2023-09-03,2023-09-13,11,Absence injustifiée,Non,Informatique
15513,2046,2022,10,2022-10-05,2022-10-23,19,Congé payé,Oui,Direction
11442,3061,2022,2,2022-02-05,2022-02-12,8,Formation,Oui,R&D
10750,2404,2022,8,2022-08-17,2022-08-25,9,Absence injustifiée,Non,R&D
14605,2115,2024,12,2024-12-08,2024-12-19,12,Absence injustifiée,Non,Juridique
14306,2909,2024,8,2024-08-06,2024-08-17,12,Accident du travail,Oui,RH
15785,1851,2022,4,2022-04-07,2022-04-21,15,Maladie,Oui,Direction
13238,2126,2024,5,2024-05-04,2024-05-13,10,Maternité/Paternité,Oui,Opérations
15870,2244,2023,12,2023-12-20,2023-12-27,8,paid leave,Oui,RH
13355,2495,2023,10,2023-10-27,2023-10-28,2,RTT,Oui,Juridique
12009,2058,2022,8,2022-08-21,2022-08-25,5,Enfant malade,Oui,Juridique
11642,2135,2024,6,2024-06-06,2024-06-18,13,Congé payé,Oui,Finance
11916,1402,2024,3,2024-03-20,2024-03-28,9,Congé payé,Oui,Logistique
10251,1496,2022,11,2022-11-10,2022-11-16,7,RTT,Oui,Finance
12094,1949,2022,11,2022-11-05,2022-11-24,20,paid leave,Oui,Marketing
15061,3123,2023,2,2023-02-19,2023-02-27,9,Congé payé,Oui,Commercial
11791,1266,2023,2,2023-02-25,2023-03-12,16,Formation,Oui,RH
12816,1015,2024,10,2024-10-12,2024-10-22,11,Formation,Oui,Logistique
11250,2781,2022,6,2022-06-14,2022-06-14,1,Maladie,Oui,Logistique
10619,1898,2023,6,2023-06-01,2023-06-20,20,Accident du travail,Oui,Opérations
10758,3321,2022,2,2022-02-25,2022-03-02,6,Maladie,Oui,Juridique
12601,3096,2024,6,2024-06-02,2024-06-17,16,paid leave,Oui,Logistique
14294,2595,2024,4,2024-04-19,2024-05-01,13,RTT,Oui,Opérations
15758,1862,2022,11,2022-11-18,2022-12-03,16,RTT,Oui,RH
14129,1340,2022,6,2022-06-14,2022-06-24,11,Enfant malade,Oui,RH
13002,3152,2022,8,2022-08-27,2022-08-31,5,RTT,Oui,Informatique
15641,1513,2023,9,2023-09-11,2023-09-30,20,Congé payé,Oui,Informatique
12638,1779,2024,1,2024-01-02,2024-01-17,16,RTT,Oui,R&D
13795,2502,2022,1,2022-01-13,2022-01-15,3,Accident du travail,Oui,RH
15554,3117,2022,9,2022-09-24,2022-09-28,5,Congé sans solde,Oui,Commercial
12856,2122,2023,9,2023-09-12,2023-09-13,2,Formation,Oui,Management
14103,3106,2024,2,2024-02-18,2024-02-26,9,Formation,Oui,R&D
14124,1934,2023,4,2023-04-21,2023-05-08,18,Congé payé,Oui,Direction
14130,2295,2023,7,2023-07-25,2023-08-11,18,Maladie,Oui,Informatique
15682,3295,2022,3,2022-03-26,2022-03-30,5,Congé payé,Oui,RH
14706,2442,2023,6,2023-06-02,2023-06-15,14,Congé payé,Oui,Logistique
12545,1712,2022,9,2022-09-21,2022-10-11,21,Congé sans solde,Oui,Juridique
14506,2314,2022,11,2022-11-27,2022-12-03,7,Congé payé,Oui,Finance
15434,2289,2024,11,2024-11-09,2024-11-10,2,Absence injustifiée,Non,Marketing
15861,3062,2022,2,2022-02-20,2022-03-06,15,Formation,Oui,Informatique
12236,2153,2022,12,2022-12-09,2022-12-17,9,Congé payé,Oui,Commercial
11571,1633,2024,12,2024-12-25,2024-12-31,7,Congé payé,Oui,Opérations
10665,2132,2023,6,2023-06-26,2023-07-09,14,Maladie,Oui,RH
14716,1311,2024,11,2024-11-06,2024-11-24,19,Congé sans solde,Oui,Opérations
14312,2448,2022,10,2022-10-10,2022-10-27,18,RTT,Oui,Logistique
13317,2765,2024,12,2024-12-05,2024-12-09,5,Maladie,Oui,RH
14770,3376,2023,7,2023-07-04,2023-07-22,19,Absence injustifiée,Non,Opérations
16094,2370,2023,3,2023-03-28,2023-03-30,3,paid leave,Oui,Informatique
14197,2239,2022,7,2022-07-20,2022-07-30,11,Maladie,Oui,Marketing
15803,2296,2022,5,2022-05-15,2022-06-03,20,Enfant malade,Oui,RH
15075,3321,2022,9,2022-09-06,2022-09-24,19,Maladie,Oui,Juridique
10485,1616,2023,8,2023-08-16,2023-08-24,9,Congé payé,Oui,Finance
13967,1533,2023,11,2023-11-17,2023-11-29,13,Enfant malade,Oui,Logistique
12339,1229,2022,3,2022-03-01,2022-03-04,4,Enfant malade,Oui,Informatique
14866,1051,2024,12,2024-12-07,2024-12-13,7,Accident du travail,Oui,Opérations
13495,1335,2024,12,2024-12-03,2024-12-18,16,Maladie,Oui,Sales
16059,1928,2023,3,2023-03-11,2023-03-16,6,Formation,Oui,Informatique
13780,1746,2023,10,2023-10-17,2023-11-01,16,Maladie,Oui,Finance
13096,1754,2023,9,2023-09-11,2023-09-13,3,sick leave,Oui,Finance
10348,1024,2023,6,2023-06-24,2023-07-13,20,Maladie,Oui,Juridique
10547,2625,2024,9,2024-09-11,2024-09-24,14,Formation,Oui,Commercial
14764,3321,2023,12,2023-12-26,2023-12-29,4,Congé payé,Oui,Juridique
12986,2243,2024,2,2024-02-11,2024-02-29,19,Formation,Oui,Direction
13766,2971,2024,2,2024-02-14,2024-03-03,19,Congé payé,Oui,Opérations
15217,1616,2024,8,2024-08-17,2024-08-23,7,Maladie,Oui,Finance
15451,1981,2024,9,2024-09-14,2024-09-28,15,Formation,Oui,Direction
13706,1662,2022,4,2022-04-13,2022-04-26,14,Congé sans solde,Oui,Direction
14900,3056,2023,7,2023-07-24,2023-08-05,13,paid leave,Oui,Marketing
11606,2091,2024,5,2024-05-16,2024-05-27,12,RTT,Oui,Direction
13749,3096,2024,4,2024-04-22,2024-04-27,6,RTT,Oui,Logistique
10763,2930,2022,12,2022-12-03,2022-12-17,15,Maladie,Oui,Logistique
11812,3149,2023,3,2023-03-28,2023-04-14,18,sick leave,Oui,Direction
10285,3149,2022,4,2022-04-22,2022-04-28,7,Absence injustifiée,Non,Direction
10003,2153,2022,6,2022-06-20,2022-06-17,-4,Maladie,Oui,Commercial
13835,1866,2022,1,2022-01-05,2022-01-19,15,paid leave,Oui,Informatique
11141,2765,2024,9,2024-09-25,2024-10-06,12,Maladie,Oui,RH
12561,2574,2024,1,2024-01-28,2024-01-30,3,Congé payé,Oui,Juridique
15815,2134,2022,10,2022-10-08,2022-10-14,7,Accident du travail,Oui,Direction
13801,2831,2024,7,2024-07-14,2024-07-26,13,sick leave,Oui,Logistique
13828,2772,2023,3,2023-03-07,2023-03-09,3,Congé sans solde,Oui,Marketing
13726,1393,2022,12,2022-12-02,2022-12-13,12,Absence injustifiée,Non,Logistique
12821,1194,2022,7,2022-07-02,2022-07-10,9,Maladie,Oui,R&D
13714,2761,2022,4,2022-04-15,2022-04-15,1,Congé sans solde,Oui,Informatique
10125,2810,2022,8,2022-08-07,2022-08-14,8,paid leave,Oui,RH
10186,1178,2022,1,2022-01-11,2022-01-26,16,Congé sans solde,Oui,Marketing
10321,1851,2023,8,2023-08-26,2023-08-30,5,Congé sans solde,Oui,Direction
10987,2874,2023,12,2023-12-19,2023-12-19,1,Congé payé,Oui,Commercial
10479,2442,2023,12,2023-12-13,2023-12-23,11,Congé sans solde,Oui,Logistique
14587,1327,2023,12,2023-12-27,2024-01-06,11,RTT,Oui,RH
10731,1709,2023,10,2023-10-28,2023-11-03,7,Congé payé,Oui,R&D
11693,1044,2024,1,2024-01-13,2024-01-19,7,Congé payé,Oui,Marketing
10833,2060,2022,5,2022-05-27,2022-06-04,9,Congé payé,Oui,Logistique
11543,2219,2024,8,2024-08-27,2024-09-09,14,Congé payé,Oui,R&D
10630,2438,2022,6,2022-06-22,2022-06-29,8,Accident du travail,Oui,Informatique
11368,1735,2023,7,2023-07-13,2023-07-26,14,paid leave,Oui,Juridique
14008,1290,2023,11,2023-11-01,2023-11-01,1,Congé payé,Oui,Informatique
13903,1412,2023,1,2023-01-13,2023-01-31,19,Congé sans solde,Oui,Opérations
14290,1981,2022,12,2022-12-19,2022-12-24,6,RTT,Oui,Direction
11236,3129,2022,6,2022-06-08,2022-06-28,21,Congé payé,Oui,Marketing
14314,3293,2023,5,2023-05-07,2023-05-07,1,Maladie,Oui,Finance
10525,3136,2024,9,2024-09-22,2024-10-05,14,Congé sans solde,Oui,Finance
13639,2136,2024,2,2024-02-16,2024-02-23,8,Maternité/Paternité,Oui,Juridique
11133,1300,2022,6,2022-06-25,2022-06-26,2,paid leave,Oui,Commercial
11103,3274,2023,11,2023-11-23,2023-11-30,8,Maladie,Oui,Marketing
15595,2400,2022,1,2022-01-15,2022-01-29,15,Maladie,Oui,Finance
10429,2630,2023,3,2023-03-11,2023-03-13,3,Congé payé,Oui,Finance
13409,3028,2022,4,2022-04-05,2022-04-05,1,sick leave,Oui,Finance
16106,2632,2024,6,2024-06-18,2024-06-21,5,sick leave,Oui,Logistique
12766,2781,2024,4,2024-04-21,2024-05-07,17,Congé payé,Oui,Logistique
14278,3076,2023,10,2023-10-15,2023-11-03,20,Accident du travail,Oui,Commercial
13975,2844,2024,10,2024-10-14,2024-10-16,3,Maladie,Oui,Commercial
15405,3398,2023,8,2023-08-24,2023-09-04,12,Formation,Oui,Informatique
10341,2764,2023,9,2023-09-09,2023-09-20,12,Formation,Oui,Opérations
13497,2191,2022,6,2022-06-03,2022-06-09,7,Maladie,Oui,R&D
12572,2171,2022,4,2022-04-27,2022-05-07,11,Absence injustifiée,Non,Juridique
11374,1191,2023,12,2023-12-24,2024-01-05,13,paid leave,Oui,R&D
11734,2574,2022,4,2022-04-15,2022-05-05,21,Formation,Oui,Juridique
13099,2155,2023,1,2023-01-03,2023-01-18,16,Formation,Oui,Informatique
11069,1761,2023,8,2023-08-02,2023-08-12,11,Maladie,Oui,Logistique
14937,1996,2023,6,2023-06-23,2023-07-08,16,Formation,Oui,Marketing
14352,3076,2024,6,2024-06-26,2024-06-27,2,Absence injustifiée,Non,Commercial
10301,1015,2024,5,2024-05-18,2024-05-20,3,Congé payé,Oui,Logistique
12923,3047,2022,3,2022-03-24,2022-03-30,7,Maladie,Oui,Juridique
12725,1756,2023,7,2023-07-02,2023-07-17,16,Maternité/Paternité,Oui,Finance
10249,2068,2023,8,2023-08-23,2023-09-07,16,paid leave,Oui,R&D
10338,1320,2023,8,2023-08-13,2023-08-29,17,Absence injustifiée,Non,Commercial
10006,2333,2023,9,2023-09-04,2023-08-25,-11,RTT,Oui,Marketing
10698,3293,2024,1,2024-01-13,2024-01-29,17,Enfant malade,Oui,Finance
13080,3274,2023,6,2023-06-03,2023-06-08,6,Congé payé,Oui,Marketing
10269,1744,2023,8,2023-08-12,2023-08-24,13,Maladie,Oui,Direction
10921,2448,2024,1,2024-01-02,2024-01-11,10,Maladie,Oui,Logistique
14874,1626,2022,12,2022-12-16,2022-12-25,10,Formation,Oui,Commercial
15667,2134,2023,3,2023-03-25,2023-04-11,18,Enfant malade,Oui,Direction
15518,2046,2022,10,2022-10-05,2022-10-22,18,Congé payé,Oui,Direction
13221,1976,2024,2,2024-02-24,2024-02-28,5,Accident du travail,Oui,Marketing
10667,1217,2023,3,2023-03-06,2023-03-24,19,Enfant malade,Oui,Direction
15773,3096,2023,7,2023-07-03,2023-07-17,15,Accident du travail,Oui,Logistique
10401,3289,2023,12,2023-12-17,2024-01-02,17,Congé payé,Oui,Marketing
12704,1331,2023,8,2023-08-13,2023-08-17,5,Congé payé,Oui,Juridique
14597,3223,2022,12,2022-12-26,2023-01-10,16,Congé sans solde,Oui,Finance
11480,1775,2022,9,2022-09-04,2022-09-14,11,Enfant malade,Oui,R&D
10078,3281,2022,3,2022-03-25,2022-04-08,-15,Absence injustifiée,Non,Finance
13334,2565,2024,3,2024-03-19,2024-04-01,14,Maladie,Oui,Informatique
16135,2414,2024,7,2024-07-10,2024-07-11,2,RTT,Oui,Finance
10445,2135,2022,11,2022-11-24,2022-12-14,21,RTT,Oui,Finance
14877,3148,2024,12,2024-12-11,2024-12-19,9,Maternité/Paternité,Oui,R&D
14534,1191,2024,12,2024-12-14,2024-12-30,17,Absence injustifiée,Non,R&D
12097,2909,2024,8,2024-08-17,2024-08-30,14,paid leave,Oui,RH
15299,1333,2022,11,2022-11-25,2022-12-01,7,paid leave,Oui,R&D
12318,2426,2024,5,2024-05-12,2024-05-13,2,Maladie,Oui,Finance
11658,2191,2023,6,2023-06-27,2023-07-10,14,Formation,Oui,R&D
14489,1898,2023,12,2023-12-22,2023-12-28,7,Maladie,Oui,Opérations
14890,2573,2022,1,2022-01-09,2022-01-13,5,Congé sans solde,Oui,RH
11987,1921,2023,9,2023-09-19,2023-10-07,19,Formation,Oui,Opérations
14419,1742,2023,2,2023-02-22,2023-02-24,3,Accident du travail,Oui,Informatique
13839,1927,2022,3,2022-03-28,2022-04-09,13,sick leave,Oui,Informatique
16087,1673,2024,7,2024-07-19,2024-07-29,11,Maladie,Oui,Direction
12973,2677,2024,7,2024-07-11,2024-07-11,1,Formation,Oui,Informatique
15448,2060,2024,10,2024-10-08,2024-10-23,16,Accident du travail,Oui,Logistique
11205,1761,2024,8,2024-08-06,2024-08-24,19,Absence injustifiée,Non,Logistique
10147,3251,2022,4,2022-04-18,2022-04-21,4,Maladie,Oui,R&D
10991,3117,2022,9,2022-09-18,2022-10-01,14,RTT,Oui,Commercial
15039,2831,2023,10,2023-10-19,2023-10-24,6,Congé payé,Oui,Logistique
13463,2625,2023,8,2023-08-11,2023-08-20,10,Congé sans solde,Oui,Commercial
13586,1063,2024,6,2024-06-08,2024-06-19,12,RTT,Oui,Finance
14289,2196,2023,8,2023-08-05,2023-08-15,11,Formation,Oui,Commercial
15845,2617,2024,12,2024-12-06,2024-12-21,16,Maternité/Paternité,Oui,Opérations
13610,2126,2024,11,2024-11-22,2024-11-30,9,Maladie,Oui,Opérations
12041,3356,2024,12,2024-12-15,2024-12-21,7,Maladie,Oui,Finance
12055,1746,2022,3,2022-03-23,2022-04-05,14,paid leave,Oui,Finance
14892,2314,2023,5,2023-05-10,2023-05-21,12,RTT,Oui,Finance
14207,2058,2023,1,2023-01-23,2023-02-02,11,Maladie,Oui,Juridique
14318,1212,2023,5,2023-05-14,2023-05-20,7,RTT,Oui,R&D
11513,3024,2024,12,2024-12-08,2024-12-15,8,Congé sans solde,Oui,RH
10965,2705,2024,3,2024-03-17,2024-03-19,3,sick leave,Oui,Logistique
12256,1117,2022,6,2022-06-12,2022-06-29,18,Congé payé,Oui,Marketing
10280,1862,2022,2,2022-02-09,2022-03-01,21,Maladie,Oui,RH
15274,1178,2023,6,2023-06-19,2023-06-24,6,paid leave,Oui,Marketing
12116,2574,2024,11,2024-11-09,2024-11-19,11,Maladie,Oui,Juridique
12473,1068,2022,9,2022-09-22,2022-10-08,17,Accident du travail,Oui,Commercial
15086,2219,2023,9,2023-09-01,2023-09-14,14,paid leave,Oui,R&D
10205,2324,2023,9,2023-09-21,2023-10-01,11,Absence injustifiée,Non,Commercial
10353,1340,2024,2,2024-02-05,2024-02-21,17,Maladie,Oui,RH
10589,3341,2023,6,2023-06-05,2023-06-23,19,Enfant malade,Oui,RH
12204,2673,2022,8,2022-08-03,2022-08-16,14,RTT,Oui,Logistique
14565,2081,2024,2,2024-02-22,2024-02-24,3,Congé payé,Oui,Finance
15121,1779,2022,5,2022-05-22,2022-05-26,5,sick leave,Oui,R&D
14552,1117,2023,7,2023-07-20,2023-08-05,17,paid leave,Oui,Marketing
12767,3176,2022,11,2022-11-20,2022-11-20,1,Congé sans solde,Oui,Finance
11624,1217,2023,3,2023-03-25,2023-04-06,13,Enfant malade,Oui,Direction
10235,2977,2022,10,2022-10-03,2022-10-21,19,Absence injustifiée,Non,Commercial
13316,2765,2024,5,2024-05-07,2024-05-21,15,RTT,Oui,RH
12716,2865,2022,3,2022-03-10,2022-03-22,13,Enfant malade,Oui,Marketing
14349,2754,2022,1,2022-01-19,2022-01-31,13,Enfant malade,Oui,Opérations
14087,3129,2022,8,2022-08-13,2022-08-31,19,Accident du travail,Oui,Marketing
13264,1300,2024,10,2024-10-05,2024-10-09,5,paid leave,Oui,Commercial
13191,1767,2022,6,2022-06-27,2022-07-03,7,Absence injustifiée,Non,Informatique
15374,2625,2023,8,2023-08-12,2023-08-31,20,Congé payé,Oui,Commercial
15132,2453,2024,11,2024-11-24,2024-11-24,1,Maladie,Oui,RH
15497,1371,2024,6,2024-06-24,2024-07-08,15,RTT,Oui,Commercial
12325,1904,2023,8,2023-08-07,2023-08-08,2,Congé payé,Oui,Marketing
10010,2971,2023,8,2023-08-28,2023-08-22,-7,Formation,Oui,Opérations
14045,2254,2022,4,2022-04-10,2022-04-15,6,Congé sans solde,Oui,R&D
15546,1749,2023,1,2023-01-11,2023-01-30,20,Enfant malade,Oui,Logistique
10364,3333,2022,12,2022-12-09,2022-12-09,1,Maladie,Oui,Juridique
11440,1470,2023,3,2023-03-11,2023-03-26,16,Formation,Oui,RH
10895,1488,2024,4,2024-04-07,2024-04-27,21,Maladie,Oui,Finance
12125,3148,2024,4,2024-04-06,2024-04-20,15,Enfant malade,Oui,R&D
11773,2613,2024,7,2024-07-21,2024-08-05,16,RTT,Oui,Marketing
15173,1561,2022,12,2022-12-17,2022-12-19,3,Accident du travail,Oui,Legal
12832,2262,2022,6,2022-06-11,2022-06-26,16,RTT,Oui,Commercial
15263,2115,2022,7,2022-07-14,2022-07-27,14,RTT,Oui,Juridique
10100,2656,2024,12,2024-12-08,2024-12-14,7,Absence injustifiée,Non,Commercial
10481,1421,2022,2,2022-02-01,2022-02-12,12,Maladie,Oui,Finance
15073,2406,2024,7,2024-07-23,2024-07-30,8,Accident du travail,Oui,Finance
13429,1576,2024,4,2024-04-08,2024-04-13,6,paid leave,Oui,Juridique
14886,2527,2024,12,2024-12-27,2025-01-15,20,Congé payé,Oui,Opérations
10120,3136,2024,7,2024-07-09,2024-07-27,19,Enfant malade,Oui,Finance
10628,2930,2022,6,2022-06-11,2022-06-20,10,Congé payé,Oui,Logistique
11376,2414,2022,11,2022-11-16,2022-11-21,6,Maternité/Paternité,Oui,Finance
11867,3065,2023,6,2023-06-07,2023-06-12,6,Absence injustifiée,Non,RH
11745,2988,2023,12,2023-12-12,2023-12-19,8,sick leave,Oui,RH
11696,2556,2024,8,2024-08-17,2024-09-06,21,Maladie,Oui,Direction
14156,1934,2024,5,2024-05-16,2024-05-22,7,RTT,Oui,Direction
13023,1533,2022,8,2022-08-15,2022-08-23,9,Maladie,Oui,Logistique
12848,2502,2024,8,2024-08-13,2024-08-20,8,RTT,Oui,RH
15069,2018,2023,10,2023-10-04,2023-10-24,21,RTT,Oui,Direction
11541,2009,2022,11,2022-11-22,2022-12-10,19,Congé payé,Oui,Finance
10675,3065,2024,2,2024-02-08,2024-02-23,16,Congé payé,Oui,RH
10302,1746,2022,10,2022-10-04,2022-10-11,8,Enfant malade,Oui,Finance
11746,1957,2023,7,2023-07-25,2023-08-03,10,Congé payé,Oui,Finance
12182,2445,2024,4,2024-04-02,2024-04-20,19,Enfant malade,Oui,Logistique
14044,2244,2024,5,2024-05-20,2024-06-01,13,Maladie,Oui,RH
13184,2909,2023,10,2023-10-11,2023-10-30,20,Congé payé,Oui,RH
15079,2262,2024,3,2024-03-22,2024-04-03,13,Formation,Oui,Commercial
15085,2813,2024,1,2024-01-01,2024-01-21,21,Congé payé,Oui,Finance
15300,2525,2024,8,2024-08-03,2024-08-10,8,Absence injustifiée,Non,Operations
11682,3111,2023,12,2023-12-08,2023-12-19,12,paid leave,Oui,Opérations
12729,2140,2022,6,2022-06-26,2022-07-03,8,RTT,Oui,R&D
13436,3061,2024,9,2024-09-06,2024-09-16,11,RTT,Oui,R&D
14135,1866,2024,9,2024-09-23,2024-10-03,11,sick leave,Oui,Informatique
10928,2527,2022,12,2022-12-17,2022-12-23,7,Congé payé,Oui,Opérations
15175,2822,2024,5,2024-05-28,2024-06-08,12,Formation,Oui,Marketing
14416,1449,2022,2,2022-02-19,2022-03-05,15,Absence injustifiée,Non,Juridique
11909,2822,2022,12,2022-12-17,2022-12-22,6,paid leave,Oui,Marketing
15871,2235,2024,8,2024-08-26,2024-08-31,6,RTT,Oui,Informatique
10094,2370,2023,9,2023-09-13,2023-09-14,2,Maternité/Paternité,Oui,Informatique
15169,1256,2023,12,2023-12-16,2024-01-02,18,Maternité/Paternité,Oui,Logistique
15450,1928,2022,2,2022-02-25,2022-02-27,3,Enfant malade,Oui,Informatique
14279,1374,2024,5,2024-05-07,2024-05-15,9,Congé payé,Oui,Marketing
15432,1501,2022,5,2022-05-20,2022-06-03,15,sick leave,Oui,R&D
13392,1770,2024,8,2024-08-06,2024-08-22,17,Maladie,Oui,R&D
15547,2038,2022,1,2022-01-13,2022-01-18,6,Absence injustifiée,Non,Informatique
13833,1877,2023,2,2023-02-02,2023-02-22,21,Maladie,Oui,R&D
11286,2617,2023,4,2023-04-17,2023-05-05,19,Enfant malade,Oui,Opérations
10531,2810,2022,3,2022-03-09,2022-03-27,19,Accident du travail,Oui,RH
11300,1290,2024,7,2024-07-26,2024-07-30,5,sick leave,Oui,Informatique
11015,2605,2023,3,2023-03-11,2023-03-19,9,paid leave,Oui,Commercial
14998,2157,2022,4,2022-04-03,2022-04-07,5,Maladie,Oui,Logistique
14771,3362,2023,10,2023-10-26,2023-10-28,3,Congé payé,Oui,Marketing
13681,2354,2022,2,2022-02-26,2022-03-17,20,Formation,Oui,Marketing
15929,1635,2024,12,2024-12-26,2025-01-09,15,Accident du travail,Oui,Informatique
15827,2535,2024,2,2024-02-01,2024-02-16,16,Congé payé,Oui,Direction
10218,1412,2024,11,2024-11-25,2024-12-14,20,Enfant malade,Oui,Opérations
12904,2061,2023,4,2023-04-17,2023-04-21,5,Maladie,Oui,Direction
12950,1444,2023,11,2023-11-24,2023-11-24,1,sick leave,Oui,Commercial
13235,3341,2022,2,2022-02-14,2022-02-28,15,Enfant malade,Oui,RH
15543,1957,2024,2,2024-02-01,2024-02-10,10,Maternité/Paternité,Oui,Finance
11721,2930,2023,4,2023-04-12,2023-04-13,2,Congé payé,Oui,Logistique
10622,1178,2022,1,2022-01-20,2022-01-20,1,sick leave,Oui,Marketing
11577,1523,2022,2,2022-02-28,2022-03-19,20,Maternité/Paternité,Oui,Marketing
11615,2712,2024,1,2024-01-24,2024-01-30,7,Congé payé,Oui,Logistique
10339,1331,2023,3,2023-03-25,2023-03-27,3,Maternité/Paternité,Oui,Juridique
12020,2605,2024,10,2024-10-13,2024-10-13,1,Maladie,Oui,Commercial
10727,1256,2023,1,2023-01-02,2023-01-21,20,Maternité/Paternité,Oui,Logistique
10542,2595,2022,3,2022-03-23,2022-04-01,10,Congé payé,Oui,Opérations
14864,1959,2024,1,2024-01-20,2024-01-22,3,Maladie,Oui,Commercial
15749,2354,2024,10,2024-10-10,2024-10-24,15,Maladie,Oui,Marketing
15734,1544,2022,11,2022-11-08,2022-11-21,14,RTT,Oui,Direction
12529,2015,2022,9,2022-09-24,2022-10-10,17,Congé payé,Oui,RH
10509,1320,2022,4,2022-04-01,2022-04-18,18,Maladie,Oui,Commercial
14844,1937,2023,9,2023-09-24,2023-10-11,18,Absence injustifiée,Non,Informatique
14590,1427,2024,7,2024-07-26,2024-08-11,17,paid leave,Oui,Legal
14630,1393,2024,11,2024-11-18,2024-11-25,8,Maternité/Paternité,Oui,Logistique
14366,2772,2024,12,2024-12-10,2024-12-15,6,Congé payé,Oui,Marketing
11259,2945,2024,7,2024-07-03,2024-07-13,11,Congé payé,Oui,R&D
14656,1921,2024,10,2024-10-20,2024-11-08,20,Maladie,Oui,Opérations
12567,3316,2022,4,2022-04-07,2022-04-09,3,RTT,Oui,RH
13175,2191,2024,1,2024-01-04,2024-01-15,12,Maladie,Oui,R&D
11560,3371,2023,3,2023-03-15,2023-03-22,8,Maternité/Paternité,Oui,Direction
12908,2556,2024,3,2024-03-07,2024-03-17,11,Maladie,Oui,Direction
14999,1679,2024,4,2024-04-02,2024-04-19,18,Maternité/Paternité,Oui,Finance
12776,1366,2024,8,2024-08-09,2024-08-27,19,Formation,Oui,Commercial
11656,1093,2022,9,2022-09-08,2022-09-10,3,Maladie,Oui,Juridique
14493,1734,2024,6,2024-06-04,2024-06-06,3,Maladie,Oui,Commercial
13480,3356,2022,10,2022-10-19,2022-11-02,15,Congé payé,Oui,Finance
12837,1928,2022,8,2022-08-28,2022-09-03,7,Congé payé,Oui,Informatique
12807,1371,2022,1,2022-01-02,2022-01-03,2,Congé payé,Oui,Commercial
15893,1273,2023,9,2023-09-26,2023-10-14,19,Absence injustifiée,Non,Informatique
12160,2193,2024,2,2024-02-28,2024-03-10,12,sick leave,Oui,Marketing
15201,1275,2024,5,2024-05-17,2024-05-20,4,RTT,Oui,Logistique
13425,1488,2024,2,2024-02-22,2024-03-11,19,Maladie,Oui,Finance
11231,2503,2024,1,2024-01-13,2024-01-16,4,RTT,Oui,Informatique
14936,1983,2023,2,2023-02-24,2023-02-28,5,Maladie,Oui,Finance
13692,3315,2022,5,2022-05-09,2022-05-24,16,Maternité/Paternité,Oui,Commercial
11062,2129,2023,1,2023-01-22,2023-02-04,14,Maladie,Oui,Informatique
10748,3263,2022,9,2022-09-09,2022-09-25,17,RTT,Oui,Informatique
14436,1635,2024,5,2024-05-24,2024-06-13,21,Maladie,Oui,Informatique
14832,3341,2023,10,2023-10-22,2023-10-22,1,Congé payé,Oui,RH
10150,2625,2024,2,2024-02-17,2024-02-25,9,Congé sans solde,Oui,Commercial
13273,1616,2022,2,2022-02-20,2022-03-01,10,paid leave,Oui,Finance
13705,1333,2023,8,2023-08-12,2023-08-14,3,Maladie,Oui,R&D
13537,1177,2022,1,2022-01-03,2022-01-03,1,Congé payé,Oui,RH
11910,1467,2023,2,2023-02-26,2023-03-01,4,RTT,Oui,Logistique
10521,1275,2024,5,2024-05-13,2024-05-17,5,Congé payé,Oui,Logistique
10257,1754,2022,10,2022-10-09,2022-10-15,7,Accident du travail,Oui,Finance
14734,2865,2022,8,2022-08-26,2022-08-28,3,Maladie,Oui,Marketing
11083,1924,2022,11,2022-11-19,2022-11-27,9,Congé payé,Oui,Informatique
12119,1403,2023,5,2023-05-21,2023-05-25,5,Congé payé,Oui,Opérations
14688,3096,2023,11,2023-11-21,2023-12-08,18,Maladie,Oui,Logistique
13859,2317,2022,12,2022-12-14,2023-01-02,20,Congé payé,Oui,Opérations
11130,1425,2024,3,2024-03-02,2024-03-18,17,Congé sans solde,Oui,Juridique
15890,1843,2024,2,2024-02-07,2024-02-22,16,RTT,Oui,Opérations
11619,1843,2023,10,2023-10-14,2023-10-22,9,Maladie,Oui,Opérations
14517,3148,2024,11,2024-11-05,2024-11-25,21,Congé sans solde,Oui,R&D
15791,2393,2024,3,2024-03-18,2024-03-28,11,RTT,Oui,Logistique
15332,2254,2024,7,2024-07-12,2024-07-22,11,RTT,Oui,R&D
11206,1117,2024,3,2024-03-06,2024-03-23,18,RTT,Oui,Marketing
14311,1957,2022,6,2022-06-03,2022-06-22,20,Absence injustifiée,Non,Finance
12547,1679,2022,2,2022-02-07,2022-02-25,19,Accident du travail,Oui,Finance
15981,3187,2024,5,2024-05-07,2024-05-16,10,RTT,Oui,Juridique
13439,3123,2024,10,2024-10-24,2024-11-01,9,RTT,Oui,Commercial
11724,2217,2022,3,2022-03-08,2022-03-13,6,Maladie,Oui,Commercial
15116,2393,2022,6,2022-06-14,2022-07-03,20,RTT,Oui,Logistique
13964,3056,2024,5,2024-05-14,2024-05-16,3,Maladie,Oui,Marketing
13339,1749,2024,8,2024-08-09,2024-08-28,20,RTT,Oui,Logistique
14572,2715,2022,4,2022-04-06,2022-04-11,6,Absence injustifiée,Non,Direction
13143,2469,2024,3,2024-03-11,2024-03-25,15,Congé sans solde,Oui,Logistique
12533,1051,2022,9,2022-09-25,2022-10-10,16,Absence injustifiée,Non,Opérations
11257,2122,2022,10,2022-10-16,2022-10-29,14,Congé payé,Oui,Management
15260,1663,2022,4,2022-04-21,2022-04-23,3,Formation,Oui,Opérations
10803,1756,2024,5,2024-05-13,2024-05-20,8,Congé payé,Oui,Finance
10843,2330,2024,2,2024-02-02,2024-02-13,12,Accident du travail,Oui,RH
10281,1177,2022,1,2022-01-06,2022-01-11,6,RTT,Oui,RH
13934,2010,2023,1,2023-01-23,2023-02-07,16,RTT,Oui,Informatique
13877,2632,2022,3,2022-03-01,2022-03-21,21,Congé payé,Oui,Logistique
13721,2038,2023,3,2023-03-09,2023-03-22,14,Absence injustifiée,Non,Informatique
15643,3117,2024,4,2024-04-04,2024-04-04,1,Congé payé,Oui,Commercial
12147,2129,2023,4,2023-04-04,2023-04-23,20,Maladie,Oui,Informatique
16111,2295,2024,4,2024-04-22,2024-05-07,17,paid leave,Oui,Informatique
14731,1044,2023,8,2023-08-02,2023-08-04,3,Maladie,Oui,Marketing
14393,1966,2022,4,2022-04-06,2022-04-25,20,Maladie,Oui,Logistique
13435,1106,2023,5,2023-05-28,2023-06-03,7,Maternité/Paternité,Oui,Marketing
12161,1024,2024,11,2024-11-14,2024-11-30,17,RTT,Oui,Juridique
10222,2038,2023,7,2023-07-08,2023-07-26,19,sick leave,Oui,Informatique
13498,2036,2022,10,2022-10-23,2022-11-03,12,Maladie,Oui,Informatique
10300,1742,2024,9,2024-09-17,2024-09-29,13,Enfant malade,Oui,Informatique
10648,2426,2022,8,2022-08-21,2022-08-25,5,Congé payé,Oui,Finance
11595,2911,2022,8,2022-08-08,2022-08-23,16,Accident du travail,Oui,Direction
15555,2138,2024,3,2024-03-07,2024-03-08,2,Enfant malade,Oui,Direction
10920,2321,2022,11,2022-11-11,2022-11-12,2,Congé payé,Oui,Informatique
10084,2690,2023,6,2023-06-11,2023-06-28,-18,Maternité/Paternité,Oui,Commercial
15821,2806,2024,12,2024-12-01,2024-12-10,10,Maladie,Oui,Direction
15534,1599,2024,8,2024-08-10,2024-08-24,15,Maternité/Paternité,Oui,Commercial
15836,1862,2023,1,2023-01-03,2023-01-08,6,Maladie,Oui,RH
14920,3341,2024,4,2024-04-11,2024-04-24,14,Congé payé,Oui,RH
12660,2406,2023,1,2023-01-01,2023-01-01,1,Congé payé,Oui,Finance
13643,1752,2023,5,2023-05-13,2023-05-18,6,Maladie,Oui,Juridique
15731,3318,2024,2,2024-02-24,2024-02-25,2,Maladie,Oui,Juridique
10004,2136,2024,5,2024-05-27,2024-05-25,-3,Maladie,Oui,Juridique
12642,1229,2022,3,2022-03-28,2022-04-06,10,Enfant malade,Oui,Informatique
12180,2038,2023,3,2023-03-18,2023-04-06,20,Maladie,Oui,Informatique
15895,1333,2023,1,2023-01-11,2023-01-12,2,Maladie,Oui,R&D
12860,2009,2022,6,2022-06-24,2022-07-05,12,Maternité/Paternité,Oui,Finance
14067,2976,2024,1,2024-01-10,2024-01-26,17,sick leave,Oui,RH
13032,3256,2023,2,2023-02-11,2023-02-18,8,Formation,Oui,Opérations
10528,3056,2024,3,2024-03-14,2024-03-23,10,Maladie,Oui,Marketing
10950,2183,2024,7,2024-07-08,2024-07-22,15,Maladie,Oui,Direction
11012,2414,2022,12,2022-12-22,2022-12-23,2,Congé sans solde,Oui,Finance
12803,1976,2023,6,2023-06-05,2023-06-15,11,Absence injustifiée,Non,Marketing
11240,1445,2024,2,2024-02-08,2024-02-24,17,Maladie,Oui,Informatique
15109,1949,2022,11,2022-11-26,2022-12-13,18,Maternité/Paternité,Oui,Marketing
12284,1712,2024,9,2024-09-25,2024-10-11,17,Enfant malade,Oui,Juridique
15755,2189,2024,10,2024-10-02,2024-10-14,13,sick leave,Oui,RH
11123,1881,2024,1,2024-01-12,2024-02-01,21,Maladie,Oui,Direction
12128,1296,2024,1,2024-01-09,2024-01-24,16,Maladie,Oui,Juridique
10723,1501,2023,2,2023-02-12,2023-02-14,3,RTT,Oui,R&D
11989,1769,2024,3,2024-03-22,2024-04-02,12,Congé payé,Oui,Opérations
10264,1225,2022,2,2022-02-28,2022-03-16,17,Maladie,Oui,R&D
11904,1754,2022,6,2022-06-09,2022-06-25,17,RTT,Oui,Finance
10050,2040,2023,10,2023-10-15,2023-10-11,-5,Congé payé,Oui,Opérations
10009,3356,2022,7,2022-07-03,2022-06-28,-6,Formation,Oui,Finance
14019,2527,2024,4,2024-04-16,2024-04-27,12,Congé sans solde,Oui,Opérations
12248,2879,2022,1,2022-01-14,2022-01-22,9,RTT,Oui,Finance
12659,1709,2023,10,2023-10-27,2023-11-13,18,Congé payé,Oui,R&D
13558,1779,2022,10,2022-10-06,2022-10-25,20,RTT,Oui,R&D
13922,1501,2022,7,2022-07-28,2022-08-10,14,RTT,Oui,R&D
11625,1996,2022,2,2022-02-13,2022-02-16,4,RTT,Oui,Marketing
11521,1596,2022,11,2022-11-19,2022-12-01,13,Congé payé,Oui,R&D
15154,1482,2023,12,2023-12-27,2024-01-07,12,Congé payé,Oui,Juridique
13699,1425,2022,9,2022-09-07,2022-09-09,3,Maladie,Oui,Juridique
13711,1366,2022,4,2022-04-14,2022-04-20,7,paid leave,Oui,Commercial
11824,3341,2022,6,2022-06-12,2022-06-21,10,Formation,Oui,RH
10663,2077,2022,9,2022-09-12,2022-09-15,4,paid leave,Oui,Logistique
11237,1402,2022,11,2022-11-21,2022-11-24,4,Absence injustifiée,Non,Logistique
11837,2772,2022,8,2022-08-14,2022-08-23,10,Formation,Oui,Marketing
15804,3263,2024,6,2024-06-10,2024-06-21,12,Maladie,Oui,Informatique
11255,3179,2022,8,2022-08-26,2022-09-01,7,Formation,Oui,Direction
13451,2036,2023,10,2023-10-25,2023-11-05,12,Maternité/Paternité,Oui,Informatique
14337,2764,2023,8,2023-08-22,2023-08-31,10,Enfant malade,Oui,Opérations
11886,1655,2022,8,2022-08-02,2022-08-03,2,Maladie,Oui,Commercial
10241,2605,2024,3,2024-03-02,2024-03-06,5,Formation,Oui,Commercial
14779,2040,2023,9,2023-09-06,2023-09-23,18,Congé payé,Oui,Opérations
12799,1138,2022,3,2022-03-07,2022-03-07,1,RTT,Oui,Juridique
13554,1191,2024,10,2024-10-06,2024-10-09,4,Congé payé,Oui,R&D
12798,1421,2022,5,2022-05-25,2022-05-29,5,Maladie,Oui,Finance
14221,2503,2022,9,2022-09-07,2022-09-20,14,paid leave,Oui,Informatique
15146,2132,2022,10,2022-10-25,2022-11-02,9,Enfant malade,Oui,RH
10603,1934,2024,8,2024-08-07,2024-08-20,14,paid leave,Oui,Direction
14871,1673,2023,8,2023-08-04,2023-08-05,2,Congé payé,Oui,Direction
11404,1684,2024,3,2024-03-05,2024-03-12,8,Congé sans solde,Oui,R&D
11817,1371,2023,7,2023-07-28,2023-08-15,19,paid leave,Oui,Commercial
12920,3015,2022,1,2022-01-19,2022-02-08,21,Formation,Oui,Commercial
12267,1691,2024,8,2024-08-26,2024-09-07,13,Formation,Oui,Opérations
10976,1485,2024,11,2024-11-11,2024-11-12,2,Maternité/Paternité,Oui,Direction
11109,2776,2022,11,2022-11-01,2022-11-17,17,RTT,Oui,Juridique
15181,2036,2024,7,2024-07-04,2024-07-10,7,paid leave,Oui,Informatique
15884,1561,2022,3,2022-03-01,2022-03-11,11,Formation,Oui,Legal
16013,2153,2022,1,2022-01-23,2022-02-03,12,sick leave,Oui,Commercial
15411,2949,2023,11,2023-11-19,2023-11-19,1,Accident du travail,Oui,Opérations
14819,2242,2023,1,2023-01-08,2023-01-13,6,Congé payé,Oui,Commercial
12368,2126,2022,8,2022-08-20,2022-08-21,2,Congé sans solde,Oui,Opérations
15817,1743,2023,10,2023-10-05,2023-10-16,12,Maternité/Paternité,Oui,Marketing
10483,3024,2023,11,2023-11-10,2023-11-30,21,RTT,Oui,RH
13562,1449,2024,12,2024-12-27,2025-01-01,6,Congé sans solde,Oui,Juridique
15616,2495,2024,8,2024-08-01,2024-08-09,9,Congé sans solde,Oui,Juridique
10064,2406,2023,7,2023-07-20,2023-07-31,-12,Congé sans solde,Oui,Finance
11754,2097,2022,4,2022-04-16,2022-05-01,16,Maladie,Oui,Logistique
11809,2262,2023,10,2023-10-16,2023-10-22,7,sick leave,Oui,Commercial
10632,1756,2023,12,2023-12-02,2023-12-06,5,Maladie,Oui,Finance
16034,1296,2023,9,2023-09-26,2023-10-07,12,Congé payé,Oui,Juridique
10657,1877,2023,3,2023-03-18,2023-03-27,10,sick leave,Oui,R&D
13560,2015,2022,5,2022-05-16,2022-05-27,12,Accident du travail,Oui,RH
10901,2243,2024,8,2024-08-14,2024-08-19,6,Congé payé,Oui,Direction
10569,1450,2023,6,2023-06-14,2023-07-01,18,Maternité/Paternité,Oui,Finance
11226,1662,2022,12,2022-12-12,2022-12-21,10,Maternité/Paternité,Oui,Direction
11594,1548,2023,9,2023-09-26,2023-10-01,6,Congé payé,Oui,Commercial
12675,1228,2023,8,2023-08-07,2023-08-27,21,sick leave,Oui,Informatique
14519,1212,2023,2,2023-02-03,2023-02-20,18,sick leave,Oui,R&D
13013,2322,2024,10,2024-10-02,2024-10-19,18,Accident du travail,Oui,RH
10486,2653,2024,4,2024-04-11,2024-04-19,9,Accident du travail,Oui,Finance
14863,3271,2024,4,2024-04-01,2024-04-10,10,Formation,Oui,Finance
15221,1212,2023,12,2023-12-05,2023-12-10,6,Congé payé,Oui,R&D
14132,1959,2024,6,2024-06-18,2024-07-06,19,Congé sans solde,Oui,Commercial
11092,1673,2024,7,2024-07-06,2024-07-23,18,Absence injustifiée,Non,Direction
15823,3000,2022,11,2022-11-27,2022-11-30,4,Maladie,Oui,Opérations
10261,2976,2022,1,2022-01-26,2022-01-28,3,Maladie,Oui,RH
11431,2219,2022,5,2022-05-12,2022-05-30,19,paid leave,Oui,R&D
10463,2523,2024,3,2024-03-13,2024-03-17,5,Congé sans solde,Oui,Marketing
15419,1937,2022,6,2022-06-27,2022-06-28,2,Maladie,Oui,Informatique
11234,1681,2022,3,2022-03-05,2022-03-06,2,Absence injustifiée,Non,Logistique
11180,2653,2023,9,2023-09-28,2023-10-16,19,Congé payé,Oui,Finance
11475,2061,2024,1,2024-01-12,2024-01-18,7,Enfant malade,Oui,Direction
10743,1255,2022,1,2022-01-20,2022-02-07,19,RTT,Oui,R&D
12011,2956,2024,10,2024-10-14,2024-10-27,14,Accident du travail,Oui,Informatique
11455,3106,2023,6,2023-06-27,2023-07-15,19,Maladie,Oui,R&D
10974,2765,2024,5,2024-05-24,2024-06-03,11,Congé payé,Oui,RH
13658,2344,2023,6,2023-06-04,2023-06-13,10,RTT,Oui,R&D
13132,3149,2023,3,2023-03-03,2023-03-18,16,Accident du travail,Oui,Direction
15209,1015,2022,9,2022-09-15,2022-10-04,20,paid leave,Oui,Logistique
13431,3293,2022,6,2022-06-21,2022-07-04,14,Accident du travail,Oui,Finance
12987,2218,2022,6,2022-06-09,2022-06-29,21,Accident du travail,Oui,Logistique
15971,1044,2023,10,2023-10-20,2023-11-06,18,Maladie,Oui,Marketing
12802,2150,2023,7,2023-07-12,2023-07-26,15,Congé sans solde,Oui,Finance
11872,2219,2022,3,2022-03-28,2022-04-13,17,Absence injustifiée,Non,R&D
11802,2844,2024,12,2024-12-06,2024-12-24,19,sick leave,Oui,Commercial
12142,1746,2023,6,2023-06-21,2023-06-22,2,Congé payé,Oui,Finance
13295,3327,2022,8,2022-08-20,2022-08-26,7,Enfant malade,Oui,Commercial
15528,2573,2024,10,2024-10-10,2024-10-14,5,Congé payé,Oui,RH
14066,1399,2023,12,2023-12-01,2023-12-11,11,Maladie,Oui,Juridique
11270,3129,2024,1,2024-01-18,2024-01-21,4,Formation,Oui,Marketing
10194,2761,2024,2,2024-02-15,2024-02-27,13,sick leave,Oui,Informatique
15972,2414,2024,11,2024-11-21,2024-11-24,4,Absence injustifiée,Non,Finance
14858,2254,2024,10,2024-10-21,2024-11-06,17,Congé payé,Oui,R&D
14291,3015,2022,10,2022-10-24,2022-11-05,13,Maladie,Oui,Commercial
10430,2653,2022,2,2022-02-27,2022-03-09,11,Formation,Oui,Finance
16058,2712,2022,2,2022-02-16,2022-03-08,21,Formation,Oui,Logistique
11140,1952,2023,4,2023-04-20,2023-05-08,19,Formation,Oui,Informatique
15529,1311,2022,2,2022-02-24,2022-03-15,20,paid leave,Oui,Opérations
13961,3264,2024,9,2024-09-10,2024-09-21,12,paid leave,Oui,R&D
11863,2330,2023,4,2023-04-10,2023-04-30,21,RTT,Oui,RH
10358,1296,2022,4,2022-04-04,2022-04-04,1,Enfant malade,Oui,Juridique
13854,1976,2024,5,2024-05-05,2024-05-08,4,Maladie,Oui,Marketing
12385,2754,2023,3,2023-03-17,2023-03-23,7,Maladie,Oui,Opérations
14643,2061,2022,2,2022-02-17,2022-02-24,8,Congé payé,Oui,Direction
16128,1228,2024,1,2024-01-06,2024-01-15,9,Maladie,Oui,Informatique
13908,3204,2022,11,2022-11-09,2022-11-09,1,Formation,Oui,Direction
10972,1770,2022,8,2022-08-12,2022-08-18,7,Congé sans solde,Oui,R&D
12374,3148,2023,12,2023-12-14,2023-12-29,16,Enfant malade,Oui,R&D
11024,2677,2022,2,2022-02-19,2022-03-07,17,RTT,Oui,Informatique
14372,2191,2024,12,2024-12-15,2024-12-19,5,Maladie,Oui,R&D
15569,1409,2022,4,2022-04-11,2022-04-11,1,Absence injustifiée,Non,Logistique
12954,2677,2022,12,2022-12-17,2023-01-01,16,RTT,Oui,Informatique
14243,1068,2024,12,2024-12-05,2024-12-08,4,RTT,Oui,Commercial
11145,2134,2023,1,2023-01-25,2023-02-02,9,paid leave,Oui,Direction
14010,1081,2023,5,2023-05-11,2023-05-16,6,sick leave,Oui,Juridique
12174,1596,2022,1,2022-01-11,2022-01-11,1,Absence injustifiée,Non,R&D
12653,1707,2022,7,2022-07-21,2022-08-04,15,RTT,Oui,Opérations
10361,3356,2024,2,2024-02-17,2024-02-17,1,Maternité/Paternité,Oui,Finance
13112,3172,2023,10,2023-10-21,2023-11-06,17,Maternité/Paternité,Oui,Marketing
12887,2061,2022,12,2022-12-02,2022-12-02,1,Maladie,Oui,Direction
13505,1927,2022,4,2022-04-07,2022-04-14,8,RTT,Oui,Informatique
11881,1710,2022,7,2022-07-12,2022-07-26,15,Congé payé,Oui,Opérations
13203,1566,2022,10,2022-10-04,2022-10-24,21,Maladie,Oui,Informatique
10643,1662,2024,7,2024-07-28,2024-08-17,21,RTT,Oui,Direction
14689,1812,2022,8,2022-08-25,2022-09-09,16,Congé payé,Oui,Juridique
15868,1425,2024,4,2024-04-03,2024-04-09,7,paid leave,Oui,Juridique
15334,2535,2024,6,2024-06-15,2024-06-25,11,Congé sans solde,Oui,Direction
11882,2192,2024,7,2024-07-08,2024-07-19,12,RTT,Oui,Logistique
14512,2129,2024,10,2024-10-17,2024-11-03,18,Maladie,Oui,Informatique
14054,2126,2022,1,2022-01-23,2022-01-30,8,Maternité/Paternité,Oui,Opérations
15047,1983,2023,6,2023-06-08,2023-06-22,15,Formation,Oui,Finance
15051,2705,2023,9,2023-09-12,2023-09-30,19,Congé sans solde,Oui,Logistique
12475,2118,2024,7,2024-07-02,2024-07-11,10,Congé payé,Oui,Opérations
14659,2488,2022,2,2022-02-27,2022-03-16,18,Congé payé,Oui,Finance
13288,2746,2024,12,2024-12-10,2024-12-22,13,Accident du travail,Oui,Finance
15130,1880,2023,9,2023-09-27,2023-10-13,17,Maladie,Oui,Operations
10036,2036,2024,6,2024-06-05,2024-05-29,-8,Maladie,Oui,Informatique
14462,2754,2024,10,2024-10-04,2024-10-20,17,Accident du travail,Oui,Opérations
15919,3239,2024,8,2024-08-08,2024-08-08,1,sick leave,Oui,Finance
11771,1566,2024,11,2024-11-11,2024-11-24,14,paid leave,Oui,Informatique
14408,2324,2024,12,2024-12-23,2024-12-31,9,paid leave,Oui,Commercial
12425,1957,2024,11,2024-11-20,2024-11-21,2,Congé payé,Oui,Finance
12930,3056,2024,1,2024-01-24,2024-01-29,6,RTT,Oui,Marketing
13563,1754,2023,9,2023-09-12,2023-09-29,18,Absence injustifiée,Non,Finance
14302,2776,2023,6,2023-06-21,2023-06-27,7,Maternité/Paternité,Oui,Juridique
14339,1218,2022,1,2022-01-26,2022-01-28,3,Maternité/Paternité,Oui,Juridique
11546,1273,2022,8,2022-08-22,2022-09-04,14,Maladie,Oui,Informatique
10825,3096,2022,6,2022-06-01,2022-06-05,5,Accident du travail,Oui,Logistique
14443,1460,2023,11,2023-11-17,2023-12-05,19,Accident du travail,Oui,R&D
10443,1256,2022,4,2022-04-05,2022-04-11,7,Congé sans solde,Oui,Logistique
12688,2684,2024,2,2024-02-20,2024-03-10,20,Enfant malade,Oui,Direction
13701,1767,2023,7,2023-07-12,2023-07-13,2,Congé payé,Oui,Informatique
11542,2453,2024,8,2024-08-18,2024-08-19,2,Formation,Oui,RH
13346,1212,2024,4,2024-04-12,2024-04-17,6,Congé payé,Oui,R&D
11132,1877,2022,7,2022-07-20,2022-08-02,14,Congé payé,Oui,R&D
15639,2404,2023,10,2023-10-09,2023-10-16,8,Congé payé,Oui,R&D
15853,2129,2022,4,2022-04-08,2022-04-12,5,RTT,Oui,Informatique
11532,1642,2024,11,2024-11-19,2024-11-28,10,paid leave,Oui,Juridique
15927,1681,2024,9,2024-09-01,2024-09-13,13,Formation,Oui,Logistique
11995,2632,2023,10,2023-10-10,2023-10-16,7,Absence injustifiée,Non,Logistique
10836,3179,2024,6,2024-06-19,2024-06-30,12,Congé payé,Oui,Direction
15726,2406,2024,6,2024-06-10,2024-06-24,15,Congé payé,Oui,Finance
13973,2370,2022,6,2022-06-06,2022-06-24,19,RTT,Oui,Informatique
14454,3362,2024,1,2024-01-09,2024-01-09,1,Maladie,Oui,Marketing
15455,2140,2024,3,2024-03-13,2024-04-01,20,paid leave,Oui,R&D
12976,2776,2022,3,2022-03-01,2022-03-15,15,Congé payé,Oui,Juridique
13949,2187,2023,6,2023-06-14,2023-06-19,6,Maladie,Oui,RH
15928,1767,2023,6,2023-06-15,2023-07-03,19,Congé sans solde,Oui,Informatique
12045,1711,2022,8,2022-08-08,2022-08-09,2,Congé sans solde,Oui,R&D
11334,3047,2024,11,2024-11-02,2024-11-06,5,RTT,Oui,Juridique
11324,2193,2024,6,2024-06-02,2024-06-07,6,Congé payé,Oui,Marketing
14838,1934,2022,10,2022-10-10,2022-10-24,15,paid leave,Oui,Direction
12512,1121,2024,1,2024-01-28,2024-02-02,6,Congé payé,Oui,Direction
13880,1983,2023,4,2023-04-13,2023-04-27,15,Congé payé,Oui,Finance
12232,3357,2023,4,2023-04-07,2023-04-15,9,Congé payé,Oui,Juridique
12884,2502,2024,3,2024-03-21,2024-03-30,10,RTT,Oui,RH
12814,2129,2022,2,2022-02-17,2022-02-20,4,Enfant malade,Oui,Informatique
14683,2448,2023,11,2023-11-17,2023-11-17,1,Maladie,Oui,Logistique
13957,2656,2024,3,2024-03-27,2024-03-28,2,Accident du travail,Oui,Commercial
10024,1444,2023,9,2023-09-07,2023-08-29,-10,RTT,Oui,Commercial
11357,1331,2024,3,2024-03-20,2024-03-29,10,Accident du travail,Oui,Juridique
15178,2911,2023,8,2023-08-27,2023-09-10,15,Maladie,Oui,Direction
15813,2452,2022,8,2022-08-15,2022-08-30,16,Accident du travail,Oui,Direction
10584,1669,2022,2,2022-02-09,2022-02-16,8,Maladie,Oui,Juridique
15054,2068,2023,11,2023-11-08,2023-11-16,9,Accident du travail,Oui,R&D
15606,2314,2022,9,2022-09-16,2022-09-24,9,Maladie,Oui,Finance
10317,1533,2022,1,2022-01-15,2022-02-04,21,RTT,Oui,Logistique
14076,2930,2023,10,2023-10-16,2023-10-29,14,Maternité/Paternité,Oui,Logistique
15538,1934,2023,3,2023-03-09,2023-03-28,20,RTT,Oui,Direction
13894,1501,2023,11,2023-11-11,2023-11-19,9,RTT,Oui,R&D
10098,3096,2023,4,2023-04-06,2023-04-07,2,Congé payé,Oui,Logistique
11445,2651,2023,8,2023-08-19,2023-09-05,18,Maternité/Paternité,Oui,R&D
11333,1275,2024,3,2024-03-17,2024-03-27,11,Maternité/Paternité,Oui,Logistique
12664,3015,2022,2,2022-02-16,2022-02-20,5,Accident du travail,Oui,Commercial
15492,2523,2024,10,2024-10-11,2024-10-18,8,Congé payé,Oui,Marketing
11516,1147,2024,4,2024-04-22,2024-05-11,20,Maladie,Oui,Direction
11586,1851,2023,2,2023-02-21,2023-03-10,18,Congé payé,Oui,Direction
14440,2360,2023,7,2023-07-15,2023-07-18,4,RTT,Oui,RH
11976,1566,2024,3,2024-03-18,2024-03-29,12,Maladie,Oui,Informatique
12053,2344,2023,9,2023-09-26,2023-10-09,14,Enfant malade,Oui,R&D
13635,2333,2024,2,2024-02-18,2024-03-09,21,Maternité/Paternité,Oui,Marketing
14924,2445,2024,10,2024-10-14,2024-10-22,9,Congé sans solde,Oui,Logistique
11737,2283,2023,7,2023-07-06,2023-07-15,10,Congé sans solde,Oui,Opérations
15311,1427,2024,1,2024-01-15,2024-01-15,1,Enfant malade,Oui,Legal
13916,3000,2023,6,2023-06-01,2023-06-04,4,Maladie,Oui,Opérations
13878,2091,2023,11,2023-11-18,2023-12-03,16,RTT,Oui,Direction
12566,1742,2023,10,2023-10-02,2023-10-03,2,Maladie,Oui,Informatique
10814,1177,2022,2,2022-02-01,2022-02-17,17,Maladie,Oui,RH
12644,2761,2022,7,2022-07-02,2022-07-15,14,sick leave,Oui,Informatique
14165,2677,2024,8,2024-08-12,2024-08-25,14,RTT,Oui,Informatique
15556,2909,2022,2,2022-02-16,2022-03-01,14,Congé payé,Oui,RH
11903,1106,2023,8,2023-08-16,2023-09-04,20,Absence injustifiée,Non,Marketing
12273,2333,2024,7,2024-07-19,2024-08-06,19,Accident du travail,Oui,Marketing
10688,2630,2024,7,2024-07-17,2024-07-22,6,Congé sans solde,Oui,Finance
15312,3288,2024,9,2024-09-21,2024-10-06,16,Congé payé,Oui,RH
14736,1256,2023,1,2023-01-07,2023-01-16,10,Enfant malade,Oui,Logistique
15220,2324,2024,12,2024-12-19,2024-12-20,2,sick leave,Oui,Commercial
13676,2525,2024,6,2024-06-17,2024-06-23,7,sick leave,Oui,Operations
13455,2665,2022,9,2022-09-14,2022-09-19,6,Accident du travail,Oui,Direction
11185,1881,2023,2,2023-02-22,2023-03-07,14,Congé payé,Oui,Direction
10350,3111,2023,3,2023-03-05,2023-03-12,8,Formation,Oui,Opérations
14564,2243,2024,4,2024-04-22,2024-05-10,19,Maladie,Oui,Direction
13430,3324,2022,5,2022-05-11,2022-05-17,7,RTT,Oui,R&D
10156,1707,2024,12,2024-12-12,2024-12-15,4,Maternité/Paternité,Oui,Opérations
11975,2165,2023,6,2023-06-08,2023-06-13,6,Maladie,Oui,RH
14888,2659,2022,9,2022-09-01,2022-09-15,15,Formation,Oui,Opérations
10465,1633,2024,7,2024-07-25,2024-07-26,2,Accident du travail,Oui,Opérations
14281,3398,2024,2,2024-02-06,2024-02-17,12,Absence injustifiée,Non,Informatique
11486,2354,2023,9,2023-09-07,2023-09-08,2,Absence injustifiée,Non,Marketing
12598,3392,2023,4,2023-04-25,2023-05-14,20,Formation,Oui,Marketing
11769,2217,2023,5,2023-05-10,2023-05-15,6,Maladie,Oui,Commercial
12449,1340,2024,4,2024-04-25,2024-04-26,2,Congé payé,Oui,RH
15533,1450,2023,3,2023-03-08,2023-03-12,5,Congé payé,Oui,Finance
11474,1450,2023,6,2023-06-23,2023-07-03,11,Accident du travail,Oui,Finance
16086,1812,2022,4,2022-04-27,2022-05-10,14,Formation,Oui,Juridique
13802,2040,2023,3,2023-03-19,2023-03-31,13,Maladie,Oui,Opérations
10514,3015,2024,9,2024-09-11,2024-09-11,1,RTT,Oui,Commercial
13249,2138,2023,12,2023-12-26,2024-01-06,12,Congé payé,Oui,Direction
14978,2058,2023,11,2023-11-28,2023-12-04,7,Maladie,Oui,Juridique
14626,3362,2022,1,2022-01-27,2022-01-27,1,Congé payé,Oui,Marketing
12465,1765,2022,7,2022-07-18,2022-08-05,19,Maladie,Oui,Commercial
15362,2677,2022,6,2022-06-18,2022-07-04,17,Maladie,Oui,Informatique
15363,3204,2023,2,2023-02-24,2023-03-12,17,sick leave,Oui,Direction
13120,2665,2022,9,2022-09-18,2022-09-28,11,Congé payé,Oui,Direction
10124,2976,2023,9,2023-09-16,2023-09-20,5,Congé payé,Oui,RH
15915,1734,2023,5,2023-05-22,2023-05-23,2,Congé sans solde,Oui,Commercial
14604,1743,2023,11,2023-11-21,2023-11-29,9,Maternité/Paternité,Oui,Marketing
15669,2488,2023,12,2023-12-11,2023-12-26,16,RTT,Oui,Finance
14355,2314,2022,3,2022-03-16,2022-03-22,7,Maladie,Oui,Finance
12514,1194,2022,2,2022-02-22,2022-02-27,6,Maladie,Oui,R&D
10681,1712,2024,11,2024-11-19,2024-11-29,11,Accident du travail,Oui,Juridique
13829,3292,2024,5,2024-05-06,2024-05-23,18,Maladie,Oui,RH
12777,1769,2022,10,2022-10-28,2022-11-02,6,Absence injustifiée,Non,Opérations
15793,2761,2022,11,2022-11-05,2022-11-20,16,Absence injustifiée,Non,Informatique
14075,2813,2022,8,2022-08-25,2022-09-05,12,Maladie,Oui,Finance
10267,1128,2023,4,2023-04-17,2023-04-26,10,Maladie,Oui,Direction
12710,3136,2023,6,2023-06-09,2023-06-25,17,Congé payé,Oui,Finance
11348,1266,2022,2,2022-02-24,2022-03-04,9,Congé payé,Oui,RH
11966,2764,2022,11,2022-11-27,2022-12-07,11,Maternité/Paternité,Oui,Opérations
16063,1513,2022,6,2022-06-18,2022-07-08,21,Accident du travail,Oui,Informatique
15706,1937,2022,8,2022-08-08,2022-08-20,13,Maladie,Oui,Informatique
11293,3288,2023,9,2023-09-13,2023-09-16,4,Maladie,Oui,RH
15166,1470,2022,8,2022-08-16,2022-08-22,7,Enfant malade,Oui,RH
13028,2475,2023,1,2023-01-23,2023-02-09,18,Maternité/Paternité,Oui,R&D
15251,1015,2022,8,2022-08-15,2022-08-16,2,Maladie,Oui,Logistique
11527,1015,2022,2,2022-02-13,2022-02-21,9,RTT,Oui,Logistique
11879,1331,2022,8,2022-08-26,2022-08-29,4,Maladie,Oui,Juridique
10951,1117,2023,11,2023-11-12,2023-11-19,8,Enfant malade,Oui,Marketing
12796,1742,2022,11,2022-11-02,2022-11-03,2,Absence injustifiée,Non,Informatique
14908,1851,2023,2,2023-02-25,2023-03-10,14,Absence injustifiée,Non,Direction
15676,2930,2024,4,2024-04-12,2024-04-19,8,RTT,Oui,Logistique
12372,2575,2023,11,2023-11-22,2023-12-03,12,Absence injustifiée,Non,Commercial
11094,2015,2023,7,2023-07-02,2023-07-18,17,Congé payé,Oui,RH
12882,3076,2023,2,2023-02-05,2023-02-09,5,Accident du travail,Oui,Commercial
12317,3394,2023,3,2023-03-16,2023-03-21,6,Maladie,Oui,Commercial
14048,1710,2023,7,2023-07-15,2023-07-29,15,sick leave,Oui,Opérations
13817,2317,2023,6,2023-06-25,2023-07-13,19,RTT,Oui,Opérations
10953,1068,2022,6,2022-06-14,2022-06-29,16,Accident du travail,Oui,Commercial
15498,1124,2024,4,2024-04-28,2024-05-10,13,Accident du travail,Oui,Finance
12477,2535,2023,11,2023-11-02,2023-11-06,5,Congé payé,Oui,Direction
13432,1843,2024,5,2024-05-08,2024-05-10,3,sick leave,Oui,Opérations
12418,1093,2022,2,2022-02-21,2022-02-24,4,Enfant malade,Oui,Juridique
10144,2296,2023,4,2023-04-06,2023-04-11,6,paid leave,Oui,RH
12019,1744,2023,8,2023-08-17,2023-08-22,6,Maladie,Oui,Direction
14359,1609,2022,1,2022-01-26,2022-02-01,7,Maternité/Paternité,Oui,Direction
10132,1513,2023,2,2023-02-28,2023-03-04,5,Enfant malade,Oui,Informatique
14806,1924,2022,9,2022-09-28,2022-10-05,8,Maladie,Oui,Informatique
11972,1735,2022,9,2022-09-17,2022-09-17,1,RTT,Oui,Juridique
12338,1485,2024,2,2024-02-25,2024-03-16,21,Maladie,Oui,Direction
10274,2140,2022,10,2022-10-10,2022-10-10,1,paid leave,Oui,R&D
10872,2136,2022,11,2022-11-20,2022-12-05,16,Enfant malade,Oui,Juridique
13223,1138,2023,3,2023-03-11,2023-03-21,11,Maternité/Paternité,Oui,Juridique
11567,1469,2024,7,2024-07-14,2024-07-30,17,Formation,Oui,Direction
11949,1862,2024,6,2024-06-20,2024-06-23,4,RTT,Oui,RH
14161,1881,2022,2,2022-02-07,2022-02-27,21,RTT,Oui,Direction
15954,2393,2024,12,2024-12-25,2025-01-02,9,Congé sans solde,Oui,Logistique
15337,1851,2023,3,2023-03-23,2023-04-05,14,sick leave,Oui,Direction
15876,1128,2024,10,2024-10-20,2024-10-29,10,Maladie,Oui,Direction
14093,1928,2023,5,2023-05-02,2023-05-18,17,Congé payé,Oui,Informatique
14282,3065,2023,3,2023-03-21,2023-03-21,1,Congé payé,Oui,RH
15285,2607,2024,4,2024-04-15,2024-04-26,12,Congé payé,Oui,Operations
13276,3362,2024,5,2024-05-05,2024-05-09,5,Congé sans solde,Oui,Marketing
12065,1765,2023,10,2023-10-06,2023-10-19,14,Congé payé,Oui,Commercial
15081,1782,2022,5,2022-05-10,2022-05-24,15,RTT,Oui,Juridique
15346,1427,2022,2,2022-02-16,2022-02-26,11,Congé sans solde,Oui,Legal
14575,2605,2023,11,2023-11-08,2023-11-10,3,Maladie,Oui,Commercial
12289,2155,2023,4,2023-04-26,2023-05-11,16,Congé payé,Oui,Informatique
11702,1635,2022,12,2022-12-23,2022-12-29,7,Congé sans solde,Oui,Informatique
10336,2879,2022,12,2022-12-18,2023-01-04,18,RTT,Oui,Finance
10023,1335,2022,7,2022-07-09,2022-07-08,-2,paid leave,Oui,Sales
14746,2949,2022,2,2022-02-19,2022-02-21,3,Absence injustifiée,Non,Opérations
15526,2187,2022,11,2022-11-24,2022-12-04,11,Congé payé,Oui,RH
10056,2527,2023,11,2023-11-14,2023-11-30,-17,Maladie,Oui,Opérations
12383,2452,2024,12,2024-12-18,2024-12-31,14,RTT,Oui,Direction
15433,2036,2023,11,2023-11-09,2023-11-27,19,Congé payé,Oui,Informatique
12292,1467,2022,12,2022-12-19,2022-12-21,3,Maladie,Oui,Logistique
15661,2400,2023,7,2023-07-12,2023-07-30,19,Congé payé,Oui,Finance
15717,1127,2024,7,2024-07-11,2024-07-13,3,paid leave,Oui,Marketing
15801,1225,2022,10,2022-10-05,2022-10-25,21,Maladie,Oui,R&D
13243,1345,2024,11,2024-11-03,2024-11-16,14,Maternité/Paternité,Oui,Informatique
15660,3028,2022,8,2022-08-09,2022-08-19,11,sick leave,Oui,Finance
12717,2645,2023,2,2023-02-14,2023-03-04,19,Congé payé,Oui,Finance
13263,3394,2024,8,2024-08-17,2024-08-17,1,Congé sans solde,Oui,Commercial
10324,2138,2022,8,2022-08-28,2022-09-10,14,Maternité/Paternité,Oui,Direction
10416,3256,2024,10,2024-10-20,2024-11-04,16,Formation,Oui,Opérations
14191,3288,2023,1,2023-01-08,2023-01-08,1,Maladie,Oui,RH
11239,2150,2024,7,2024-07-03,2024-07-17,15,Maladie,Oui,Finance
15087,1707,2024,3,2024-03-21,2024-03-29,9,Absence injustifiée,Non,Opérations
11223,3123,2024,10,2024-10-01,2024-10-10,10,Accident du travail,Oui,Commercial
11115,1533,2023,5,2023-05-03,2023-05-03,1,Absence injustifiée,Non,Logistique
12012,1068,2024,1,2024-01-12,2024-01-18,7,paid leave,Oui,Commercial
13441,1635,2023,2,2023-02-22,2023-03-11,18,Absence injustifiée,Non,Informatique
14944,1775,2022,2,2022-02-11,2022-02-15,5,Congé payé,Oui,R&D
13298,3371,2022,9,2022-09-06,2022-09-21,16,sick leave,Oui,Direction
14431,1450,2024,5,2024-05-19,2024-05-28,10,Congé payé,Oui,Finance
14582,2445,2023,6,2023-06-17,2023-07-03,17,Accident du travail,Oui,Logistique
14623,2632,2023,7,2023-07-18,2023-07-31,14,Enfant malade,Oui,Logistique
15795,2262,2023,12,2023-12-13,2023-12-16,4,Congé payé,Oui,Commercial
13583,1843,2024,6,2024-06-09,2024-06-20,12,Maternité/Paternité,Oui,Opérations
11502,3281,2024,6,2024-06-21,2024-07-03,13,Absence injustifiée,Non,Finance
15567,1673,2022,8,2022-08-24,2022-09-08,16,Maladie,Oui,Direction
14580,1548,2023,10,2023-10-20,2023-11-02,14,Congé payé,Oui,Commercial
10227,2295,2022,12,2022-12-04,2022-12-19,16,paid leave,Oui,Informatique
14057,2939,2024,2,2024-02-20,2024-03-08,18,Absence injustifiée,Non,R&D
13845,2244,2024,5,2024-05-24,2024-06-05,13,Congé payé,Oui,RH
14434,2605,2024,7,2024-07-08,2024-07-22,15,Congé payé,Oui,Commercial
12972,2712,2022,5,2022-05-04,2022-05-05,2,Enfant malade,Oui,Logistique
13748,1619,2024,10,2024-10-09,2024-10-20,12,Congé payé,Oui,Opérations
14686,2945,2024,10,2024-10-01,2024-10-09,9,Maladie,Oui,R&D
10942,1752,2023,9,2023-09-16,2023-10-04,19,Absence injustifiée,Non,Juridique
15850,2183,2023,11,2023-11-24,2023-12-03,10,sick leave,Oui,Direction
11643,2068,2024,8,2024-08-17,2024-09-05,20,Congé payé,Oui,R&D
14016,3341,2023,10,2023-10-23,2023-10-29,7,Congé payé,Oui,RH
15566,2295,2024,1,2024-01-28,2024-02-02,6,Maladie,Oui,Informatique
11196,2595,2022,8,2022-08-23,2022-08-30,8,Maladie,Oui,Opérations
10686,3062,2023,10,2023-10-10,2023-10-27,18,Maternité/Paternité,Oui,Informatique
14203,1761,2023,6,2023-06-04,2023-06-10,7,Congé sans solde,Oui,Logistique
14046,2617,2024,7,2024-07-15,2024-07-19,5,Congé payé,Oui,Opérations
14645,2400,2023,7,2023-07-18,2023-08-07,21,RTT,Oui,Finance
14477,3264,2023,1,2023-01-15,2023-01-23,9,Maladie,Oui,R&D
11428,2613,2024,5,2024-05-01,2024-05-11,11,Maladie,Oui,Marketing
13527,1340,2023,10,2023-10-03,2023-10-11,9,RTT,Oui,RH
15305,1327,2022,6,2022-06-22,2022-07-02,11,Absence injustifiée,Non,RH
13449,2607,2024,12,2024-12-27,2025-01-03,8,Enfant malade,Oui,Operations
12371,1742,2024,2,2024-02-01,2024-02-18,18,Congé payé,Oui,Informatique
15684,1924,2024,5,2024-05-26,2024-05-28,3,RTT,Oui,Informatique
12168,2656,2023,1,2023-01-03,2023-01-13,11,Maladie,Oui,Commercial
15478,1044,2024,11,2024-11-03,2024-11-20,18,Absence injustifiée,Non,Marketing
14334,2015,2022,8,2022-08-05,2022-08-07,3,Congé payé,Oui,RH
10265,1421,2024,11,2024-11-20,2024-12-03,14,Congé payé,Oui,Finance
11345,1513,2023,10,2023-10-20,2023-11-04,16,sick leave,Oui,Informatique
16097,1494,2024,6,2024-06-03,2024-06-03,1,Congé payé,Oui,Opérations
14703,3289,2023,9,2023-09-24,2023-10-07,14,Congé sans solde,Oui,Marketing
10669,2648,2022,10,2022-10-06,2022-10-11,6,Congé payé,Oui,Direction
10061,2575,2024,2,2024-02-23,2024-03-04,-11,Maladie,Oui,Commercial
14667,1271,2023,6,2023-06-22,2023-06-30,9,Enfant malade,Oui,Juridique
15425,1218,2024,5,2024-05-10,2024-05-20,11,RTT,Oui,Juridique
10926,2097,2024,2,2024-02-13,2024-02-21,9,Congé sans solde,Oui,Logistique
11129,1469,2022,3,2022-03-17,2022-04-03,18,Maladie,Oui,Direction
11021,3062,2023,12,2023-12-08,2023-12-28,21,RTT,Oui,Informatique
14388,2012,2024,6,2024-06-20,2024-06-28,9,Congé payé,Oui,R&D
15914,2781,2024,11,2024-11-03,2024-11-16,14,Maladie,Oui,Logistique
13141,2523,2022,11,2022-11-15,2022-11-18,4,Enfant malade,Oui,Marketing
11020,1121,2022,9,2022-09-17,2022-09-27,11,Formation,Oui,Direction
11489,1320,2024,7,2024-07-14,2024-07-24,11,Absence injustifiée,Non,Commercial
15690,1866,2022,1,2022-01-15,2022-02-02,19,Congé payé,Oui,Informatique
10169,1393,2023,2,2023-02-01,2023-02-01,1,Congé sans solde,Oui,Logistique
13069,3288,2024,11,2024-11-02,2024-11-22,21,RTT,Oui,RH
15995,2120,2022,2,2022-02-03,2022-02-20,18,sick leave,Oui,RH
10134,3061,2023,10,2023-10-09,2023-10-15,7,Absence injustifiée,Non,R&D
13477,1734,2023,6,2023-06-07,2023-06-26,20,Formation,Oui,Commercial
10526,1191,2023,8,2023-08-09,2023-08-28,20,Maladie,Oui,R&D
10818,2853,2024,7,2024-07-01,2024-07-14,14,Absence injustifiée,Non,RH
11066,2615,2024,5,2024-05-24,2024-06-04,12,Enfant malade,Oui,Commercial
13708,3076,2023,8,2023-08-21,2023-08-23,3,Formation,Oui,Commercial
13510,1812,2022,4,2022-04-12,2022-05-02,21,Maternité/Paternité,Oui,Juridique
11277,1345,2023,7,2023-07-15,2023-07-28,14,Formation,Oui,Informatique
15376,1327,2024,10,2024-10-19,2024-11-08,21,Maladie,Oui,RH
11256,3315,2023,6,2023-06-17,2023-07-07,21,Maladie,Oui,Commercial
14524,1117,2024,8,2024-08-28,2024-09-02,6,paid leave,Oui,Marketing
14295,2715,2024,3,2024-03-15,2024-03-28,14,Congé payé,Oui,Direction
11173,2330,2023,8,2023-08-11,2023-08-19,9,paid leave,Oui,RH
11037,2091,2022,9,2022-09-15,2022-09-24,10,RTT,Oui,Direction
12157,1949,2023,6,2023-06-22,2023-07-10,19,Enfant malade,Oui,Marketing
14250,2118,2023,6,2023-06-26,2023-07-04,9,Absence injustifiée,Non,Opérations
13240,3239,2023,5,2023-05-22,2023-06-10,20,Maladie,Oui,Finance
10668,1081,2023,9,2023-09-09,2023-09-29,21,Congé payé,Oui,Juridique
15262,1501,2023,10,2023-10-22,2023-10-27,6,Congé payé,Oui,R&D
13636,2296,2022,4,2022-04-16,2022-05-01,16,Formation,Oui,RH
13645,1754,2022,1,2022-01-17,2022-01-21,5,Congé payé,Oui,Finance
14954,2630,2023,11,2023-11-21,2023-11-26,6,Congé payé,Oui,Finance
13996,2046,2024,6,2024-06-03,2024-06-18,16,RTT,Oui,Direction
10587,2122,2022,7,2022-07-12,2022-07-20,9,RTT,Oui,Management
10220,2772,2023,10,2023-10-12,2023-10-24,13,Congé payé,Oui,Marketing
15324,2981,2023,1,2023-01-08,2023-01-24,17,Maladie,Oui,Marketing
11497,2040,2023,8,2023-08-21,2023-08-25,5,Maladie,Oui,Opérations
12332,1983,2023,3,2023-03-22,2023-04-03,13,paid leave,Oui,Finance
11254,2930,2024,5,2024-05-19,2024-05-29,11,Accident du travail,Oui,Logistique
14202,2810,2023,4,2023-04-19,2023-05-03,15,Accident du travail,Oui,RH
12440,2743,2022,4,2022-04-13,2022-04-28,16,Maladie,Oui,Opérations
11199,3376,2022,8,2022-08-27,2022-08-30,4,Absence injustifiée,Non,Opérations
13684,2118,2022,11,2022-11-19,2022-12-09,21,RTT,Oui,Opérations
10712,1015,2022,4,2022-04-03,2022-04-09,7,Maternité/Paternité,Oui,Logistique
13443,1412,2024,3,2024-03-12,2024-03-21,10,Accident du travail,Oui,Opérations
15891,2126,2024,3,2024-03-07,2024-03-17,11,RTT,Oui,Opérations
11947,2488,2024,3,2024-03-23,2024-03-24,2,Enfant malade,Oui,Finance
10126,1765,2024,5,2024-05-02,2024-05-14,13,Maladie,Oui,Commercial
11134,1081,2022,12,2022-12-05,2022-12-13,9,Maladie,Oui,Juridique
13655,3394,2022,11,2022-11-25,2022-11-26,2,RTT,Oui,Commercial
10527,2715,2022,1,2022-01-13,2022-02-02,21,Absence injustifiée,Non,Direction
11443,2988,2023,8,2023-08-12,2023-08-24,13,Maladie,Oui,RH
11029,1298,2023,10,2023-10-10,2023-10-10,1,RTT,Oui,R&D
14799,2981,2023,5,2023-05-16,2023-05-20,5,Congé payé,Oui,Marketing
11830,2061,2023,3,2023-03-01,2023-03-11,11,Maladie,Oui,Direction
14177,2761,2024,5,2024-05-03,2024-05-14,12,paid leave,Oui,Informatique
10908,1366,2023,9,2023-09-25,2023-10-12,18,Maladie,Oui,Commercial
10515,2283,2022,5,2022-05-11,2022-05-12,2,RTT,Oui,Opérations
10473,1663,2022,12,2022-12-04,2022-12-19,16,RTT,Oui,Opérations
13151,3289,2023,11,2023-11-14,2023-12-03,20,Accident du travail,Oui,Marketing
13090,1794,2022,11,2022-11-08,2022-11-20,13,sick leave,Oui,Opérations
15631,3189,2022,4,2022-04-15,2022-05-05,21,Maladie,Oui,Finance
10016,3316,2022,4,2022-04-24,2022-04-17,-8,Congé payé,Oui,RH
12136,3324,2023,6,2023-06-04,2023-06-14,11,RTT,Oui,R&D
12302,2354,2022,8,2022-08-26,2022-08-26,1,RTT,Oui,Marketing
14544,2510,2024,2,2024-02-17,2024-02-18,2,Maladie,Oui,Marketing
11611,1782,2024,4,2024-04-16,2024-04-27,12,Congé sans solde,Oui,Juridique
13923,3239,2022,8,2022-08-16,2022-08-22,7,Maladie,Oui,Finance
11362,3184,2022,5,2022-05-24,2022-05-28,5,Enfant malade,Oui,Juridique
14581,1333,2023,4,2023-04-03,2023-04-07,5,Maladie,Oui,R&D
10687,2632,2024,1,2024-01-22,2024-02-09,19,RTT,Oui,Logistique
15396,3184,2024,8,2024-08-13,2024-08-13,1,Congé payé,Oui,Juridique
12188,2219,2024,5,2024-05-14,2024-05-28,15,Maladie,Oui,R&D
15549,2058,2023,11,2023-11-18,2023-12-07,20,Absence injustifiée,Non,Juridique
14034,1782,2024,7,2024-07-20,2024-08-04,16,Maternité/Paternité,Oui,Juridique
13352,1527,2024,5,2024-05-05,2024-05-19,15,Maternité/Paternité,Oui,Informatique
15588,1333,2022,11,2022-11-18,2022-11-18,1,Congé sans solde,Oui,R&D
15769,2822,2024,8,2024-08-17,2024-08-19,3,Maternité/Paternité,Oui,Marketing
13601,1877,2023,2,2023-02-20,2023-02-21,2,Accident du travail,Oui,R&D
11465,3316,2023,3,2023-03-20,2023-03-20,1,Maladie,Oui,RH
10059,3333,2023,12,2023-12-17,2023-12-31,-15,Enfant malade,Oui,Juridique
11373,2721,2023,12,2023-12-05,2023-12-16,12,RTT,Oui,Opérations
15642,2344,2023,9,2023-09-02,2023-09-07,6,Maternité/Paternité,Oui,R&D
15624,1296,2022,2,2022-02-04,2022-02-24,21,RTT,Oui,Juridique
14329,2469,2024,4,2024-04-01,2024-04-15,15,RTT,Oui,Logistique
16075,2976,2023,7,2023-07-20,2023-08-01,13,RTT,Oui,RH
14778,2677,2023,8,2023-08-22,2023-09-06,16,Maladie,Oui,Informatique
15810,2525,2023,1,2023-01-05,2023-01-17,13,Maladie,Oui,Operations
13969,1851,2022,1,2022-01-08,2022-01-13,6,Enfant malade,Oui,Direction
15806,3316,2024,11,2024-11-25,2024-11-26,2,Enfant malade,Oui,RH
12676,1225,2022,1,2022-01-15,2022-01-15,1,Enfant malade,Oui,R&D
15037,2677,2023,1,2023-01-22,2023-02-07,17,sick leave,Oui,Informatique
10959,1218,2023,5,2023-05-28,2023-06-09,13,Accident du travail,Oui,Juridique
12150,2136,2023,5,2023-05-22,2023-06-03,13,Congé payé,Oui,Juridique
11097,2360,2023,11,2023-11-07,2023-11-19,13,Accident du travail,Oui,RH
13761,3099,2024,12,2024-12-25,2025-01-10,17,Formation,Oui,Commercial
11420,1191,2024,9,2024-09-14,2024-09-26,13,Accident du travail,Oui,R&D
13301,2879,2024,3,2024-03-15,2024-03-22,8,Maternité/Paternité,Oui,Finance
14816,2242,2023,10,2023-10-18,2023-10-22,5,Congé sans solde,Oui,Commercial
13262,1596,2023,3,2023-03-03,2023-03-12,10,Maternité/Paternité,Oui,R&D
14963,2343,2023,10,2023-10-23,2023-10-25,3,Maladie,Oui,Marketing
11283,1566,2023,11,2023-11-12,2023-11-27,16,Congé payé,Oui,Informatique
11609,2617,2023,11,2023-11-27,2023-12-15,19,Congé payé,Oui,Opérations
13162,1488,2023,8,2023-08-20,2023-09-05,17,Maternité/Paternité,Oui,Finance
11451,2945,2023,3,2023-03-10,2023-03-23,14,Congé payé,Oui,R&D
15490,2485,2024,1,2024-01-04,2024-01-17,14,Absence injustifiée,Non,R&D
11760,2015,2023,9,2023-09-09,2023-09-24,16,Maternité/Paternité,Oui,RH
13356,2565,2024,7,2024-07-03,2024-07-04,2,Congé payé,Oui,Informatique
15180,1121,2024,10,2024-10-24,2024-11-01,9,Congé payé,Oui,Direction
10091,1524,2022,8,2022-08-03,2022-08-14,12,RTT,Oui,Marketing
13946,3293,2022,6,2022-06-24,2022-07-01,8,Maternité/Paternité,Oui,Finance
14486,1044,2024,9,2024-09-10,2024-09-17,8,Congé payé,Oui,Marketing
13978,3256,2023,4,2023-04-17,2023-04-30,14,sick leave,Oui,Opérations
13535,1460,2023,10,2023-10-13,2023-10-25,13,Congé payé,Oui,R&D
12557,2945,2024,8,2024-08-15,2024-08-15,1,RTT,Oui,R&D
12737,2831,2022,6,2022-06-13,2022-07-03,21,RTT,Oui,Logistique
14230,2659,2022,6,2022-06-28,2022-07-07,10,Accident du travail,Oui,Opérations
12357,1981,2022,10,2022-10-09,2022-10-15,7,Absence injustifiée,Non,Direction
11366,2009,2022,8,2022-08-16,2022-08-18,3,Congé payé,Oui,Finance
13274,2077,2022,11,2022-11-25,2022-12-06,12,Congé payé,Oui,Logistique
11104,1024,2022,1,2022-01-23,2022-01-26,4,Enfant malade,Oui,Juridique
11048,3263,2023,5,2023-05-02,2023-05-13,12,Congé payé,Oui,Informatique
15373,1765,2022,1,2022-01-27,2022-02-11,16,Maternité/Paternité,Oui,Commercial
14134,1937,2022,2,2022-02-28,2022-03-10,11,Formation,Oui,Informatique
13851,1345,2024,5,2024-05-11,2024-05-30,20,sick leave,Oui,Informatique
13382,1749,2023,6,2023-06-01,2023-06-20,20,Accident du travail,Oui,Logistique
12000,1927,2024,4,2024-04-26,2024-05-16,21,Congé payé,Oui,Informatique
14261,3123,2024,10,2024-10-19,2024-10-25,7,Congé payé,Oui,Commercial
10713,2360,2024,11,2024-11-07,2024-11-09,3,RTT,Oui,RH
12164,1770,2022,2,2022-02-21,2022-03-10,18,Absence injustifiée,Non,R&D
16037,2865,2023,11,2023-11-21,2023-11-29,9,Formation,Oui,Marketing
14204,3145,2024,7,2024-07-10,2024-07-14,5,Absence injustifiée,Non,Commercial
10062,1501,2024,3,2024-03-21,2024-03-29,-9,RTT,Oui,R&D
15710,1775,2023,6,2023-06-05,2023-06-22,18,Congé payé,Oui,R&D
13720,3148,2023,4,2023-04-12,2023-04-21,10,Congé payé,Oui,R&D
12586,1482,2023,11,2023-11-23,2023-12-06,14,Congé payé,Oui,Juridique
15797,1921,2022,2,2022-02-04,2022-02-05,2,RTT,Oui,Opérations
12285,1548,2022,9,2022-09-03,2022-09-05,3,Maladie,Oui,Commercial
11953,1124,2023,4,2023-04-28,2023-05-10,13,paid leave,Oui,Finance
10699,2242,2024,9,2024-09-13,2024-09-29,17,paid leave,Oui,Commercial
11764,3047,2022,8,2022-08-06,2022-08-07,2,Congé sans solde,Oui,Juridique
10475,2217,2022,9,2022-09-08,2022-09-12,5,Congé payé,Oui,Commercial
11588,2333,2023,3,2023-03-03,2023-03-04,2,RTT,Oui,Marketing
15494,3106,2022,1,2022-01-08,2022-01-28,21,Enfant malade,Oui,R&D
12682,3184,2023,9,2023-09-19,2023-10-07,19,paid leave,Oui,Juridique
11871,2956,2024,11,2024-11-17,2024-12-05,19,Formation,Oui,Informatique
10927,1735,2023,3,2023-03-16,2023-03-27,12,RTT,Oui,Juridique
14205,1673,2024,7,2024-07-27,2024-07-28,2,Maladie,Oui,Direction
10491,2321,2023,3,2023-03-03,2023-03-11,9,Accident du travail,Oui,Informatique
10029,2988,2022,10,2022-10-01,2022-09-27,-5,Congé payé,Oui,RH
16068,2684,2023,2,2023-02-14,2023-03-05,20,paid leave,Oui,Direction
12657,2068,2022,4,2022-04-25,2022-04-26,2,Maladie,Oui,R&D
14585,1467,2023,8,2023-08-01,2023-08-14,14,sick leave,Oui,Logistique
12199,3152,2022,4,2022-04-28,2022-05-04,7,Enfant malade,Oui,Informatique
15284,2018,2022,8,2022-08-10,2022-08-12,3,Maladie,Oui,Direction
13045,2061,2023,3,2023-03-14,2023-03-17,4,Maladie,Oui,Direction
11969,2189,2023,6,2023-06-04,2023-06-10,7,Maladie,Oui,RH
11485,2502,2023,12,2023-12-07,2023-12-25,19,Maladie,Oui,RH
14275,3295,2023,2,2023-02-22,2023-02-23,2,Accident du travail,Oui,RH
14951,2452,2024,1,2024-01-10,2024-01-28,19,RTT,Oui,Direction
11508,1636,2024,5,2024-05-20,2024-05-27,8,RTT,Oui,Marketing
14602,3123,2023,1,2023-01-13,2023-02-02,21,RTT,Oui,Commercial
14138,2755,2024,9,2024-09-28,2024-10-01,4,Congé sans solde,Oui,Informatique
12059,3111,2024,3,2024-03-26,2024-04-01,7,Enfant malade,Oui,Opérations
12042,2010,2022,2,2022-02-27,2022-03-14,16,RTT,Oui,Informatique
11683,2615,2023,10,2023-10-16,2023-10-17,2,Congé payé,Oui,Commercial
15307,1311,2024,1,2024-01-24,2024-02-13,21,RTT,Oui,Opérations
13383,1460,2023,11,2023-11-27,2023-11-27,1,Formation,Oui,R&D
12007,3152,2023,1,2023-01-01,2023-01-10,10,Maternité/Paternité,Oui,Informatique
12869,2333,2023,12,2023-12-12,2023-12-27,16,Accident du travail,Oui,Marketing
11127,1425,2023,12,2023-12-26,2023-12-28,3,Congé payé,Oui,Juridique
15875,1412,2022,3,2022-03-09,2022-03-27,19,sick leave,Oui,Opérations
15356,3187,2024,12,2024-12-07,2024-12-20,14,sick leave,Oui,Juridique
15789,2448,2023,4,2023-04-25,2023-05-03,9,RTT,Oui,Logistique
15860,2765,2023,9,2023-09-02,2023-09-07,6,RTT,Oui,RH
10639,1121,2022,12,2022-12-20,2022-12-23,4,Congé payé,Oui,Direction
12590,1177,2023,1,2023-01-15,2023-01-23,9,Maladie,Oui,RH
11748,3256,2022,7,2022-07-14,2022-07-27,14,paid leave,Oui,Opérations
15777,2400,2022,4,2022-04-11,2022-05-01,21,Accident du travail,Oui,Finance
13866,1256,2022,4,2022-04-04,2022-04-07,4,Maladie,Oui,Logistique
10456,1015,2022,8,2022-08-15,2022-09-02,19,Maternité/Paternité,Oui,Logistique
11143,3000,2023,9,2023-09-14,2023-10-04,21,Maternité/Paternité,Oui,Opérations
11076,1393,2022,4,2022-04-21,2022-05-06,16,Maladie,Oui,Logistique
11843,1743,2022,10,2022-10-04,2022-10-16,13,Accident du travail,Oui,Marketing
14576,1212,2022,4,2022-04-08,2022-04-25,18,Congé sans solde,Oui,R&D
15384,2705,2022,6,2022-06-10,2022-06-24,15,Maladie,Oui,Logistique
12141,1626,2023,2,2023-02-20,2023-03-05,14,Congé payé,Oui,Commercial
12460,3251,2023,9,2023-09-15,2023-09-24,10,RTT,Oui,R&D
12242,1421,2022,10,2022-10-16,2022-10-23,8,Congé payé,Oui,Finance
12585,2651,2022,6,2022-06-27,2022-07-17,21,Formation,Oui,R&D
14206,2764,2024,10,2024-10-23,2024-11-06,15,Congé payé,Oui,Opérations
10279,1616,2024,6,2024-06-04,2024-06-16,13,Accident du travail,Oui,Finance
15962,3117,2024,10,2024-10-16,2024-11-05,21,sick leave,Oui,Commercial
13668,2659,2023,3,2023-03-06,2023-03-14,9,Congé payé,Oui,Opérations
12934,2289,2022,7,2022-07-22,2022-08-04,14,sick leave,Oui,Marketing
10703,3293,2022,11,2022-11-10,2022-11-18,9,Maladie,Oui,Finance
13945,1194,2023,8,2023-08-03,2023-08-10,8,RTT,Oui,R&D
15485,2617,2024,6,2024-06-16,2024-06-19,4,Absence injustifiée,Non,Opérations
12809,3015,2022,4,2022-04-10,2022-04-24,15,Congé sans solde,Oui,Commercial
10819,1081,2024,10,2024-10-13,2024-10-16,4,Maladie,Oui,Juridique
13040,1635,2023,12,2023-12-17,2024-01-03,18,Congé sans solde,Oui,Informatique
10262,1327,2022,8,2022-08-25,2022-09-12,19,paid leave,Oui,RH
12349,2046,2022,4,2022-04-13,2022-04-23,11,Maternité/Paternité,Oui,Direction
13920,1124,2023,10,2023-10-26,2023-10-28,3,RTT,Oui,Finance
13836,1681,2022,1,2022-01-22,2022-02-03,13,RTT,Oui,Logistique
14693,2653,2023,6,2023-06-20,2023-07-04,15,RTT,Oui,Finance
15640,2120,2024,5,2024-05-01,2024-05-06,6,Enfant malade,Oui,RH
14437,2243,2023,1,2023-01-25,2023-02-05,12,sick leave,Oui,Direction
14173,2322,2024,11,2024-11-13,2024-11-21,9,Congé payé,Oui,RH
15395,1366,2023,1,2023-01-06,2023-01-10,5,Congé payé,Oui,Commercial
10176,2956,2024,12,2024-12-11,2024-12-13,3,Absence injustifiée,Non,Informatique
11681,3061,2023,8,2023-08-10,2023-08-25,16,Maternité/Paternité,Oui,R&D
10080,1596,2022,3,2022-03-25,2022-03-29,-5,paid leave,Oui,R&D
15124,3204,2022,8,2022-08-11,2022-08-31,21,RTT,Oui,Direction
14336,2126,2023,7,2023-07-17,2023-08-06,21,paid leave,Oui,Opérations
11996,2015,2022,7,2022-07-12,2022-07-18,7,Maladie,Oui,RH
15314,3154,2024,10,2024-10-22,2024-11-01,11,Maladie,Oui,R&D
10875,1266,2023,1,2023-01-17,2023-01-28,12,Congé payé,Oui,RH
15585,1616,2022,4,2022-04-07,2022-04-09,3,Congé payé,Oui,Finance
15268,2746,2024,9,2024-09-27,2024-10-09,13,Formation,Oui,Finance
12760,2971,2023,9,2023-09-25,2023-10-02,8,RTT,Oui,Opérations
12263,1904,2024,9,2024-09-16,2024-09-16,1,Maladie,Oui,Marketing
15921,1782,2023,12,2023-12-23,2023-12-27,5,paid leave,Oui,Juridique
14441,3056,2022,2,2022-02-27,2022-03-02,4,Congé payé,Oui,Marketing
13296,2535,2023,1,2023-01-10,2023-01-19,10,Enfant malade,Oui,Direction
12133,2659,2023,5,2023-05-04,2023-05-22,19,Maternité/Paternité,Oui,Opérations
12840,2173,2024,3,2024-03-07,2024-03-12,6,Congé sans solde,Oui,Direction
10335,1450,2023,11,2023-11-01,2023-11-16,16,paid leave,Oui,Finance
11403,1068,2022,8,2022-08-14,2022-08-25,12,RTT,Oui,Commercial
13579,1812,2024,12,2024-12-10,2024-12-18,9,Enfant malade,Oui,Juridique
16096,1684,2022,9,2022-09-19,2022-09-21,3,Maternité/Paternité,Oui,R&D
16020,2317,2023,2,2023-02-13,2023-02-28,16,Congé payé,Oui,Opérations
10035,2296,2022,8,2022-08-21,2022-08-15,-7,Absence injustifiée,Non,RH
14800,1217,2023,11,2023-11-15,2023-11-15,1,Absence injustifiée,Non,Direction
12329,2317,2022,11,2022-11-17,2022-11-28,12,paid leave,Oui,Opérations
14699,1711,2022,3,2022-03-13,2022-03-25,13,Absence injustifiée,Non,R&D
13693,2721,2024,1,2024-01-16,2024-01-19,4,Congé payé,Oui,Opérations
12957,3295,2022,12,2022-12-07,2022-12-09,3,RTT,Oui,RH
12855,2684,2022,8,2022-08-05,2022-08-25,21,Accident du travail,Oui,Direction
10423,3357,2022,2,2022-02-27,2022-03-07,9,Congé sans solde,Oui,Juridique
14125,2453,2022,1,2022-01-20,2022-02-06,18,Maternité/Paternité,Oui,RH
15422,3061,2022,7,2022-07-28,2022-08-07,11,Enfant malade,Oui,R&D
13943,2916,2024,7,2024-07-20,2024-08-07,19,Absence injustifiée,Non,Commercial
14603,2132,2024,10,2024-10-01,2024-10-21,21,Congé payé,Oui,RH
15249,2607,2024,4,2024-04-06,2024-04-20,15,Congé sans solde,Oui,Operations
15820,2879,2022,4,2022-04-05,2022-04-16,12,Formation,Oui,Finance
14078,1679,2022,9,2022-09-13,2022-10-03,21,Maladie,Oui,Finance
12044,3117,2023,4,2023-04-07,2023-04-10,4,paid leave,Oui,Commercial
12903,2136,2023,8,2023-08-07,2023-08-24,18,Congé payé,Oui,Juridique
14094,3204,2023,4,2023-04-01,2023-04-13,13,Maternité/Paternité,Oui,Direction
11690,1470,2022,6,2022-06-24,2022-07-05,12,Maladie,Oui,RH
14889,1273,2022,5,2022-05-13,2022-05-27,15,Absence injustifiée,Non,Informatique
13229,2239,2023,2,2023-02-04,2023-02-07,4,RTT,Oui,Marketing
11200,2715,2024,5,2024-05-09,2024-05-26,18,Congé payé,Oui,Direction
10661,2806,2022,6,2022-06-10,2022-06-23,14,Accident du travail,Oui,Direction
11319,1897,2024,8,2024-08-26,2024-09-14,20,Congé sans solde,Oui,Opérations
12985,1881,2024,11,2024-11-06,2024-11-22,17,sick leave,Oui,Direction
14941,1121,2022,7,2022-07-13,2022-07-22,10,Maternité/Paternité,Oui,Direction
15020,2595,2022,6,2022-06-17,2022-06-23,7,Enfant malade,Oui,Opérations
14344,2574,2023,2,2023-02-10,2023-02-24,15,Congé sans solde,Oui,Juridique
14525,1898,2024,7,2024-07-02,2024-07-15,14,Enfant malade,Oui,Opérations
11175,2945,2024,10,2024-10-02,2024-10-20,19,Absence injustifiée,Non,R&D
14285,2502,2023,1,2023-01-18,2023-01-29,12,Maladie,Oui,RH
14195,2556,2023,11,2023-11-27,2023-12-09,13,Maternité/Paternité,Oui,Direction
11701,2314,2023,7,2023-07-16,2023-07-31,16,Congé payé,Oui,Finance
12826,2865,2024,7,2024-07-03,2024-07-15,13,Maladie,Oui,Marketing
16095,2428,2024,11,2024-11-05,2024-11-08,4,Congé payé,Oui,Juridique
12400,2153,2022,8,2022-08-25,2022-08-26,2,Accident du travail,Oui,Commercial
15049,2262,2022,11,2022-11-15,2022-11-18,4,Enfant malade,Oui,Commercial
12311,3204,2022,7,2022-07-28,2022-08-17,21,Congé payé,Oui,Direction
15824,2115,2023,5,2023-05-21,2023-05-29,9,RTT,Oui,Juridique
14004,2165,2022,8,2022-08-17,2022-08-28,12,sick leave,Oui,RH
15161,3371,2022,6,2022-06-07,2022-06-16,10,Enfant malade,Oui,Direction
15783,1710,2024,11,2024-11-25,2024-12-13,19,Congé payé,Oui,Opérations
14600,3356,2024,8,2024-08-27,2024-09-01,6,Maladie,Oui,Finance
14556,2822,2023,7,2023-07-28,2023-08-16,20,Formation,Oui,Marketing
10102,1290,2024,4,2024-04-18,2024-05-05,18,sick leave,Oui,Informatique
11383,2428,2024,6,2024-06-13,2024-06-25,13,Accident du travail,Oui,Juridique
15484,1927,2022,2,2022-02-08,2022-02-24,17,paid leave,Oui,Informatique
10477,3189,2024,3,2024-03-16,2024-03-28,13,Congé payé,Oui,Finance
16031,1481,2023,9,2023-09-01,2023-09-19,19,Maladie,Oui,Marketing
11408,3356,2023,3,2023-03-18,2023-04-01,15,paid leave,Oui,Finance
15193,1494,2024,2,2024-02-28,2024-03-04,6,Congé sans solde,Oui,Opérations
14949,2442,2022,1,2022-01-20,2022-01-23,4,Maladie,Oui,Logistique
15531,1306,2024,3,2024-03-02,2024-03-04,3,Maladie,Oui,Informatique
14516,2945,2022,8,2022-08-19,2022-08-26,8,Formation,Oui,R&D
11835,1550,2024,7,2024-07-27,2024-08-08,13,Maladie,Oui,Marketing
14945,1616,2022,10,2022-10-22,2022-11-09,19,Accident du travail,Oui,Finance
15437,1734,2022,8,2022-08-12,2022-08-19,8,Congé sans solde,Oui,Commercial
12145,1619,2024,8,2024-08-02,2024-08-02,1,Congé sans solde,Oui,Opérations
13522,1636,2023,11,2023-11-03,2023-11-05,3,Accident du travail,Oui,Marketing
11365,2136,2024,10,2024-10-15,2024-11-03,20,Maladie,Oui,Juridique
15288,2118,2024,12,2024-12-15,2024-12-21,7,Congé payé,Oui,Opérations
10923,2171,2023,12,2023-12-28,2024-01-10,14,Maladie,Oui,Juridique
15479,2755,2024,12,2024-12-10,2024-12-12,3,Congé payé,Oui,Informatique
15464,3398,2024,11,2024-11-11,2024-11-27,17,Accident du travail,Oui,Informatique
10382,2510,2024,9,2024-09-03,2024-09-20,18,Maternité/Paternité,Oui,Marketing
15857,1742,2023,11,2023-11-17,2023-11-22,6,Enfant malade,Oui,Informatique
15243,2060,2024,5,2024-05-23,2024-06-07,16,Accident du travail,Oui,Logistique
12291,1416,2023,4,2023-04-28,2023-05-15,18,Maternité/Paternité,Oui,R&D
11919,1775,2023,2,2023-02-08,2023-02-22,15,Absence injustifiée,Non,R&D
13690,1371,2023,4,2023-04-08,2023-04-12,5,RTT,Oui,Commercial
15779,1347,2023,2,2023-02-28,2023-03-14,15,Congé payé,Oui,Marketing
10448,2575,2024,11,2024-11-27,2024-12-11,15,Accident du travail,Oui,Commercial
16109,1775,2023,5,2023-05-26,2023-06-08,13,Formation,Oui,R&D
13798,3287,2023,9,2023-09-06,2023-09-11,6,paid leave,Oui,Commercial
15910,2755,2023,12,2023-12-10,2023-12-17,8,Maladie,Oui,Informatique
15033,2344,2024,6,2024-06-19,2024-06-22,4,Congé sans solde,Oui,R&D
16121,1485,2023,11,2023-11-11,2023-11-18,9,Accident du travail,Oui,Direction
13289,2193,2022,5,2022-05-15,2022-06-04,21,paid leave,Oui,Marketing
10033,2976,2022,9,2022-09-18,2022-09-08,-11,RTT,Oui,RH
13791,2502,2022,5,2022-05-05,2022-05-13,9,Congé payé,Oui,RH
15553,2617,2022,12,2022-12-10,2022-12-12,3,Maladie,Oui,Opérations
10915,2765,2024,9,2024-09-13,2024-09-28,16,Congé sans solde,Oui,RH
12994,2125,2024,7,2024-07-16,2024-07-31,16,paid leave,Oui,Marketing
10490,1877,2022,1,2022-01-05,2022-01-17,13,Maladie,Oui,R&D
14151,3000,2023,7,2023-07-06,2023-07-23,18,Maternité/Paternité,Oui,Opérations
13541,1445,2022,12,2022-12-27,2023-01-13,18,sick leave,Oui,Informatique
13004,2617,2024,9,2024-09-28,2024-10-11,14,Absence injustifiée,Non,Opérations
13887,1273,2022,3,2022-03-13,2022-03-17,5,Congé payé,Oui,Informatique
14632,2330,2022,5,2022-05-11,2022-05-12,2,Congé payé,Oui,RH
12058,3295,2024,4,2024-04-18,2024-05-01,14,Accident du travail,Oui,RH
15746,1712,2023,3,2023-03-02,2023-03-08,7,Congé payé,Oui,Juridique
12208,1335,2024,10,2024-10-03,2024-10-14,12,Congé payé,Oui,Sales
12456,1642,2024,1,2024-01-03,2024-01-21,19,Formation,Oui,Juridique
14003,1561,2024,9,2024-09-23,2024-10-06,14,Absence injustifiée,Non,Legal
16098,2343,2022,10,2022-10-01,2022-10-12,12,Maladie,Oui,Marketing
13747,2651,2024,1,2024-01-18,2024-01-30,13,sick leave,Oui,R&D
10877,1824,2022,9,2022-09-20,2022-10-05,16,paid leave,Oui,Marketing
10244,2911,2024,6,2024-06-04,2024-06-18,15,Maternité/Paternité,Oui,Direction
15958,1311,2024,6,2024-06-07,2024-06-08,2,Maladie,Oui,Opérations
13114,3111,2023,11,2023-11-10,2023-11-30,21,Congé payé,Oui,Opérations
12910,1769,2024,11,2024-11-04,2024-11-12,9,RTT,Oui,Opérations
11772,3287,2022,10,2022-10-26,2022-10-31,6,Maladie,Oui,Commercial
13689,1709,2024,11,2024-11-03,2024-11-17,15,Maternité/Paternité,Oui,R&D
11385,1851,2024,2,2024-02-26,2024-02-27,2,Congé sans solde,Oui,Direction
12701,1070,2023,9,2023-09-02,2023-09-18,17,paid leave,Oui,Opérations
11983,3251,2022,12,2022-12-27,2022-12-27,1,paid leave,Oui,R&D
15399,2715,2024,12,2024-12-27,2025-01-05,10,Formation,Oui,Direction
13478,1566,2022,7,2022-07-22,2022-08-09,19,RTT,Oui,Informatique
11492,2911,2022,1,2022-01-11,2022-01-31,21,sick leave,Oui,Direction
14377,2615,2022,1,2022-01-21,2022-01-31,11,Maladie,Oui,Commercial
13662,2015,2023,6,2023-06-28,2023-06-28,1,Maternité/Paternité,Oui,RH
13832,2351,2023,1,2023-01-12,2023-01-26,15,Congé payé,Oui,Logistique
10682,1051,2022,9,2022-09-15,2022-10-02,18,Accident du travail,Oui,Opérations
12650,1550,2023,7,2023-07-09,2023-07-23,15,Absence injustifiée,Non,Marketing
12645,1306,2022,8,2022-08-15,2022-08-31,17,Congé payé,Oui,Informatique
13886,3263,2023,11,2023-11-23,2023-12-10,18,RTT,Oui,Informatique
10511,1862,2022,3,2022-03-26,2022-04-03,9,Congé payé,Oui,RH
12347,2189,2024,12,2024-12-28,2025-01-17,21,paid leave,Oui,RH
13403,2016,2023,2,2023-02-03,2023-02-15,13,RTT,Oui,RH
12390,2138,2022,12,2022-12-23,2022-12-25,3,Congé payé,Oui,Direction
14338,1966,2024,3,2024-03-13,2024-04-01,20,Absence injustifiée,Non,Logistique
14375,2575,2022,5,2022-05-03,2022-05-21,19,Congé payé,Oui,Commercial
14789,3357,2024,8,2024-08-27,2024-09-13,18,Formation,Oui,Juridique
13732,3281,2022,10,2022-10-20,2022-10-31,12,Congé payé,Oui,Finance
12554,2171,2022,4,2022-04-05,2022-04-18,14,Congé payé,Oui,Juridique
13862,1081,2023,4,2023-04-20,2023-04-30,11,Congé payé,Oui,Juridique
10182,3333,2022,11,2022-11-03,2022-11-13,11,RTT,Oui,Juridique
13673,2120,2022,11,2022-11-02,2022-11-15,14,Maternité/Paternité,Oui,RH
11827,2977,2023,5,2023-05-24,2023-06-10,18,Formation,Oui,Commercial
11198,1633,2024,6,2024-06-12,2024-06-30,19,Enfant malade,Oui,Opérations
13371,1924,2022,9,2022-09-09,2022-09-11,3,sick leave,Oui,Informatique
15767,1662,2024,11,2024-11-18,2024-11-30,13,Congé sans solde,Oui,Direction
13386,1631,2024,2,2024-02-07,2024-02-22,16,RTT,Oui,Opérations
11796,2165,2023,5,2023-05-13,2023-05-16,4,Absence injustifiée,Non,RH
11948,3245,2022,8,2022-08-02,2022-08-09,8,Congé sans solde,Oui,Marketing
11058,2136,2022,9,2022-09-12,2022-09-15,4,Congé payé,Oui,Juridique
10283,2317,2024,1,2024-01-20,2024-01-30,11,Absence injustifiée,Non,Opérations
10226,3061,2023,4,2023-04-12,2023-04-29,18,Congé payé,Oui,R&D
11678,1366,2023,10,2023-10-27,2023-11-06,11,sick leave,Oui,Commercial
10096,1399,2024,1,2024-01-03,2024-01-04,2,Congé sans solde,Oui,Juridique
10438,1877,2022,7,2022-07-04,2022-07-14,11,RTT,Oui,R&D
10889,3315,2023,7,2023-07-10,2023-07-21,12,Congé sans solde,Oui,Commercial
10467,1214,2024,11,2024-11-20,2024-12-06,17,Formation,Oui,R&D
13179,3024,2023,12,2023-12-28,2023-12-28,1,Maladie,Oui,RH
13713,1217,2022,12,2022-12-03,2022-12-04,2,Congé payé,Oui,Direction
11634,3274,2023,3,2023-03-09,2023-03-12,4,Maternité/Paternité,Oui,Marketing
11501,1619,2024,2,2024-02-14,2024-02-17,4,Maladie,Oui,Opérations
11913,1952,2023,1,2023-01-18,2023-01-23,6,Enfant malade,Oui,Informatique
15762,1178,2022,9,2022-09-01,2022-09-01,1,Formation,Oui,Marketing
10349,1300,2024,1,2024-01-09,2024-01-11,3,paid leave,Oui,Commercial
15102,2754,2023,6,2023-06-22,2023-07-03,12,RTT,Oui,Opérations
12864,2810,2024,8,2024-08-02,2024-08-13,12,Absence injustifiée,Non,RH
12063,1937,2023,5,2023-05-21,2023-06-07,18,Maladie,Oui,Informatique
12025,1712,2023,10,2023-10-05,2023-10-10,6,RTT,Oui,Juridique
11853,2764,2024,2,2024-02-04,2024-02-24,21,Congé payé,Oui,Opérations
12453,1467,2022,1,2022-01-15,2022-01-20,6,RTT,Oui,Logistique
10567,2343,2023,2,2023-02-12,2023-02-20,9,Congé payé,Oui,Marketing
12689,1976,2024,11,2024-11-24,2024-12-01,8,Congé payé,Oui,Marketing
15365,2012,2024,4,2024-04-21,2024-04-24,4,Congé sans solde,Oui,R&D
10270,1306,2022,7,2022-07-10,2022-07-15,6,Enfant malade,Oui,Informatique
15713,1633,2024,3,2024-03-12,2024-03-25,14,Maladie,Oui,Opérations
14927,1124,2022,2,2022-02-14,2022-03-03,18,Maladie,Oui,Finance
11529,3318,2022,3,2022-03-28,2022-04-08,12,Maternité/Paternité,Oui,Juridique
11211,2193,2024,6,2024-06-17,2024-07-01,15,Maternité/Paternité,Oui,Marketing
14399,2746,2022,9,2022-09-19,2022-09-19,1,Congé payé,Oui,Finance
15293,2344,2024,10,2024-10-23,2024-11-10,19,Congé sans solde,Oui,R&D
13306,1393,2023,10,2023-10-26,2023-10-27,2,paid leave,Oui,Logistique
15196,2150,2024,2,2024-02-05,2024-02-14,10,paid leave,Oui,Finance
14376,1427,2022,12,2022-12-21,2023-01-04,15,Absence injustifiée,Non,Legal
11504,2523,2024,11,2024-11-12,2024-11-13,2,Maladie,Oui,Marketing
14216,2721,2023,6,2023-06-18,2023-07-06,19,Congé payé,Oui,Opérations
12493,3015,2023,1,2023-01-28,2023-02-07,11,RTT,Oui,Commercial
13924,2653,2022,10,2022-10-25,2022-11-08,15,RTT,Oui,Finance
15267,2781,2023,2,2023-02-15,2023-03-04,18,Maladie,Oui,Logistique
12175,1347,2023,10,2023-10-01,2023-10-05,5,Maternité/Paternité,Oui,Marketing
11828,1425,2023,12,2023-12-11,2023-12-31,21,paid leave,Oui,Juridique
14277,1374,2024,7,2024-07-02,2024-07-19,18,RTT,Oui,Marketing
11405,2659,2022,12,2022-12-18,2022-12-28,11,paid leave,Oui,Opérations
14142,3371,2023,7,2023-07-27,2023-07-31,5,Enfant malade,Oui,Direction
15608,1331,2024,12,2024-12-09,2024-12-13,5,Maternité/Paternité,Oui,Juridique
15711,2036,2024,8,2024-08-20,2024-08-20,1,paid leave,Oui,Informatique
11370,1877,2022,5,2022-05-25,2022-06-01,8,Congé sans solde,Oui,R&D
13106,1533,2022,5,2022-05-16,2022-05-19,4,RTT,Oui,Logistique
10470,1904,2023,10,2023-10-14,2023-10-22,9,RTT,Oui,Marketing
11409,2677,2023,12,2023-12-07,2023-12-18,12,Absence injustifiée,Non,Informatique
11163,3154,2023,9,2023-09-02,2023-09-08,7,Congé payé,Oui,R&D
14042,1966,2024,8,2024-08-08,2024-08-28,21,Congé sans solde,Oui,Logistique
13476,2613,2023,6,2023-06-28,2023-07-04,7,RTT,Oui,Marketing
11552,2648,2022,9,2022-09-09,2022-09-12,4,Congé sans solde,Oui,Direction
13426,3172,2023,8,2023-08-07,2023-08-10,4,sick leave,Oui,Marketing
13769,2351,2024,11,2024-11-27,2024-12-11,15,paid leave,Oui,Logistique
12875,1399,2023,6,2023-06-18,2023-06-30,13,paid leave,Oui,Juridique
14149,2314,2023,7,2023-07-09,2023-07-25,17,RTT,Oui,Finance
10136,1767,2023,7,2023-07-12,2023-07-18,7,Formation,Oui,Informatique
13634,1311,2022,5,2022-05-25,2022-05-28,4,paid leave,Oui,Opérations
14141,2016,2022,8,2022-08-03,2022-08-04,2,Maladie,Oui,RH
10499,1488,2023,2,2023-02-24,2023-03-05,10,RTT,Oui,Finance
11208,2822,2024,12,2024-12-16,2025-01-03,19,Congé payé,Oui,Marketing
15203,1416,2024,10,2024-10-28,2024-10-31,4,RTT,Oui,R&D
13422,3315,2023,12,2023-12-09,2023-12-13,5,Congé payé,Oui,Commercial
11849,1117,2022,4,2022-04-07,2022-04-16,10,Maladie,Oui,Marketing
10109,1402,2022,12,2022-12-27,2023-01-09,14,RTT,Oui,Logistique
13157,1121,2023,10,2023-10-03,2023-10-12,10,Congé sans solde,Oui,Direction
12181,2977,2024,9,2024-09-03,2024-09-23,21,Absence injustifiée,Non,Commercial
13502,1735,2024,4,2024-04-23,2024-05-12,20,Maladie,Oui,Juridique
11450,1256,2023,12,2023-12-19,2023-12-21,3,Maternité/Paternité,Oui,Logistique
14638,1796,2022,11,2022-11-07,2022-11-16,10,Maladie,Oui,Marketing
15093,2853,2022,7,2022-07-28,2022-07-29,2,Accident du travail,Oui,RH
15026,2077,2022,11,2022-11-07,2022-11-20,14,Congé payé,Oui,Logistique
12679,3356,2023,10,2023-10-27,2023-11-05,10,Absence injustifiée,Non,Finance
12617,2122,2023,11,2023-11-24,2023-12-06,13,sick leave,Oui,Management
12963,1976,2024,9,2024-09-15,2024-10-02,18,RTT,Oui,Marketing
13303,1561,2023,8,2023-08-11,2023-08-20,10,Congé payé,Oui,Legal
15461,2874,2022,2,2022-02-16,2022-02-25,10,Congé payé,Oui,Commercial
15646,3356,2024,9,2024-09-17,2024-09-22,6,paid leave,Oui,Finance
13000,1710,2024,3,2024-03-22,2024-03-29,8,Absence injustifiée,Non,Opérations
11336,2138,2023,7,2023-07-24,2023-08-07,15,sick leave,Oui,Direction
14423,1068,2023,12,2023-12-18,2023-12-22,5,Maladie,Oui,Commercial
14904,1684,2022,2,2022-02-05,2022-02-13,9,Congé sans solde,Oui,R&D
15052,1333,2023,2,2023-02-16,2023-02-19,4,Absence injustifiée,Non,R&D
13682,1482,2024,2,2024-02-16,2024-03-04,18,Maternité/Paternité,Oui,Juridique
14364,1051,2022,8,2022-08-18,2022-09-01,15,Enfant malade,Oui,Opérations
11610,1081,2023,7,2023-07-07,2023-07-19,13,Absence injustifiée,Non,Juridique
12880,1927,2022,6,2022-06-19,2022-06-21,3,Maladie,Oui,Informatique
14244,2153,2023,4,2023-04-16,2023-04-19,4,RTT,Oui,Commercial
12740,1544,2024,1,2024-01-22,2024-01-28,7,Maladie,Oui,Direction
15435,1937,2024,5,2024-05-16,2024-05-28,13,Congé sans solde,Oui,Informatique
13285,1335,2023,11,2023-11-12,2023-11-28,17,Enfant malade,Oui,Sales
15344,2556,2023,1,2023-01-10,2023-01-28,19,Maternité/Paternité,Oui,Direction
12447,2018,2024,9,2024-09-22,2024-09-29,8,sick leave,Oui,Direction
13827,1273,2022,2,2022-02-03,2022-02-14,12,Congé payé,Oui,Informatique
10858,2193,2024,7,2024-07-22,2024-08-02,12,RTT,Oui,Marketing
13986,1347,2023,10,2023-10-02,2023-10-11,10,Maladie,Oui,Marketing
14502,2165,2022,8,2022-08-11,2022-08-28,18,Congé payé,Oui,RH
10715,3398,2023,1,2023-01-06,2023-01-13,8,Congé payé,Oui,Informatique
13959,2755,2023,12,2023-12-12,2023-12-15,4,Formation,Oui,Informatique
13789,1928,2024,3,2024-03-11,2024-03-19,9,Maladie,Oui,Informatique
10671,1966,2024,11,2024-11-12,2024-11-18,7,sick leave,Oui,Logistique
14102,2115,2024,10,2024-10-14,2024-10-24,11,Formation,Oui,Juridique
12667,1711,2022,12,2022-12-09,2022-12-26,18,Maladie,Oui,R&D
12376,2242,2023,1,2023-01-18,2023-01-26,9,Congé sans solde,Oui,Commercial
15723,1782,2022,8,2022-08-13,2022-08-21,9,Congé sans solde,Oui,Juridique
14133,2573,2022,9,2022-09-04,2022-09-14,11,paid leave,Oui,RH
15114,2150,2022,8,2022-08-25,2022-09-12,19,Maladie,Oui,Finance
13138,1966,2023,3,2023-03-24,2023-03-26,3,Congé payé,Oui,Logistique
12245,3288,2024,3,2024-03-04,2024-03-10,7,Congé sans solde,Oui,RH
11302,1523,2022,2,2022-02-26,2022-03-03,6,paid leave,Oui,Marketing
10831,1548,2023,10,2023-10-20,2023-11-09,21,sick leave,Oui,Commercial
10811,2155,2023,11,2023-11-03,2023-11-19,17,Maternité/Paternité,Oui,Informatique
14426,2721,2023,10,2023-10-05,2023-10-12,8,Formation,Oui,Opérations
14792,1273,2022,5,2022-05-09,2022-05-11,3,Maladie,Oui,Informatique
14266,1371,2023,6,2023-06-17,2023-06-29,13,Accident du travail,Oui,Commercial
13803,2426,2022,12,2022-12-20,2023-01-02,14,RTT,Oui,Finance
14193,2393,2024,10,2024-10-02,2024-10-18,17,Maladie,Oui,Logistique
14239,2173,2023,6,2023-06-04,2023-06-09,6,Congé payé,Oui,Direction
14732,1501,2023,2,2023-02-15,2023-02-18,4,Maladie,Oui,R&D
13719,2015,2023,6,2023-06-20,2023-06-21,2,Accident du travail,Oui,RH
10529,1421,2023,10,2023-10-08,2023-10-28,21,sick leave,Oui,Finance
11786,3341,2023,10,2023-10-11,2023-10-13,3,Maladie,Oui,RH
12500,1106,2024,2,2024-02-17,2024-02-19,3,RTT,Oui,Marketing
13970,1374,2022,11,2022-11-08,2022-11-09,2,RTT,Oui,Marketing
13492,2360,2024,11,2024-11-12,2024-11-15,4,RTT,Oui,RH
15946,2743,2022,7,2022-07-07,2022-07-22,16,Accident du travail,Oui,Opérations
15645,1527,2024,11,2024-11-26,2024-11-28,3,Formation,Oui,Informatique
14730,1794,2022,3,2022-03-28,2022-03-31,4,Congé sans solde,Oui,Opérations
12637,2772,2024,4,2024-04-06,2024-04-08,3,RTT,Oui,Marketing
12991,2503,2023,9,2023-09-03,2023-09-05,3,Maladie,Oui,Informatique
10902,2187,2023,9,2023-09-08,2023-09-16,9,Congé payé,Oui,RH
15001,1228,2024,1,2024-01-06,2024-01-15,10,Maladie,Oui,Informatique
12820,3096,2024,12,2024-12-13,2024-12-27,15,sick leave,Oui,Logistique
11992,2046,2022,5,2022-05-27,2022-05-30,4,Accident du travail,Oui,Direction
10397,1761,2023,4,2023-04-15,2023-05-02,18,Formation,Oui,Logistique
15627,2016,2024,5,2024-05-24,2024-06-02,10,Maternité/Paternité,Oui,RH
15275,1496,2024,8,2024-08-28,2024-09-09,13,Enfant malade,Oui,Finance
11707,2573,2023,5,2023-05-06,2023-05-09,4,RTT,Oui,RH
12511,2677,2022,12,2022-12-13,2022-12-16,4,Maternité/Paternité,Oui,Informatique
11518,1971,2024,12,2024-12-18,2024-12-18,1,Formation,Oui,Logistique
13591,3274,2022,7,2022-07-28,2022-07-28,1,Congé payé,Oui,Marketing
12002,2196,2022,4,2022-04-22,2022-04-23,2,Congé payé,Oui,Commercial
14620,1544,2023,4,2023-04-05,2023-04-19,15,Maladie,Oui,Direction
12779,3376,2024,3,2024-03-01,2024-03-02,2,Maladie,Oui,Opérations
13898,3324,2024,4,2024-04-04,2024-04-16,13,Maternité/Paternité,Oui,R&D
14546,1256,2024,9,2024-09-09,2024-09-23,15,RTT,Oui,Logistique
10374,3149,2022,6,2022-06-12,2022-06-22,11,sick leave,Oui,Direction
11412,1070,2022,8,2022-08-22,2022-08-26,5,Maternité/Paternité,Oui,Opérations
15261,1812,2022,11,2022-11-05,2022-11-16,12,RTT,Oui,Juridique
14984,2645,2024,10,2024-10-27,2024-10-29,3,Accident du travail,Oui,Finance
15459,3153,2022,10,2022-10-26,2022-11-13,19,RTT,Oui,Direction
10117,2615,2022,6,2022-06-11,2022-06-24,14,Enfant malade,Oui,Commercial
10789,1124,2024,4,2024-04-20,2024-04-22,3,Absence injustifiée,Non,Finance
11386,1138,2022,7,2022-07-09,2022-07-10,2,sick leave,Oui,Juridique
14722,1796,2022,10,2022-10-27,2022-11-11,16,RTT,Oui,Marketing
15907,2317,2022,12,2022-12-25,2022-12-27,3,RTT,Oui,Opérations
15985,2475,2023,1,2023-01-04,2023-01-22,19,paid leave,Oui,R&D
11971,1796,2024,6,2024-06-16,2024-06-26,11,RTT,Oui,Marketing
12154,2874,2022,8,2022-08-11,2022-08-25,15,Accident du travail,Oui,Commercial
15283,1275,2022,5,2022-05-20,2022-06-04,16,Enfant malade,Oui,Logistique
13181,3139,2024,4,2024-04-04,2024-04-12,9,Accident du travail,Oui,Finance
15264,1212,2023,8,2023-08-20,2023-09-03,15,Maladie,Oui,R&D
12607,1937,2023,6,2023-06-24,2023-07-08,15,Maternité/Paternité,Oui,Informatique
12834,1862,2024,6,2024-06-18,2024-07-02,15,Absence injustifiée,Non,RH
14860,1527,2022,8,2022-08-20,2022-08-23,4,Congé sans solde,Oui,Informatique
13006,2525,2024,4,2024-04-20,2024-04-20,1,Congé payé,Oui,Operations
12738,3156,2024,1,2024-01-27,2024-02-14,19,Congé payé,Oui,Informatique
11689,1306,2022,12,2022-12-20,2022-12-31,12,Congé payé,Oui,Informatique
12747,2242,2022,9,2022-09-13,2022-09-23,11,Absence injustifiée,Non,Commercial
11855,3179,2022,9,2022-09-05,2022-09-22,18,sick leave,Oui,Direction
10019,1843,2022,12,2022-12-24,2022-12-20,-5,Maternité/Paternité,Oui,Opérations
14430,3099,2022,12,2022-12-19,2022-12-21,3,Absence injustifiée,Non,Commercial
13768,1068,2022,2,2022-02-02,2022-02-02,1,Enfant malade,Oui,Commercial
12375,2822,2023,9,2023-09-27,2023-10-08,12,Enfant malade,Oui,Marketing
12919,1796,2022,12,2022-12-26,2023-01-14,20,Maladie,Oui,Marketing
10718,1669,2022,11,2022-11-25,2022-12-09,15,paid leave,Oui,Juridique
14342,2254,2023,2,2023-02-20,2023-03-10,19,Enfant malade,Oui,R&D
13519,3356,2024,9,2024-09-08,2024-09-20,13,paid leave,Oui,Finance
10489,2806,2024,10,2024-10-06,2024-10-08,3,Congé sans solde,Oui,Direction
15474,2656,2023,10,2023-10-01,2023-10-07,7,RTT,Oui,Commercial
14902,1403,2022,4,2022-04-04,2022-04-14,11,paid leave,Oui,Opérations
15502,2613,2024,3,2024-03-02,2024-03-10,9,Absence injustifiée,Non,Marketing
11005,2187,2023,1,2023-01-15,2023-02-04,21,Congé payé,Oui,RH
12984,1311,2024,10,2024-10-15,2024-10-18,4,Congé payé,Oui,Opérations
12283,2242,2024,9,2024-09-18,2024-10-07,20,Maladie,Oui,Commercial
13688,2314,2023,3,2023-03-09,2023-03-15,7,Maladie,Oui,Finance
15863,2015,2022,5,2022-05-04,2022-05-13,10,Congé payé,Oui,RH
15623,1155,2022,11,2022-11-26,2022-11-26,1,Maternité/Paternité,Oui,Direction
12312,2765,2022,9,2022-09-21,2022-09-21,1,Maladie,Oui,RH
11150,3187,2022,12,2022-12-03,2022-12-18,16,Congé payé,Oui,Juridique
14612,2192,2023,7,2023-07-03,2023-07-17,15,Congé payé,Oui,Logistique
12535,2916,2024,1,2024-01-24,2024-02-12,20,RTT,Oui,Commercial
14796,1327,2023,11,2023-11-18,2023-11-25,8,Formation,Oui,RH
13517,1301,2024,11,2024-11-17,2024-11-20,4,Maladie,Oui,Commercial
13364,1677,2024,10,2024-10-02,2024-10-14,13,RTT,Oui,RH
11986,3256,2022,8,2022-08-14,2022-09-02,20,Congé payé,Oui,Opérations
14697,2370,2024,3,2024-03-27,2024-04-08,13,Congé sans solde,Oui,Informatique
14830,2879,2024,1,2024-01-08,2024-01-20,13,RTT,Oui,Finance
11857,3000,2022,11,2022-11-05,2022-11-05,1,Accident du travail,Oui,Opérations
10149,1081,2023,1,2023-01-02,2023-01-13,12,Congé payé,Oui,Juridique
14326,2525,2024,7,2024-07-10,2024-07-10,1,Absence injustifiée,Non,Operations
11075,2132,2023,12,2023-12-09,2023-12-24,16,Absence injustifiée,Non,RH
15963,2243,2024,2,2024-02-10,2024-02-18,9,Congé payé,Oui,Direction
10616,2077,2023,10,2023-10-25,2023-11-10,17,RTT,Oui,Logistique
10197,1770,2024,2,2024-02-02,2024-02-13,12,Congé sans solde,Oui,R&D
15469,1444,2022,3,2022-03-18,2022-04-07,21,Congé sans solde,Oui,Commercial
13879,3099,2024,12,2024-12-16,2024-12-31,16,RTT,Oui,Commercial
11470,1642,2022,2,2022-02-15,2022-03-01,15,RTT,Oui,Juridique
11920,2806,2022,7,2022-07-17,2022-07-25,9,sick leave,Oui,Direction
10554,1127,2024,12,2024-12-21,2025-01-02,13,Maternité/Paternité,Oui,Marketing
13932,1068,2022,9,2022-09-03,2022-09-09,7,RTT,Oui,Commercial
10932,1529,2024,6,2024-06-12,2024-06-25,14,Absence injustifiée,Non,Logistique
15572,3398,2024,7,2024-07-28,2024-07-29,2,Formation,Oui,Informatique
14561,2556,2023,5,2023-05-25,2023-06-03,10,Enfant malade,Oui,Direction
10537,2040,2022,4,2022-04-22,2022-04-27,6,paid leave,Oui,Opérations
12225,3318,2022,4,2022-04-03,2022-04-14,12,Maladie,Oui,Juridique
12862,2036,2023,6,2023-06-21,2023-07-07,17,Congé payé,Oui,Informatique
10356,1877,2022,3,2022-03-15,2022-03-25,11,Absence injustifiée,Non,R&D
12363,2438,2022,3,2022-03-06,2022-03-17,12,Congé payé,Oui,Informatique
13623,3356,2022,5,2022-05-03,2022-05-23,21,sick leave,Oui,Finance
16055,3376,2022,11,2022-11-09,2022-11-17,9,RTT,Oui,Opérations
12564,2125,2023,4,2023-04-28,2023-05-10,13,RTT,Oui,Marketing
13376,3356,2024,5,2024-05-02,2024-05-18,17,Accident du travail,Oui,Finance
11444,2475,2022,9,2022-09-25,2022-10-13,19,paid leave,Oui,R&D
13358,2344,2023,2,2023-02-19,2023-02-20,2,Formation,Oui,R&D
14406,2712,2022,9,2022-09-08,2022-09-17,10,paid leave,Oui,Logistique
10523,1252,2022,10,2022-10-10,2022-10-13,4,Absence injustifiée,Non,Juridique
15598,2523,2022,5,2022-05-27,2022-06-15,20,Absence injustifiée,Non,Marketing
11674,1983,2022,12,2022-12-07,2022-12-22,16,Congé payé,Oui,Finance
12695,2040,2024,10,2024-10-22,2024-10-22,1,Absence injustifiée,Non,Opérations
13054,1677,2024,5,2024-05-10,2024-05-18,9,Maternité/Paternité,Oui,RH
11350,2360,2022,6,2022-06-03,2022-06-13,11,paid leave,Oui,RH
11944,1427,2023,3,2023-03-02,2023-03-19,18,Accident du travail,Oui,Legal
13456,1775,2024,2,2024-02-21,2024-03-04,13,sick leave,Oui,R&D
10808,2510,2024,10,2024-10-20,2024-11-05,17,paid leave,Oui,Marketing
13379,2535,2023,9,2023-09-13,2023-09-25,13,Maladie,Oui,Direction
14962,3129,2023,6,2023-06-22,2023-06-29,8,Formation,Oui,Marketing
13540,2219,2022,1,2022-01-15,2022-01-23,9,Maladie,Oui,R&D
12483,2503,2024,9,2024-09-01,2024-09-17,17,Enfant malade,Oui,Informatique
14805,1928,2023,10,2023-10-05,2023-10-18,14,Congé payé,Oui,Informatique
10242,1467,2024,8,2024-08-09,2024-08-24,16,Congé payé,Oui,Logistique
11287,2911,2024,2,2024-02-13,2024-02-21,9,Congé sans solde,Oui,Direction
10961,1068,2022,2,2022-02-18,2022-03-06,17,Congé payé,Oui,Commercial
12713,1481,2024,8,2024-08-13,2024-08-25,13,Maternité/Paternité,Oui,Marketing
15304,1673,2024,5,2024-05-18,2024-05-31,14,RTT,Oui,Direction
11419,1642,2023,2,2023-02-19,2023-02-25,7,sick leave,Oui,Juridique
15060,2822,2024,9,2024-09-03,2024-09-13,11,paid leave,Oui,Marketing
10842,2535,2023,7,2023-07-01,2023-07-16,16,RTT,Oui,Direction
15704,3318,2024,7,2024-07-24,2024-08-08,16,sick leave,Oui,Juridique
15527,1421,2022,11,2022-11-03,2022-11-03,1,Enfant malade,Oui,Finance
15540,2930,2024,8,2024-08-02,2024-08-06,5,Accident du travail,Oui,Logistique
10530,1523,2024,6,2024-06-07,2024-06-21,15,paid leave,Oui,Marketing
12578,1669,2024,3,2024-03-21,2024-04-03,14,Congé sans solde,Oui,Juridique
15604,2721,2022,8,2022-08-27,2022-09-06,11,Maladie,Oui,Opérations
10913,2454,2023,3,2023-03-08,2023-03-26,19,Maladie,Oui,Informatique
11459,2754,2024,8,2024-08-07,2024-08-21,15,Absence injustifiée,Non,Opérations
12343,1217,2024,3,2024-03-13,2024-03-27,15,paid leave,Oui,Direction
13808,1981,2024,8,2024-08-04,2024-08-15,12,Accident du travail,Oui,Direction
12342,1898,2023,1,2023-01-15,2023-01-25,11,Congé payé,Oui,Opérations
13281,1068,2024,8,2024-08-02,2024-08-17,16,Congé payé,Oui,Commercial
11613,1862,2024,4,2024-04-18,2024-05-03,16,Congé sans solde,Oui,RH
12519,2262,2023,8,2023-08-28,2023-09-13,17,Accident du travail,Oui,Commercial
15847,1523,2022,2,2022-02-10,2022-02-22,13,Formation,Oui,Marketing
11013,2645,2024,7,2024-07-18,2024-07-21,4,Maladie,Oui,Finance
14392,2755,2023,12,2023-12-14,2023-12-27,14,Formation,Oui,Informatique
15835,3129,2023,4,2023-04-13,2023-04-15,3,Formation,Oui,Marketing
13822,2806,2023,11,2023-11-12,2023-11-21,10,Congé payé,Oui,Direction
14586,2617,2023,8,2023-08-27,2023-09-15,20,Congé payé,Oui,Opérations
14037,2438,2024,9,2024-09-07,2024-09-24,18,Enfant malade,Oui,Informatique
13874,1710,2023,5,2023-05-18,2023-05-23,6,RTT,Oui,Opérations
11589,1256,2022,6,2022-06-28,2022-07-13,16,paid leave,Oui,Logistique
11393,3321,2023,9,2023-09-19,2023-10-07,19,Maladie,Oui,Juridique
12402,3276,2023,7,2023-07-25,2023-08-04,11,Congé payé,Oui,Informatique
15232,1523,2023,7,2023-07-02,2023-07-17,16,Maladie,Oui,Marketing
13292,2239,2024,5,2024-05-21,2024-05-30,10,Formation,Oui,Marketing
12230,2081,2023,9,2023-09-07,2023-09-12,6,Congé sans solde,Oui,Finance
12015,1254,2024,10,2024-10-18,2024-10-23,6,RTT,Oui,Finance
13396,2125,2024,4,2024-04-08,2024-04-20,13,Congé payé,Oui,Marketing
15467,3293,2024,10,2024-10-04,2024-10-05,2,Maladie,Oui,Finance
13656,2321,2023,5,2023-05-05,2023-05-08,4,sick leave,Oui,Informatique
11531,2360,2022,3,2022-03-26,2022-04-13,19,Congé sans solde,Oui,RH
14965,1711,2024,2,2024-02-18,2024-02-23,6,Congé payé,Oui,R&D
10839,2607,2023,12,2023-12-25,2024-01-13,20,Congé payé,Oui,Operations
15601,1178,2022,8,2022-08-11,2022-08-15,5,Enfant malade,Oui,Marketing
12250,1928,2022,10,2022-10-10,2022-10-11,2,paid leave,Oui,Informatique
14896,1300,2023,11,2023-11-10,2023-11-19,10,Absence injustifiée,Non,Commercial
13774,2442,2022,8,2022-08-02,2022-08-02,1,Congé payé,Oui,Logistique
15593,1543,2023,2,2023-02-21,2023-02-26,6,Maladie,Oui,Finance
11273,2244,2024,4,2024-04-11,2024-05-01,21,Absence injustifiée,Non,RH
12854,3117,2024,2,2024-02-09,2024-02-29,21,Maternité/Paternité,Oui,Commercial
13600,2743,2023,6,2023-06-02,2023-06-13,12,RTT,Oui,Opérations
13718,2244,2022,2,2022-02-14,2022-03-05,20,Maladie,Oui,RH
12755,2038,2024,10,2024-10-15,2024-10-27,13,Enfant malade,Oui,Informatique
15398,2625,2023,3,2023-03-15,2023-04-02,19,Accident du travail,Oui,Commercial
10882,2404,2024,6,2024-06-10,2024-06-19,10,Maladie,Oui,R&D
13625,2321,2024,8,2024-08-25,2024-09-13,20,Absence injustifiée,Non,Informatique
12481,2502,2022,9,2022-09-27,2022-09-27,1,RTT,Oui,RH
12194,2754,2022,8,2022-08-12,2022-08-31,20,Enfant malade,Oui,Opérations
13209,1256,2024,11,2024-11-22,2024-12-08,17,Congé payé,Oui,Logistique
15331,1710,2024,9,2024-09-16,2024-09-28,13,RTT,Oui,Opérations
10346,2414,2024,2,2024-02-01,2024-02-20,20,Absence injustifiée,Non,Finance
16100,1225,2022,10,2022-10-05,2022-10-25,22,Maladie,Oui,R&D
10415,1669,2022,5,2022-05-27,2022-06-08,13,Absence injustifiée,Non,Juridique
12806,1117,2022,11,2022-11-13,2022-11-22,10,paid leave,Oui,Marketing
14536,1281,2022,8,2022-08-01,2022-08-12,12,Maternité/Paternité,Oui,Direction
10769,1409,2024,9,2024-09-04,2024-09-22,19,Maladie,Oui,Logistique
12346,1298,2024,10,2024-10-22,2024-11-04,14,Congé sans solde,Oui,R&D
14955,2469,2024,9,2024-09-08,2024-09-26,19,Congé payé,Oui,Logistique
12107,1252,2023,1,2023-01-28,2023-02-02,6,RTT,Oui,Juridique
11713,1681,2024,1,2024-01-28,2024-02-15,19,Congé sans solde,Oui,Logistique
14616,3062,2023,6,2023-06-02,2023-06-14,13,Congé sans solde,Oui,Informatique
12823,1485,2023,4,2023-04-22,2023-05-05,14,Formation,Oui,Direction
14497,1635,2023,10,2023-10-23,2023-11-02,11,Congé sans solde,Oui,Informatique
14470,2574,2024,12,2024-12-03,2024-12-23,21,Formation,Oui,Juridique
11846,1485,2023,10,2023-10-03,2023-10-14,12,Absence injustifiée,Non,Direction
10925,2140,2023,1,2023-01-24,2023-02-08,16,Congé payé,Oui,R&D
14773,1996,2024,6,2024-06-19,2024-06-22,4,Maternité/Paternité,Oui,Marketing
10759,1488,2023,1,2023-01-14,2023-01-20,7,Enfant malade,Oui,Finance
12517,2314,2023,7,2023-07-13,2023-07-30,18,paid leave,Oui,Finance
14884,1746,2024,7,2024-07-05,2024-07-12,8,Congé payé,Oui,Finance
13532,2317,2024,8,2024-08-08,2024-08-15,8,Accident du travail,Oui,Opérations
15738,3129,2024,7,2024-07-06,2024-07-26,21,Congé payé,Oui,Marketing
13696,3123,2024,11,2024-11-06,2024-11-21,16,Congé payé,Oui,Commercial
11747,1070,2022,4,2022-04-24,2022-04-25,2,sick leave,Oui,Opérations
13534,1449,2023,9,2023-09-22,2023-09-23,2,Congé payé,Oui,Juridique
14215,2221,2024,4,2024-04-18,2024-05-08,21,RTT,Oui,R&D
12594,1124,2022,7,2022-07-20,2022-07-20,1,Absence injustifiée,Non,Finance
12520,1616,2024,2,2024-02-21,2024-03-03,12,Congé payé,Oui,Finance
14820,1327,2022,9,2022-09-01,2022-09-21,21,sick leave,Oui,RH
11732,1767,2024,4,2024-04-03,2024-04-17,15,RTT,Oui,Informatique
12793,3173,2024,8,2024-08-16,2024-08-25,10,sick leave,Oui,Commercial
10223,2755,2024,9,2024-09-26,2024-10-15,20,Congé payé,Oui,Informatique
12010,1769,2024,3,2024-03-15,2024-03-25,11,paid leave,Oui,Opérations
14255,1194,2023,6,2023-06-05,2023-06-19,15,paid leave,Oui,R&D
14635,1769,2024,11,2024-11-02,2024-11-03,2,Maladie,Oui,Opérations
13257,1256,2023,11,2023-11-11,2023-11-26,16,Congé payé,Oui,Logistique
11305,2772,2023,9,2023-09-27,2023-09-28,2,Congé payé,Oui,Marketing
11865,2930,2022,11,2022-11-26,2022-11-28,3,sick leave,Oui,Logistique
15406,2314,2022,8,2022-08-08,2022-08-18,11,Accident du travail,Oui,Finance
12665,2810,2022,6,2022-06-17,2022-06-22,6,Maladie,Oui,RH
15628,1673,2023,4,2023-04-10,2023-04-18,9,paid leave,Oui,Direction
11476,2690,2024,11,2024-11-16,2024-11-20,5,Absence injustifiée,Non,Commercial
15489,2988,2022,9,2022-09-28,2022-10-18,21,Congé sans solde,Oui,RH
10633,1635,2022,11,2022-11-04,2022-11-10,7,Formation,Oui,Informatique
14396,1485,2024,6,2024-06-17,2024-06-19,3,Congé payé,Oui,Direction
13553,1924,2022,8,2022-08-13,2022-08-26,14,Absence injustifiée,Non,Informatique
13902,2617,2022,6,2022-06-01,2022-06-15,15,Enfant malade,Oui,Opérations
14246,2321,2024,8,2024-08-16,2024-09-02,18,Maladie,Oui,Informatique
15687,1707,2023,10,2023-10-26,2023-11-09,15,Congé payé,Oui,Opérations
11925,2153,2022,7,2022-07-12,2022-07-30,19,paid leave,Oui,Commercial
12084,1636,2024,11,2024-11-10,2024-11-23,14,RTT,Oui,Marketing
13127,1106,2024,11,2024-11-20,2024-12-07,18,Maladie,Oui,Marketing
13524,2615,2024,10,2024-10-23,2024-11-04,13,Congé payé,Oui,Commercial
11597,1427,2022,10,2022-10-01,2022-10-07,7,Maladie,Oui,Legal
13948,3357,2024,12,2024-12-24,2025-01-12,20,sick leave,Oui,Juridique
14049,1921,2024,7,2024-07-15,2024-07-22,8,paid leave,Oui,Opérations
13937,2573,2023,5,2023-05-23,2023-05-31,9,Congé payé,Oui,RH
14948,1976,2022,8,2022-08-25,2022-09-01,8,Maladie,Oui,Marketing
15686,1761,2023,6,2023-06-08,2023-06-15,8,sick leave,Oui,Logistique
15693,2262,2022,10,2022-10-06,2022-10-08,3,Congé payé,Oui,Commercial
10685,1421,2022,5,2022-05-10,2022-05-22,13,Absence injustifiée,Non,Finance
13305,3281,2024,8,2024-08-20,2024-09-03,15,Maladie,Oui,Finance
13236,1862,2023,11,2023-11-13,2023-12-03,21,sick leave,Oui,RH
10439,1232,2024,3,2024-03-14,2024-03-16,3,Formation,Oui,Marketing
12431,1347,2024,1,2024-01-10,2024-01-20,11,Maladie,Oui,Marketing
12503,3189,2022,7,2022-07-18,2022-07-24,7,Formation,Oui,Finance
11399,2134,2022,2,2022-02-08,2022-02-21,14,RTT,Oui,Direction
13172,2283,2024,12,2024-12-07,2024-12-23,17,paid leave,Oui,Opérations
12591,2448,2024,6,2024-06-01,2024-06-12,12,Congé payé,Oui,Logistique
14741,2012,2023,12,2023-12-20,2023-12-22,3,Congé sans solde,Oui,R&D
10870,2755,2022,7,2022-07-19,2022-07-29,11,paid leave,Oui,Informatique
11101,1273,2024,1,2024-01-17,2024-01-26,10,paid leave,Oui,Informatique
13100,2454,2022,10,2022-10-13,2022-10-22,10,Maladie,Oui,Informatique
16083,2438,2024,11,2024-11-11,2024-11-25,15,Congé payé,Oui,Informatique
12539,1966,2024,7,2024-07-03,2024-07-04,2,RTT,Oui,Logistique
12853,3024,2022,6,2022-06-05,2022-06-08,4,Congé sans solde,Oui,RH
11514,1775,2023,11,2023-11-22,2023-11-27,6,Formation,Oui,R&D
10849,1971,2023,5,2023-05-22,2023-06-05,15,Enfant malade,Oui,Logistique
14483,2523,2022,4,2022-04-14,2022-04-19,6,paid leave,Oui,Marketing
15577,2949,2023,11,2023-11-10,2023-11-17,8,Accident du travail,Oui,Opérations
10457,3154,2023,11,2023-11-28,2023-12-07,10,Enfant malade,Oui,R&D
14214,1744,2024,5,2024-05-07,2024-05-18,12,sick leave,Oui,Direction
13611,3176,2022,9,2022-09-21,2022-09-26,6,paid leave,Oui,Finance
14627,1971,2023,5,2023-05-07,2023-05-21,15,Formation,Oui,Logistique
14847,1529,2022,6,2022-06-10,2022-06-14,5,Congé payé,Oui,Logistique
13776,1106,2023,9,2023-09-27,2023-10-03,7,Maladie,Oui,Marketing
13899,1524,2022,6,2022-06-08,2022-06-15,8,Absence injustifiée,Non,Marketing
11982,1679,2024,2,2024-02-27,2024-03-07,10,Congé payé,Oui,Finance
14286,1290,2022,12,2022-12-08,2022-12-16,9,paid leave,Oui,Informatique
10582,1662,2022,7,2022-07-26,2022-08-10,16,Congé payé,Oui,Direction
13210,3276,2024,11,2024-11-11,2024-11-26,16,Accident du travail,Oui,Informatique
11225,1301,2023,3,2023-03-28,2023-04-02,6,sick leave,Oui,Commercial
11017,2645,2022,5,2022-05-01,2022-05-03,3,RTT,Oui,Finance
12621,1934,2023,11,2023-11-05,2023-11-06,2,Formation,Oui,Direction
11078,1897,2024,8,2024-08-25,2024-08-30,6,Absence injustifiée,Non,Opérations
12140,2289,2024,4,2024-04-21,2024-04-30,10,paid leave,Oui,Marketing
15466,1217,2022,6,2022-06-15,2022-06-23,9,Maternité/Paternité,Oui,Direction
10851,3293,2022,2,2022-02-17,2022-02-26,10,Congé payé,Oui,Finance
14333,2761,2024,11,2024-11-13,2024-11-19,7,Absence injustifiée,Non,Informatique
10171,1412,2024,1,2024-01-11,2024-01-25,15,Maladie,Oui,Opérations
11997,2874,2023,12,2023-12-11,2023-12-30,20,Formation,Oui,Commercial
15589,2118,2024,12,2024-12-10,2024-12-25,16,Congé payé,Oui,Opérations
14798,3263,2022,9,2022-09-21,2022-10-10,20,sick leave,Oui,Informatique
10352,2442,2024,4,2024-04-27,2024-05-02,6,Accident du travail,Oui,Logistique
11878,1631,2022,5,2022-05-01,2022-05-09,9,Maladie,Oui,Opérations
11230,2058,2024,3,2024-03-21,2024-03-22,2,Accident du travail,Oui,Juridique
10866,1138,2024,10,2024-10-20,2024-10-21,2,Congé payé,Oui,Juridique
10411,1897,2022,2,2022-02-26,2022-02-26,1,Congé payé,Oui,Opérations
13564,1273,2023,7,2023-07-14,2023-08-01,19,Congé sans solde,Oui,Informatique
13185,3153,2022,11,2022-11-16,2022-12-05,20,Congé payé,Oui,Direction
14801,2605,2022,6,2022-06-26,2022-06-26,1,Congé payé,Oui,Commercial
10316,1596,2022,9,2022-09-23,2022-10-08,16,paid leave,Oui,R&D
15402,1775,2024,1,2024-01-28,2024-02-14,18,Accident du travail,Oui,R&D
10832,1421,2023,3,2023-03-02,2023-03-03,2,Maladie,Oui,Finance
15799,1927,2023,8,2023-08-23,2023-09-09,18,RTT,Oui,Informatique
12293,3333,2022,9,2022-09-10,2022-09-17,8,Maladie,Oui,Juridique
15360,3376,2023,10,2023-10-21,2023-11-07,18,Congé payé,Oui,Opérations
12669,1767,2022,6,2022-06-17,2022-06-17,1,RTT,Oui,Informatique
14681,2977,2022,7,2022-07-03,2022-07-18,16,RTT,Oui,Commercial
11813,2243,2023,7,2023-07-26,2023-08-09,15,Absence injustifiée,Non,Direction
15488,1543,2023,2,2023-02-09,2023-02-21,13,Formation,Oui,Finance
12364,1300,2023,4,2023-04-22,2023-04-24,3,Accident du travail,Oui,Commercial
14526,3295,2024,12,2024-12-26,2025-01-04,10,Congé payé,Oui,RH
12772,2949,2022,3,2022-03-15,2022-04-03,20,Congé payé,Oui,Opérations
11977,3263,2023,1,2023-01-04,2023-01-10,7,RTT,Oui,Informatique
10941,1177,2023,9,2023-09-27,2023-10-09,13,paid leave,Oui,RH
12271,2081,2024,11,2024-11-24,2024-12-06,13,Congé payé,Oui,Finance
11686,2322,2023,1,2023-01-26,2023-02-13,19,Accident du travail,Oui,RH
15014,3176,2023,5,2023-05-01,2023-05-07,7,Maladie,Oui,Finance
13056,3392,2024,11,2024-11-02,2024-11-21,20,Maladie,Oui,Marketing
14760,2283,2022,11,2022-11-01,2022-11-12,12,Maladie,Oui,Opérations
10172,3256,2022,3,2022-03-03,2022-03-19,17,Maladie,Oui,Opérations
10237,1138,2022,4,2022-04-21,2022-04-23,3,Maternité/Paternité,Oui,Juridique
12328,1862,2022,4,2022-04-19,2022-04-20,2,Maternité/Paternité,Oui,RH
14225,1425,2022,11,2022-11-25,2022-12-03,9,Congé payé,Oui,Juridique
10802,2120,2024,5,2024-05-06,2024-05-08,3,RTT,Oui,RH
15426,1214,2024,3,2024-03-20,2024-04-01,13,paid leave,Oui,R&D
14476,3324,2022,10,2022-10-04,2022-10-22,19,Accident du travail,Oui,R&D
12355,1412,2024,10,2024-10-12,2024-10-21,10,paid leave,Oui,Opérations
15945,3256,2023,9,2023-09-23,2023-09-30,8,Accident du travail,Oui,Opérations
10498,1121,2022,2,2022-02-05,2022-02-24,20,paid leave,Oui,Direction
10435,2776,2024,5,2024-05-09,2024-05-14,6,Absence injustifiée,Non,Juridique
14828,2721,2024,10,2024-10-23,2024-11-06,15,RTT,Oui,Opérations
10027,2510,2023,6,2023-06-22,2023-06-17,-6,Maladie,Oui,Marketing
10634,1866,2024,4,2024-04-19,2024-04-20,2,Absence injustifiée,Non,Informatique
15765,2772,2023,2,2023-02-26,2023-02-26,1,Formation,Oui,Marketing
13723,2762,2024,8,2024-08-13,2024-08-15,3,paid leave,Oui,RH
11847,3106,2023,9,2023-09-02,2023-09-17,16,Congé payé,Oui,R&D
10646,2911,2023,4,2023-04-27,2023-05-02,6,Absence injustifiée,Non,Direction
11538,1444,2023,5,2023-05-25,2023-05-28,4,Congé sans solde,Oui,Commercial
10805,3371,2023,8,2023-08-21,2023-09-09,20,Congé payé,Oui,Direction
13272,1271,2024,7,2024-07-17,2024-07-17,1,Maladie,Oui,Juridique
15035,1255,2023,9,2023-09-25,2023-10-09,15,RTT,Oui,R&D
10745,2673,2022,5,2022-05-22,2022-05-22,1,Congé sans solde,Oui,Logistique
13947,2344,2022,1,2022-01-14,2022-01-25,12,sick leave,Oui,R&D
11884,3204,2024,2,2024-02-01,2024-02-04,4,RTT,Oui,Direction
10867,1673,2022,11,2022-11-17,2022-11-27,11,Formation,Oui,Direction
14812,2454,2022,4,2022-04-21,2022-05-02,12,Formation,Oui,Informatique
11677,1711,2024,11,2024-11-02,2024-11-22,21,paid leave,Oui,R&D
11653,1543,2022,2,2022-02-21,2022-02-23,3,paid leave,Oui,Finance
10250,2939,2024,2,2024-02-15,2024-02-24,10,Accident du travail,Oui,R&D
16010,2295,2023,2,2023-02-26,2023-03-12,15,Maladie,Oui,Informatique
11344,1147,2024,4,2024-04-17,2024-05-05,19,Enfant malade,Oui,Direction
16023,3271,2022,1,2022-01-18,2022-01-24,7,Congé payé,Oui,Finance
15266,2525,2022,1,2022-01-07,2022-01-12,6,Absence injustifiée,Non,Operations
14640,1681,2022,6,2022-06-23,2022-07-04,12,Congé sans solde,Oui,Logistique
10936,2077,2022,12,2022-12-14,2022-12-17,4,Maladie,Oui,Logistique
11782,3029,2024,9,2024-09-26,2024-10-10,15,Congé sans solde,Oui,Commercial
10971,3245,2022,11,2022-11-22,2022-12-11,20,Formation,Oui,Marketing
11545,3184,2022,10,2022-10-13,2022-10-23,11,Congé payé,Oui,Juridique
10754,3245,2022,2,2022-02-16,2022-02-21,6,sick leave,Oui,Marketing
16123,1121,2023,10,2023-10-03,2023-10-12,9,Congé sans solde,Oui,Direction
13182,2171,2023,1,2023-01-12,2023-01-27,16,Formation,Oui,Juridique
10784,2165,2024,5,2024-05-01,2024-05-20,20,Maternité/Paternité,Oui,RH
11260,2573,2023,6,2023-06-08,2023-06-12,5,Congé payé,Oui,RH
11708,3117,2022,1,2022-01-20,2022-01-28,9,Congé payé,Oui,Commercial
11391,3315,2024,6,2024-06-19,2024-07-06,18,Enfant malade,Oui,Commercial
15798,1971,2022,7,2022-07-28,2022-07-31,4,RTT,Oui,Logistique
14166,3295,2023,10,2023-10-19,2023-10-20,2,Enfant malade,Oui,RH
15480,2046,2022,4,2022-04-10,2022-04-28,19,Enfant malade,Oui,Direction
14168,2445,2023,2,2023-02-03,2023-02-19,17,Maladie,Oui,Logistique
10298,3096,2023,5,2023-05-02,2023-05-06,5,Maladie,Oui,Logistique
12005,2677,2024,10,2024-10-13,2024-10-13,1,Congé payé,Oui,Informatique
13400,1756,2022,3,2022-03-04,2022-03-14,11,Congé sans solde,Oui,Finance
12241,2615,2022,4,2022-04-16,2022-04-27,12,Maladie,Oui,Commercial
15930,1752,2022,6,2022-06-21,2022-07-04,14,sick leave,Oui,Juridique
12072,2690,2023,12,2023-12-08,2023-12-09,2,Maladie,Oui,Commercial
10907,2343,2023,2,2023-02-06,2023-02-17,12,Congé payé,Oui,Marketing
13896,1862,2024,8,2024-08-24,2024-09-08,16,paid leave,Oui,RH
11490,3065,2023,8,2023-08-16,2023-08-27,12,Congé sans solde,Oui,RH
11998,1937,2023,9,2023-09-25,2023-09-28,4,Congé sans solde,Oui,Informatique
10798,2010,2023,5,2023-05-12,2023-05-23,12,Congé payé,Oui,Informatique
12499,2192,2024,6,2024-06-13,2024-07-02,20,sick leave,Oui,Logistique
10541,1949,2024,10,2024-10-12,2024-10-30,19,Congé payé,Oui,Marketing
10187,2573,2023,4,2023-04-15,2023-04-16,2,Maladie,Oui,RH
13469,1934,2024,4,2024-04-27,2024-05-06,10,Accident du travail,Oui,Direction
15709,1501,2022,9,2022-09-19,2022-09-20,2,Congé payé,Oui,R&D
15090,2781,2024,1,2024-01-07,2024-01-17,11,Accident du travail,Oui,Logistique
16050,2865,2022,1,2022-01-28,2022-01-31,4,Absence injustifiée,Non,Marketing
13399,3357,2023,8,2023-08-08,2023-08-12,5,paid leave,Oui,Juridique
11495,2406,2024,9,2024-09-11,2024-09-21,11,sick leave,Oui,Finance
15849,3111,2022,5,2022-05-21,2022-05-27,7,Absence injustifiée,Non,Opérations
10052,3264,2022,6,2022-06-28,2022-06-26,-3,Congé payé,Oui,R&D
12684,2648,2023,11,2023-11-13,2023-11-14,2,Maternité/Paternité,Oui,Direction
11623,1281,2024,10,2024-10-07,2024-10-09,3,Enfant malade,Oui,Direction
11427,1669,2023,6,2023-06-02,2023-06-12,11,Congé payé,Oui,Juridique
10322,2945,2022,7,2022-07-12,2022-07-21,10,Maladie,Oui,R&D
14028,3318,2022,5,2022-05-25,2022-06-12,19,Congé payé,Oui,Juridique
15550,3293,2024,8,2024-08-14,2024-09-03,21,sick leave,Oui,Finance
14971,2009,2022,7,2022-07-23,2022-07-24,2,paid leave,Oui,Finance
15447,1937,2024,3,2024-03-28,2024-04-16,20,Congé payé,Oui,Informatique
14397,1281,2022,5,2022-05-13,2022-05-14,2,Congé payé,Oui,Direction
15176,1949,2024,6,2024-06-24,2024-07-03,10,RTT,Oui,Marketing
10001,1460,2023,7,2023-07-24,2023-07-23,-2,Maternité/Paternité,Oui,R&D
15055,2018,2023,2,2023-02-01,2023-02-04,4,Maladie,Oui,Direction
15796,1721,2022,7,2022-07-20,2022-07-31,12,RTT,Oui,Juridique
12176,3292,2022,10,2022-10-26,2022-11-04,10,Absence injustifiée,Non,RH
12925,1684,2023,10,2023-10-27,2023-11-05,10,RTT,Oui,R&D
14022,2036,2024,3,2024-03-09,2024-03-22,14,RTT,Oui,Informatique
12988,2015,2024,6,2024-06-27,2024-06-28,2,Congé payé,Oui,RH
14988,2097,2022,5,2022-05-14,2022-05-18,5,sick leave,Oui,Logistique
11777,2126,2024,8,2024-08-01,2024-08-19,19,Maladie,Oui,Opérations
10342,3239,2022,3,2022-03-12,2022-03-30,19,RTT,Oui,Finance
10431,3096,2024,2,2024-02-04,2024-02-22,19,Maladie,Oui,Logistique
13361,2813,2022,6,2022-06-14,2022-06-19,6,Maternité/Paternité,Oui,Finance
10652,1051,2022,4,2022-04-18,2022-04-29,12,Accident du travail,Oui,Opérations
15252,2673,2023,7,2023-07-06,2023-07-18,13,Enfant malade,Oui,Logistique
11156,3392,2024,1,2024-01-25,2024-02-03,10,paid leave,Oui,Marketing
12064,2157,2023,4,2023-04-16,2023-05-06,21,Maladie,Oui,Logistique
10492,1880,2024,5,2024-05-23,2024-06-08,17,Enfant malade,Oui,Operations
10428,1927,2024,8,2024-08-10,2024-08-10,1,RTT,Oui,Informatique
10672,2673,2022,4,2022-04-16,2022-04-28,13,Absence injustifiée,Non,Logistique
10418,2155,2022,9,2022-09-04,2022-09-18,15,sick leave,Oui,Informatique
16112,1971,2022,7,2022-07-28,2022-07-31,3,RTT,Oui,Logistique
10658,1599,2022,4,2022-04-10,2022-04-18,9,Absence injustifiée,Non,Commercial
12603,3024,2022,5,2022-05-21,2022-06-10,21,Accident du travail,Oui,RH
15581,3356,2023,1,2023-01-28,2023-02-10,14,Congé payé,Oui,Finance
13256,1599,2024,4,2024-04-24,2024-05-02,9,Congé payé,Oui,Commercial
15236,1044,2022,11,2022-11-03,2022-11-11,9,sick leave,Oui,Marketing
13349,2428,2022,5,2022-05-09,2022-05-26,18,Enfant malade,Oui,Juridique
12163,1409,2022,6,2022-06-03,2022-06-23,21,Congé payé,Oui,Logistique
15015,2853,2024,3,2024-03-06,2024-03-09,4,Maladie,Oui,RH
14610,3239,2022,1,2022-01-18,2022-02-05,19,Maternité/Paternité,Oui,Finance
11167,1469,2024,9,2024-09-08,2024-09-27,20,Maternité/Paternité,Oui,Direction
11555,2690,2022,6,2022-06-13,2022-06-30,18,Maladie,Oui,Commercial
11808,1306,2023,4,2023-04-16,2023-04-28,13,paid leave,Oui,Informatique
11245,2813,2024,6,2024-06-22,2024-07-03,12,paid leave,Oui,Finance
14059,2134,2023,4,2023-04-12,2023-04-27,16,Congé payé,Oui,Direction
15330,1543,2022,11,2022-11-19,2022-12-02,14,Maladie,Oui,Finance
15460,3245,2024,10,2024-10-18,2024-11-07,21,RTT,Oui,Marketing
11139,1691,2024,4,2024-04-16,2024-05-06,21,Enfant malade,Oui,Opérations
10014,1300,2023,8,2023-08-02,2023-07-25,-9,Maladie,Oui,Commercial
10899,1333,2023,1,2023-01-13,2023-01-27,15,RTT,Oui,R&D
14096,1155,2023,9,2023-09-19,2023-10-08,20,Enfant malade,Oui,Direction
12690,2370,2022,11,2022-11-10,2022-11-25,16,paid leave,Oui,Informatique
10636,1421,2022,5,2022-05-26,2022-06-09,15,paid leave,Oui,Finance
14870,3129,2023,5,2023-05-01,2023-05-17,17,Congé payé,Oui,Marketing
12565,2406,2023,11,2023-11-12,2023-11-24,13,Absence injustifiée,Non,Finance
12495,2613,2022,10,2022-10-13,2022-10-13,1,Maladie,Oui,Marketing
11372,1271,2022,6,2022-06-25,2022-07-01,7,Enfant malade,Oui,Juridique
13404,1106,2022,7,2022-07-01,2022-07-18,18,Enfant malade,Oui,Marketing
12610,2574,2024,9,2024-09-12,2024-09-26,15,sick leave,Oui,Juridique
12103,1256,2024,10,2024-10-15,2024-11-01,18,RTT,Oui,Logistique
10752,1709,2024,8,2024-08-13,2024-08-21,9,RTT,Oui,R&D
15495,2776,2024,10,2024-10-19,2024-10-25,7,Congé payé,Oui,Juridique
12596,1271,2024,8,2024-08-05,2024-08-15,11,Maternité/Paternité,Oui,Juridique
14861,2010,2022,7,2022-07-19,2022-08-05,18,Maladie,Oui,Informatique
13204,3356,2024,11,2024-11-25,2024-12-13,19,Maladie,Oui,Finance
15338,1273,2024,5,2024-05-05,2024-05-10,6,Congé payé,Oui,Informatique
10400,2755,2022,8,2022-08-25,2022-09-10,17,Absence injustifiée,Non,Informatique
10296,1812,2022,5,2022-05-28,2022-06-02,6,Absence injustifiée,Non,Juridique
15935,2754,2024,8,2024-08-07,2024-08-25,19,sick leave,Oui,Opérations
15668,1271,2022,4,2022-04-03,2022-04-04,2,Congé payé,Oui,Juridique
15122,3276,2023,2,2023-02-28,2023-03-14,15,Maternité/Paternité,Oui,Informatique
12616,2607,2023,6,2023-06-28,2023-07-11,14,Congé payé,Oui,Operations
12502,1626,2023,6,2023-06-28,2023-07-09,12,Formation,Oui,Commercial
13342,1127,2023,7,2023-07-23,2023-08-12,21,paid leave,Oui,Marketing
11146,1881,2022,6,2022-06-19,2022-06-19,1,RTT,Oui,Direction
13287,2488,2022,12,2022-12-27,2023-01-05,10,RTT,Oui,Finance
10071,1081,2024,4,2024-04-16,2024-05-05,-20,paid leave,Oui,Juridique
10573,3288,2023,7,2023-07-02,2023-07-19,18,Congé sans solde,Oui,RH
13357,2764,2023,11,2023-11-25,2023-12-15,21,Congé sans solde,Oui,Opérations
14425,1761,2024,2,2024-02-17,2024-02-20,4,Enfant malade,Oui,Logistique
15308,2976,2023,2,2023-02-15,2023-02-17,3,Maladie,Oui,RH
10142,2762,2023,11,2023-11-04,2023-11-11,8,Maternité/Paternité,Oui,RH
11415,2488,2024,5,2024-05-27,2024-06-07,12,Maladie,Oui,Finance
12177,1449,2024,3,2024-03-04,2024-03-13,10,paid leave,Oui,Juridique
11052,2140,2022,7,2022-07-11,2022-07-21,11,sick leave,Oui,R&D
15854,2036,2023,2,2023-02-17,2023-03-01,13,RTT,Oui,Informatique
15680,2762,2024,8,2024-08-02,2024-08-04,3,Accident du travail,Oui,RH
15844,2040,2023,7,2023-07-04,2023-07-20,17,paid leave,Oui,Opérations
14356,2129,2022,4,2022-04-28,2022-05-14,17,Congé sans solde,Oui,Informatique
13405,2018,2023,10,2023-10-26,2023-11-05,11,Congé payé,Oui,Direction
14001,1254,2024,7,2024-07-13,2024-07-18,6,paid leave,Oui,Finance
11395,2221,2024,2,2024-02-11,2024-02-20,10,Congé payé,Oui,R&D
12408,1450,2022,11,2022-11-09,2022-11-14,6,Maternité/Paternité,Oui,Finance
11046,2289,2024,3,2024-03-23,2024-04-09,18,Congé payé,Oui,Marketing
13482,3149,2023,10,2023-10-07,2023-10-26,20,RTT,Oui,Direction
10774,2705,2023,7,2023-07-10,2023-07-20,11,Maladie,Oui,Logistique
10039,1927,2022,4,2022-04-01,2022-03-22,-11,Congé payé,Oui,Informatique
13548,2445,2024,8,2024-08-06,2024-08-25,20,RTT,Oui,Logistique
15677,2535,2022,2,2022-02-24,2022-03-06,11,RTT,Oui,Direction
15532,3223,2024,10,2024-10-26,2024-11-11,17,Maladie,Oui,Finance
14835,1743,2024,12,2024-12-15,2025-01-01,18,Absence injustifiée,Non,Marketing
13218,2617,2024,2,2024-02-18,2024-02-21,4,Maternité/Paternité,Oui,Opérations
15794,1298,2024,12,2024-12-10,2024-12-27,18,sick leave,Oui,R&D
10625,2040,2023,8,2023-08-21,2023-09-10,21,Maternité/Paternité,Oui,Opérations
11396,2120,2022,1,2022-01-22,2022-01-26,5,Maternité/Paternité,Oui,RH
12470,1952,2022,6,2022-06-16,2022-06-30,15,paid leave,Oui,Informatique
14976,1177,2024,3,2024-03-11,2024-03-29,19,Congé payé,Oui,RH
12277,1544,2023,12,2023-12-06,2023-12-21,16,Congé sans solde,Oui,Direction
15559,2400,2023,10,2023-10-01,2023-10-12,12,Maladie,Oui,Finance
14670,1921,2023,9,2023-09-25,2023-10-02,8,Maladie,Oui,Opérations
14821,2565,2024,1,2024-01-01,2024-01-08,8,paid leave,Oui,Informatique
15431,3000,2023,5,2023-05-24,2023-05-27,4,Enfant malade,Oui,Opérations
12088,2573,2024,6,2024-06-07,2024-06-24,18,paid leave,Oui,RH
12068,1068,2023,7,2023-07-21,2023-07-22,2,Absence injustifiée,Non,Commercial
14691,3173,2023,7,2023-07-03,2023-07-19,17,RTT,Oui,Commercial
11710,1371,2023,11,2023-11-17,2023-12-01,15,Maladie,Oui,Commercial
15523,3239,2023,12,2023-12-25,2023-12-31,7,Enfant malade,Oui,Finance
14158,1255,2024,3,2024-03-08,2024-03-27,20,Congé payé,Oui,R&D
13677,1445,2023,11,2023-11-18,2023-11-23,6,Absence injustifiée,Non,Informatique
11219,1416,2023,6,2023-06-05,2023-06-20,16,Maladie,Oui,R&D
10786,1794,2024,9,2024-09-10,2024-09-22,13,RTT,Oui,Opérations
14014,1081,2024,2,2024-02-22,2024-03-10,18,Absence injustifiée,Non,Juridique
15420,2625,2022,6,2022-06-22,2022-07-05,14,Maternité/Paternité,Oui,Commercial
12674,2438,2022,6,2022-06-05,2022-06-07,3,RTT,Oui,Informatique
12452,1669,2023,10,2023-10-17,2023-10-21,5,Maternité/Paternité,Oui,Juridique
10998,1481,2022,7,2022-07-02,2022-07-18,17,paid leave,Oui,Marketing
13674,1345,2022,10,2022-10-20,2022-11-06,18,paid leave,Oui,Informatique
13458,2061,2023,8,2023-08-09,2023-08-09,1,Congé payé,Oui,Direction
14089,3176,2024,6,2024-06-19,2024-06-20,2,paid leave,Oui,Finance
15564,2625,2023,4,2023-04-06,2023-04-11,6,Formation,Oui,Commercial
10697,3065,2023,2,2023-02-10,2023-03-01,20,Enfant malade,Oui,RH
15296,1015,2023,10,2023-10-24,2023-11-08,16,Maladie,Oui,Logistique
14389,3245,2023,3,2023-03-12,2023-03-29,18,Accident du travail,Oui,Marketing
11981,1721,2024,5,2024-05-03,2024-05-19,17,Maladie,Oui,Juridique
10393,1402,2023,10,2023-10-07,2023-10-14,8,Congé payé,Oui,Logistique
13319,2262,2023,10,2023-10-13,2023-10-14,2,sick leave,Oui,Commercial
12928,1177,2023,11,2023-11-13,2023-11-24,12,Maladie,Oui,RH
14981,2157,2023,3,2023-03-02,2023-03-17,16,RTT,Oui,Logistique
13772,1927,2024,2,2024-02-18,2024-02-18,1,Enfant malade,Oui,Informatique
12427,1063,2022,8,2022-08-07,2022-08-15,9,Enfant malade,Oui,Finance
12720,3276,2023,11,2023-11-15,2023-11-15,1,RTT,Oui,Informatique
15137,2523,2024,4,2024-04-04,2024-04-08,5,Congé sans solde,Oui,Marketing
15333,2765,2022,6,2022-06-06,2022-06-20,15,sick leave,Oui,RH
15707,2125,2023,6,2023-06-12,2023-06-12,1,Formation,Oui,Marketing
15326,2135,2022,1,2022-01-07,2022-01-25,19,paid leave,Oui,Finance
11361,1746,2023,11,2023-11-15,2023-11-30,16,paid leave,Oui,Finance
12712,1983,2022,6,2022-06-17,2022-06-20,4,Congé payé,Oui,Finance
14851,1335,2023,4,2023-04-08,2023-04-20,13,Enfant malade,Oui,Sales
12378,1214,2024,10,2024-10-19,2024-10-23,5,Congé sans solde,Oui,R&D
15212,1881,2022,3,2022-03-16,2022-03-21,6,Congé sans solde,Oui,Direction
13283,3179,2022,2,2022-02-12,2022-02-27,16,sick leave,Oui,Direction
15563,1117,2023,9,2023-09-18,2023-10-02,15,RTT,Oui,Marketing
11072,3398,2023,11,2023-11-24,2023-11-28,5,sick leave,Oui,Informatique
11402,2573,2024,11,2024-11-12,2024-11-14,3,Congé sans solde,Oui,RH
14276,3223,2022,11,2022-11-25,2022-11-29,5,sick leave,Oui,Finance
15350,2746,2022,8,2022-08-26,2022-09-08,14,Congé sans solde,Oui,Finance
11768,1070,2023,6,2023-06-23,2023-07-07,15,Maladie,Oui,Opérations
11307,2046,2024,1,2024-01-14,2024-01-18,5,RTT,Oui,Direction
10410,2239,2022,12,2022-12-09,2022-12-27,19,Absence injustifiée,Non,Marketing
12228,2656,2023,10,2023-10-10,2023-10-30,21,sick leave,Oui,Commercial
11309,2976,2023,4,2023-04-25,2023-05-06,12,Accident du travail,Oui,RH
12938,1255,2023,6,2023-06-25,2023-07-01,7,Congé payé,Oui,R&D
12723,2012,2023,5,2023-05-18,2023-06-01,15,RTT,Oui,R&D
16115,2165,2024,9,2024-09-22,2024-10-11,21,RTT,Oui,RH
13260,1333,2023,2,2023-02-08,2023-02-08,1,Maladie,Oui,R&D
14064,2406,2024,10,2024-10-26,2024-11-13,19,Absence injustifiée,Non,Finance
11652,1409,2023,8,2023-08-24,2023-08-24,1,Accident du travail,Oui,Logistique
10579,3398,2022,7,2022-07-03,2022-07-20,18,Congé sans solde,Oui,Informatique
14539,1824,2024,3,2024-03-09,2024-03-21,13,Congé sans solde,Oui,Marketing
15117,1138,2023,7,2023-07-25,2023-07-28,4,Congé payé,Oui,Juridique
13174,1501,2022,12,2022-12-19,2023-01-07,20,Accident du travail,Oui,R&D
11183,2510,2022,8,2022-08-28,2022-09-02,6,Congé payé,Oui,Marketing
12885,2015,2022,3,2022-03-09,2022-03-28,20,Congé payé,Oui,RH
15879,1147,2022,12,2022-12-01,2022-12-10,10,Maladie,Oui,Direction
12715,1217,2023,5,2023-05-15,2023-05-28,14,RTT,Oui,Direction
10558,2438,2022,9,2022-09-05,2022-09-14,10,paid leave,Oui,Informatique
10248,2656,2024,8,2024-08-12,2024-09-01,21,Maladie,Oui,Commercial
13929,1070,2023,7,2023-07-21,2023-07-31,11,Congé payé,Oui,Opérations
13570,2448,2023,1,2023-01-10,2023-01-15,6,Absence injustifiée,Non,Logistique
11789,1684,2024,2,2024-02-12,2024-03-01,19,RTT,Oui,R&D
14101,2445,2024,7,2024-07-02,2024-07-10,9,Congé sans solde,Oui,Logistique
12087,3139,2022,7,2022-07-01,2022-07-06,6,Congé sans solde,Oui,Finance
11742,1470,2024,12,2024-12-08,2024-12-24,17,RTT,Oui,RH
11622,2452,2022,7,2022-07-06,2022-07-11,6,Enfant malade,Oui,Direction
10066,2651,2024,9,2024-09-03,2024-09-04,-2,Congé payé,Oui,R&D
15303,2221,2023,6,2023-06-05,2023-06-07,3,Maladie,Oui,R&D
13651,2406,2024,3,2024-03-27,2024-04-14,19,Maladie,Oui,Finance
10178,1744,2022,2,2022-02-23,2022-03-11,17,Maternité/Paternité,Oui,Direction
12894,3371,2024,8,2024-08-26,2024-09-07,13,RTT,Oui,Direction
11267,3357,2023,9,2023-09-04,2023-09-19,16,Maternité/Paternité,Oui,Juridique
16046,3223,2022,6,2022-06-09,2022-06-24,16,paid leave,Oui,Finance
14249,1366,2023,3,2023-03-07,2023-03-12,6,Enfant malade,Oui,Commercial
15602,3324,2022,11,2022-11-06,2022-11-14,9,Maladie,Oui,R&D
15198,3028,2022,1,2022-01-07,2022-01-10,4,paid leave,Oui,Finance
13192,2125,2024,7,2024-07-10,2024-07-16,7,RTT,Oui,Marketing
11845,2018,2023,10,2023-10-06,2023-10-17,12,Maladie,Oui,Direction
15142,1619,2022,12,2022-12-22,2023-01-09,19,Enfant malade,Oui,Opérations
15658,2012,2023,3,2023-03-18,2023-04-07,21,Congé sans solde,Oui,R&D
10935,3288,2023,11,2023-11-01,2023-11-11,11,Congé sans solde,Oui,RH
13414,1952,2024,10,2024-10-25,2024-11-12,19,Maladie,Oui,Informatique
10077,1335,2022,6,2022-06-12,2022-06-30,-19,Maternité/Paternité,Oui,Sales
12606,1663,2023,3,2023-03-17,2023-03-26,10,paid leave,Oui,Opérations
11272,1662,2024,12,2024-12-04,2024-12-05,2,RTT,Oui,Direction
12421,1155,2024,9,2024-09-20,2024-09-28,9,Maternité/Paternité,Oui,Direction
10583,2243,2023,7,2023-07-07,2023-07-25,19,Maladie,Oui,Direction
12878,2125,2022,7,2022-07-08,2022-07-10,3,Congé payé,Oui,Marketing
13393,2712,2023,10,2023-10-17,2023-10-20,4,Absence injustifiée,Non,Logistique
15539,1254,2023,9,2023-09-11,2023-09-28,18,Formation,Oui,Finance
10387,1393,2022,5,2022-05-04,2022-05-21,18,Maladie,Oui,Logistique
15673,3065,2022,9,2022-09-19,2022-10-03,15,Formation,Oui,RH
11687,2565,2022,2,2022-02-24,2022-02-27,4,RTT,Oui,Informatique
13394,2776,2024,9,2024-09-01,2024-09-19,19,Maladie,Oui,Juridique
11551,1684,2022,3,2022-03-27,2022-04-09,14,Congé payé,Oui,R&D
13093,3176,2024,4,2024-04-05,2024-04-24,20,RTT,Oui,Finance
13468,2118,2022,4,2022-04-05,2022-04-24,20,Absence injustifiée,Non,Opérations
12683,3245,2023,4,2023-04-22,2023-05-10,19,Congé sans solde,Oui,Marketing
12866,1679,2023,4,2023-04-17,2023-04-28,12,Maladie,Oui,Finance
10535,2535,2023,2,2023-02-26,2023-03-14,17,sick leave,Oui,Direction
13573,3371,2022,12,2022-12-21,2023-01-02,13,Maternité/Paternité,Oui,Direction
10837,1928,2024,6,2024-06-24,2024-07-13,20,Formation,Oui,Informatique
12943,1877,2022,10,2022-10-03,2022-10-13,11,Absence injustifiée,Non,R&D
15123,2193,2022,1,2022-01-03,2022-01-18,16,Maladie,Oui,Marketing
14634,2595,2023,9,2023-09-14,2023-09-27,14,Maladie,Oui,Opérations
10780,1191,2023,9,2023-09-19,2023-10-06,18,paid leave,Oui,R&D
12026,3324,2024,10,2024-10-20,2024-11-03,15,sick leave,Oui,R&D
14495,2981,2024,7,2024-07-05,2024-07-07,3,Maladie,Oui,Marketing
15003,3065,2024,7,2024-07-28,2024-08-13,17,Accident du travail,Oui,RH
12240,1983,2022,10,2022-10-18,2022-10-29,12,Congé sans solde,Oui,Finance
14127,3271,2022,4,2022-04-10,2022-04-22,13,Accident du travail,Oui,Finance
12763,2221,2022,1,2022-01-20,2022-01-24,5,Maternité/Paternité,Oui,R&D
13516,3123,2022,4,2022-04-03,2022-04-19,17,Enfant malade,Oui,Commercial
11558,1744,2022,5,2022-05-02,2022-05-07,6,Accident du travail,Oui,Direction
15999,1633,2022,2,2022-02-22,2022-03-12,19,Congé sans solde,Oui,Opérations
13892,1254,2022,12,2022-12-02,2022-12-16,15,Maternité/Paternité,Oui,Finance
13603,1616,2024,7,2024-07-22,2024-07-22,1,Enfant malade,Oui,Finance
14435,3324,2024,9,2024-09-26,2024-10-07,12,Accident du travail,Oui,R&D
14411,3341,2023,9,2023-09-06,2023-09-15,10,Maladie,Oui,RH
14879,2645,2024,9,2024-09-24,2024-09-27,4,Maladie,Oui,Finance
11235,2317,2023,7,2023-07-13,2023-07-23,11,RTT,Oui,Opérations
10005,2648,2022,3,2022-03-21,2022-03-13,-9,Absence injustifiée,Non,Direction
10449,3321,2023,5,2023-05-05,2023-05-16,12,Congé payé,Oui,Juridique
14222,3371,2023,6,2023-06-25,2023-07-09,15,Maladie,Oui,Direction
13311,2283,2024,9,2024-09-12,2024-09-24,13,sick leave,Oui,Opérations
10212,1599,2023,1,2023-01-02,2023-01-08,7,Congé payé,Oui,Commercial
15040,1904,2022,11,2022-11-07,2022-11-21,15,Maladie,Oui,Marketing
12822,2138,2024,6,2024-06-20,2024-06-24,5,sick leave,Oui,Direction
10466,1124,2023,1,2023-01-21,2023-01-28,8,RTT,Oui,Finance
10856,2171,2023,3,2023-03-26,2023-04-03,9,Maternité/Paternité,Oui,Juridique
11131,1229,2022,8,2022-08-28,2022-09-09,13,Maladie,Oui,Informatique
13850,2321,2023,3,2023-03-26,2023-04-11,17,paid leave,Oui,Informatique
15482,1769,2024,7,2024-07-05,2024-07-19,15,Congé payé,Oui,Opérations
15128,1460,2024,10,2024-10-26,2024-11-11,17,Maladie,Oui,R&D
15316,1746,2023,1,2023-01-02,2023-01-11,10,Accident du travail,Oui,Finance
13555,2321,2023,7,2023-07-06,2023-07-09,4,Accident du travail,Oui,Informatique
12896,2132,2023,4,2023-04-13,2023-04-15,3,Formation,Oui,RH
14365,3295,2024,3,2024-03-08,2024-03-20,13,Maladie,Oui,RH
11988,1128,2022,9,2022-09-15,2022-10-04,20,Accident du travail,Oui,Direction
12872,2813,2023,5,2023-05-15,2023-05-26,12,Maladie,Oui,Finance
12200,1093,2022,12,2022-12-22,2022-12-24,3,Maladie,Oui,Juridique
12778,2314,2024,9,2024-09-13,2024-09-24,12,Maladie,Oui,Finance
10500,2810,2022,11,2022-11-23,2022-12-07,15,Congé sans solde,Oui,RH
11247,3154,2023,9,2023-09-16,2023-09-24,9,RTT,Oui,R&D
14744,2746,2023,6,2023-06-01,2023-06-02,2,sick leave,Oui,Finance
11325,1949,2024,9,2024-09-12,2024-09-17,6,Maladie,Oui,Marketing
15633,2977,2022,3,2022-03-16,2022-03-19,4,RTT,Oui,Commercial
11201,1232,2024,5,2024-05-01,2024-05-01,1,Maladie,Oui,Marketing
14410,2645,2022,2,2022-02-07,2022-02-10,4,Maladie,Oui,Finance
12348,1311,2022,3,2022-03-01,2022-03-09,9,paid leave,Oui,Opérations
16021,2239,2022,3,2022-03-05,2022-03-14,10,Maladie,Oui,Marketing
13632,1691,2022,5,2022-05-05,2022-05-15,11,Maladie,Oui,Opérations
13958,3139,2024,1,2024-01-14,2024-01-26,13,Enfant malade,Oui,Finance
14421,2535,2022,8,2022-08-01,2022-08-13,13,Congé payé,Oui,Direction
11346,3123,2022,12,2022-12-16,2023-01-02,18,Congé payé,Oui,Commercial
15934,2488,2022,10,2022-10-03,2022-10-15,13,RTT,Oui,Finance
12693,2656,2024,11,2024-11-28,2024-12-05,8,Maternité/Paternité,Oui,Commercial
10581,1138,2022,11,2022-11-17,2022-11-30,14,Formation,Oui,Juridique
10916,1374,2023,8,2023-08-01,2023-08-03,3,paid leave,Oui,Marketing
12859,2651,2023,11,2023-11-16,2023-11-20,5,Congé payé,Oui,R&D
14297,1311,2022,5,2022-05-26,2022-06-07,13,Enfant malade,Oui,Opérations
10214,2909,2024,11,2024-11-23,2024-12-09,17,sick leave,Oui,RH
10381,2150,2023,8,2023-08-22,2023-08-24,3,Congé payé,Oui,Finance
13201,3245,2023,1,2023-01-27,2023-02-06,11,sick leave,Oui,Marketing
10347,2239,2023,6,2023-06-04,2023-06-11,8,Absence injustifiée,Non,Marketing
11100,1228,2024,1,2024-01-08,2024-01-14,7,Enfant malade,Oui,Informatique
10409,2665,2022,7,2022-07-05,2022-07-14,10,RTT,Oui,Direction
10563,3153,2024,9,2024-09-27,2024-10-02,6,Congé payé,Oui,Direction
10704,3154,2024,4,2024-04-23,2024-05-13,21,Maternité/Paternité,Oui,R&D
14515,3189,2023,6,2023-06-03,2023-06-21,19,Congé payé,Oui,Finance
14417,3264,2024,12,2024-12-20,2024-12-27,8,Maternité/Paternité,Oui,R&D
15189,2535,2022,3,2022-03-23,2022-04-02,11,Congé payé,Oui,Direction
14030,2977,2023,7,2023-07-01,2023-07-07,7,Congé payé,Oui,Commercial
15421,1711,2022,7,2022-07-13,2022-07-26,14,Formation,Oui,R&D
11159,2150,2024,3,2024-03-12,2024-03-16,5,RTT,Oui,Finance
10493,3123,2024,7,2024-07-26,2024-08-05,11,Accident du travail,Oui,Commercial
14460,2764,2022,3,2022-03-22,2022-04-05,15,Maladie,Oui,Opérations
11288,2442,2024,7,2024-07-05,2024-07-23,19,RTT,Oui,Logistique
12212,1673,2023,11,2023-11-26,2023-12-13,18,Maladie,Oui,Direction
10556,1679,2023,12,2023-12-16,2023-12-25,10,Maladie,Oui,Finance
15340,2743,2022,9,2022-09-26,2022-09-29,4,Formation,Oui,Opérations
10890,2015,2023,10,2023-10-02,2023-10-08,7,Formation,Oui,RH
15560,1576,2023,11,2023-11-21,2023-12-09,19,RTT,Oui,Juridique
10647,2081,2022,5,2022-05-05,2022-05-10,6,Maladie,Oui,Finance
15328,1427,2023,4,2023-04-07,2023-04-08,2,Congé sans solde,Oui,Legal
14758,2454,2023,4,2023-04-17,2023-04-25,9,paid leave,Oui,Informatique
11002,2360,2023,7,2023-07-08,2023-07-22,15,Congé payé,Oui,RH
13578,1529,2022,4,2022-04-18,2022-04-18,1,Congé payé,Oui,Logistique
10104,2354,2023,5,2023-05-15,2023-05-31,17,Congé payé,Oui,Marketing
15905,2684,2023,11,2023-11-19,2023-11-22,4,paid leave,Oui,Direction
14061,2930,2022,7,2022-07-22,2022-08-07,17,RTT,Oui,Logistique
15775,2217,2024,8,2024-08-19,2024-08-23,5,Formation,Oui,Commercial
10676,1756,2024,9,2024-09-05,2024-09-08,4,Maladie,Oui,Finance
10918,1633,2024,5,2024-05-13,2024-05-27,15,Maladie,Oui,Opérations
16089,3029,2024,8,2024-08-16,2024-08-23,8,Congé sans solde,Oui,Commercial
11177,2535,2023,10,2023-10-16,2023-10-30,15,Maternité/Paternité,Oui,Direction
15098,2189,2023,2,2023-02-20,2023-03-10,19,sick leave,Oui,RH
10744,1127,2023,11,2023-11-26,2023-12-06,11,Accident du travail,Oui,Marketing
14859,2673,2024,8,2024-08-17,2024-09-06,21,RTT,Oui,Logistique
12085,1229,2023,11,2023-11-22,2023-12-03,12,Maladie,Oui,Informatique
12633,2321,2024,10,2024-10-08,2024-10-19,12,Congé payé,Oui,Informatique
14346,1711,2023,10,2023-10-11,2023-10-15,5,Enfant malade,Oui,R&D
11534,1877,2023,4,2023-04-21,2023-04-28,8,Maladie,Oui,R&D
10403,2495,2022,8,2022-08-25,2022-08-29,5,Maladie,Oui,Juridique
15278,1275,2022,2,2022-02-15,2022-03-01,15,RTT,Oui,Logistique
13593,1252,2023,11,2023-11-28,2023-12-01,4,sick leave,Oui,Juridique
10007,1225,2023,5,2023-05-17,2023-05-12,-6,sick leave,Oui,R&D
14098,2295,2023,1,2023-01-12,2023-01-16,5,Maladie,Oui,Informatique
15076,1981,2022,9,2022-09-24,2022-10-04,11,Enfant malade,Oui,Direction
14839,2810,2022,8,2022-08-03,2022-08-22,20,Maladie,Oui,RH
12370,2193,2022,10,2022-10-07,2022-10-13,7,Enfant malade,Oui,Marketing
13129,2874,2022,8,2022-08-06,2022-08-15,10,sick leave,Oui,Commercial
14267,1093,2022,6,2022-06-07,2022-06-13,7,Congé payé,Oui,Juridique
15742,1779,2023,12,2023-12-11,2023-12-14,4,sick leave,Oui,R&D
13324,1335,2024,10,2024-10-11,2024-10-23,13,Accident du travail,Oui,Sales
15298,2155,2023,3,2023-03-25,2023-03-27,3,Maladie,Oui,Informatique
16005,2574,2023,2,2023-02-18,2023-02-24,7,Congé payé,Oui,Juridique
12096,1996,2022,12,2022-12-05,2022-12-23,19,RTT,Oui,Marketing
16007,2453,2022,2,2022-02-26,2022-03-01,4,paid leave,Oui,RH
10413,3292,2022,6,2022-06-15,2022-06-16,2,RTT,Oui,RH
15000,1709,2024,12,2024-12-05,2024-12-25,21,Congé payé,Oui,R&D
12404,2134,2023,7,2023-07-17,2023-08-06,21,Maternité/Paternité,Oui,Direction
10900,3245,2022,6,2022-06-21,2022-06-24,4,RTT,Oui,Marketing
14991,2393,2023,12,2023-12-06,2023-12-15,10,Maternité/Paternité,Oui,Logistique
15394,2217,2023,11,2023-11-17,2023-11-25,9,RTT,Oui,Commercial
13496,3028,2022,10,2022-10-05,2022-10-09,5,Maladie,Oui,Finance
12627,2721,2023,2,2023-02-18,2023-03-10,21,Maladie,Oui,Opérations
14288,2453,2023,5,2023-05-03,2023-05-08,6,Congé payé,Oui,RH
12171,2343,2023,12,2023-12-10,2023-12-24,15,Congé sans solde,Oui,Marketing
15280,2157,2023,5,2023-05-19,2023-05-22,4,paid leave,Oui,Logistique
12917,1298,2023,9,2023-09-27,2023-10-04,8,Accident du travail,Oui,R&D
10717,1371,2022,10,2022-10-12,2022-10-31,20,Maladie,Oui,Commercial
10773,1081,2022,2,2022-02-16,2022-02-17,2,Congé payé,Oui,Juridique
12613,1252,2023,9,2023-09-07,2023-09-07,1,Maladie,Oui,Juridique
13664,2765,2022,4,2022-04-20,2022-04-23,4,Maternité/Paternité,Oui,RH
11500,2132,2022,2,2022-02-13,2022-02-25,13,Maladie,Oui,RH
11337,1117,2024,2,2024-02-17,2024-03-06,19,Absence injustifiée,Non,Marketing
12829,1744,2022,10,2022-10-14,2022-11-03,21,RTT,Oui,Direction
12891,1794,2022,6,2022-06-08,2022-06-13,6,RTT,Oui,Opérations
15404,1524,2024,8,2024-08-04,2024-08-04,1,Formation,Oui,Marketing
12556,2406,2024,5,2024-05-13,2024-05-25,13,Congé sans solde,Oui,Finance
15562,2625,2022,5,2022-05-16,2022-05-22,7,Maladie,Oui,Commercial
11137,3288,2024,7,2024-07-27,2024-07-31,5,Maternité/Paternité,Oui,RH
14711,2810,2023,4,2023-04-21,2023-05-08,18,Congé sans solde,Oui,RH
10042,1513,2023,1,2023-01-26,2023-01-23,-4,sick leave,Oui,Informatique
11264,1496,2024,9,2024-09-18,2024-09-26,9,Maladie,Oui,Finance
13649,1393,2023,1,2023-01-21,2023-01-24,4,Congé payé,Oui,Logistique
11590,2949,2022,7,2022-07-05,2022-07-24,20,Maladie,Oui,Opérations
10243,1225,2022,9,2022-09-06,2022-09-18,13,Accident du travail,Oui,R&D
10069,1937,2024,3,2024-03-12,2024-03-21,-10,Congé payé,Oui,Informatique
16003,1677,2023,10,2023-10-21,2023-10-26,6,Congé payé,Oui,RH
14301,1679,2022,11,2022-11-11,2022-11-30,20,Maladie,Oui,Finance
10781,3356,2023,12,2023-12-17,2024-01-01,16,Congé payé,Oui,Finance
13124,2091,2023,5,2023-05-09,2023-05-14,6,Formation,Oui,Direction
14768,3028,2022,11,2022-11-20,2022-11-25,6,Formation,Oui,Finance
10691,2314,2023,7,2023-07-19,2023-07-23,5,Accident du travail,Oui,Finance
15782,3156,2024,12,2024-12-01,2024-12-04,4,RTT,Oui,Informatique
14313,1469,2022,7,2022-07-21,2022-08-03,14,Accident du travail,Oui,Direction
12031,1561,2024,7,2024-07-23,2024-08-06,15,Congé payé,Oui,Legal
11102,2755,2024,2,2024-02-21,2024-02-23,3,Absence injustifiée,Non,Informatique
14245,1399,2022,5,2022-05-11,2022-05-14,4,Enfant malade,Oui,Juridique
15635,3271,2023,7,2023-07-27,2023-08-12,17,Absence injustifiée,Non,Finance
14498,1266,2022,1,2022-01-25,2022-02-02,9,RTT,Oui,RH
13784,2009,2022,10,2022-10-11,2022-10-27,17,Enfant malade,Oui,Finance
13237,1669,2022,4,2022-04-18,2022-05-08,21,Accident du travail,Oui,Juridique
13868,1015,2024,4,2024-04-14,2024-04-18,5,RTT,Oui,Logistique
10195,2879,2022,6,2022-06-20,2022-06-23,4,paid leave,Oui,Finance
15194,3341,2022,1,2022-01-02,2022-01-10,9,Maternité/Paternité,Oui,RH
12336,1761,2024,6,2024-06-28,2024-07-09,12,RTT,Oui,Logistique
12995,1742,2024,4,2024-04-22,2024-05-04,13,sick leave,Oui,Informatique
14707,1488,2024,12,2024-12-08,2024-12-23,16,Maternité/Paternité,Oui,Finance
10561,2018,2023,4,2023-04-23,2023-05-01,9,Congé payé,Oui,Direction
11985,1374,2023,10,2023-10-20,2023-10-26,7,Accident du travail,Oui,Marketing
12794,3148,2022,1,2022-01-22,2022-02-08,18,Accident du travail,Oui,R&D
16026,1626,2022,2,2022-02-22,2022-02-24,3,Congé payé,Oui,Commercial
14072,3289,2022,3,2022-03-06,2022-03-10,5,Absence injustifiée,Non,Marketing
15702,3099,2024,12,2024-12-20,2024-12-21,2,sick leave,Oui,Commercial
11289,2118,2022,3,2022-03-28,2022-04-04,8,Maladie,Oui,Opérations
11906,2665,2022,3,2022-03-10,2022-03-22,13,Formation,Oui,Direction
13881,2322,2024,10,2024-10-15,2024-10-26,12,Maladie,Oui,RH
15880,2157,2023,8,2023-08-27,2023-09-02,7,Congé payé,Oui,Logistique
15389,1460,2022,11,2022-11-19,2022-11-27,9,Accident du travail,Oui,R&D
10912,3189,2024,5,2024-05-10,2024-05-23,14,Formation,Oui,Finance
13927,2909,2023,10,2023-10-08,2023-10-23,16,Absence injustifiée,Non,RH
11296,1340,2023,3,2023-03-22,2023-04-11,21,paid leave,Oui,RH
11717,2575,2023,8,2023-08-05,2023-08-12,8,Congé payé,Oui,Commercial
13569,2077,2024,3,2024-03-28,2024-04-07,11,Absence injustifiée,Non,Logistique
12341,2485,2024,1,2024-01-27,2024-02-15,20,Congé payé,Oui,R&D
15614,1306,2024,7,2024-07-20,2024-07-26,7,Congé payé,Oui,Informatique
12474,2523,2023,5,2023-05-18,2023-06-05,19,Congé payé,Oui,Marketing
13987,2754,2022,3,2022-03-09,2022-03-12,4,sick leave,Oui,Opérations
12193,1743,2024,9,2024-09-17,2024-09-21,5,Formation,Oui,Marketing
10642,1677,2024,2,2024-02-14,2024-02-19,6,Congé payé,Oui,RH
13136,2189,2023,12,2023-12-04,2023-12-17,14,Congé payé,Oui,RH
12506,2221,2024,10,2024-10-14,2024-11-01,19,Enfant malade,Oui,R&D
11889,3172,2022,3,2022-03-04,2022-03-18,15,Accident du travail,Oui,Marketing
15068,1756,2024,5,2024-05-22,2024-06-05,15,Maladie,Oui,Finance
13337,1256,2023,1,2023-01-10,2023-01-16,7,Maladie,Oui,Logistique
13333,1877,2024,8,2024-08-11,2024-08-14,4,Enfant malade,Oui,R&D
14882,2046,2024,8,2024-08-02,2024-08-22,21,Accident du travail,Oui,Direction
12061,2129,2024,12,2024-12-14,2024-12-19,6,Absence injustifiée,Non,Informatique
10788,2575,2024,4,2024-04-11,2024-04-23,13,Congé sans solde,Oui,Commercial
12808,3281,2023,5,2023-05-13,2023-06-02,21,Formation,Oui,Finance
10719,2772,2023,7,2023-07-19,2023-07-19,1,Maladie,Oui,Marketing
14833,1851,2023,10,2023-10-19,2023-11-01,14,Formation,Oui,Direction
10385,3321,2022,10,2022-10-09,2022-10-19,11,RTT,Oui,Juridique
14175,1981,2023,3,2023-03-01,2023-03-04,4,Congé sans solde,Oui,Direction
15206,1655,2024,5,2024-05-02,2024-05-13,12,Enfant malade,Oui,Commercial
11244,2762,2022,6,2022-06-04,2022-06-04,1,sick leave,Oui,RH
14665,2132,2022,9,2022-09-22,2022-10-04,13,Congé payé,Oui,RH
10611,1444,2022,7,2022-07-11,2022-07-24,14,Absence injustifiée,Non,Commercial
12335,2659,2022,1,2022-01-08,2022-01-26,19,Formation,Oui,Opérations
15106,1524,2022,4,2022-04-16,2022-04-24,9,Congé sans solde,Oui,Marketing
12587,1191,2024,7,2024-07-26,2024-08-15,21,Maladie,Oui,R&D
13575,2865,2023,2,2023-02-14,2023-02-18,5,sick leave,Oui,Marketing
10030,1093,2024,9,2024-09-08,2024-09-01,-8,Formation,Oui,Juridique
10741,3000,2023,4,2023-04-17,2023-04-29,13,Formation,Oui,Opérations
11174,1178,2024,11,2024-11-15,2024-11-29,15,Maladie,Oui,Marketing
11962,2945,2023,1,2023-01-08,2023-01-18,11,Absence injustifiée,Non,R&D
13130,3394,2022,2,2022-02-12,2022-02-26,15,sick leave,Oui,Commercial
11356,2330,2024,10,2024-10-13,2024-10-26,14,Congé sans solde,Oui,RH
13624,2324,2024,8,2024-08-25,2024-08-28,4,Congé payé,Oui,Commercial
13113,1252,2023,6,2023-06-20,2023-07-01,12,RTT,Oui,Juridique
13266,2495,2023,10,2023-10-15,2023-10-27,13,paid leave,Oui,Juridique
12276,2712,2022,2,2022-02-13,2022-02-17,5,Enfant malade,Oui,Logistique
14958,2977,2023,10,2023-10-27,2023-11-09,14,Congé sans solde,Oui,Commercial
11179,3256,2024,5,2024-05-01,2024-05-11,11,paid leave,Oui,Opérations
12734,3153,2024,11,2024-11-08,2024-11-18,11,Formation,Oui,Direction
13557,3061,2024,6,2024-06-13,2024-06-24,12,Enfant malade,Oui,R&D
14263,3154,2024,8,2024-08-09,2024-08-21,13,Congé payé,Oui,R&D
11564,3061,2024,8,2024-08-25,2024-09-03,10,Congé payé,Oui,R&D
11249,3129,2022,6,2022-06-18,2022-06-30,13,Congé payé,Oui,Marketing
11496,1228,2022,6,2022-06-16,2022-07-02,17,RTT,Oui,Informatique
10092,3223,2023,9,2023-09-11,2023-09-16,6,Maladie,Oui,Finance
13897,2911,2022,11,2022-11-10,2022-11-23,14,Congé sans solde,Oui,Direction
10592,1561,2022,8,2022-08-19,2022-09-05,18,Accident du travail,Oui,Legal
14041,2651,2022,8,2022-08-26,2022-09-15,21,Maternité/Paternité,Oui,R&D
13125,2404,2022,10,2022-10-25,2022-11-02,9,Maladie,Oui,R&D
14422,2126,2024,12,2024-12-13,2024-12-30,18,Formation,Oui,Opérations
11316,3029,2022,9,2022-09-08,2022-09-24,17,Formation,Oui,Commercial
11033,1684,2024,12,2024-12-15,2024-12-28,14,sick leave,Oui,R&D
15937,2173,2023,5,2023-05-28,2023-06-12,16,Congé payé,Oui,Direction
11973,1482,2023,5,2023-05-01,2023-05-13,13,Congé payé,Oui,Juridique
11618,2755,2022,4,2022-04-08,2022-04-11,4,Congé sans solde,Oui,Informatique
11068,1669,2023,10,2023-10-12,2023-10-16,5,Formation,Oui,Juridique
11550,2765,2023,6,2023-06-11,2023-06-23,13,Maladie,Oui,RH
10613,1444,2024,3,2024-03-10,2024-03-16,7,Congé payé,Oui,Commercial
11369,2122,2023,8,2023-08-05,2023-08-07,3,sick leave,Oui,Management
12496,2414,2023,7,2023-07-27,2023-07-30,4,Absence injustifiée,Non,Finance
10334,1273,2024,8,2024-08-24,2024-08-25,2,Congé sans solde,Oui,Informatique
10782,3056,2022,10,2022-10-20,2022-10-26,7,Accident du travail,Oui,Marketing
12791,1229,2023,12,2023-12-09,2023-12-22,14,Maladie,Oui,Informatique
15032,2565,2024,9,2024-09-17,2024-09-19,3,Maladie,Oui,Informatique
14029,1949,2023,7,2023-07-06,2023-07-10,5,Formation,Oui,Marketing
10533,2822,2022,8,2022-08-18,2022-08-18,1,Formation,Oui,Marketing
11654,2488,2022,8,2022-08-01,2022-08-13,13,Congé payé,Oui,Finance
15219,1147,2023,3,2023-03-13,2023-03-28,16,RTT,Oui,Direction
12959,3152,2024,7,2024-07-10,2024-07-11,2,Formation,Oui,Informatique
13858,3117,2023,8,2023-08-23,2023-09-11,20,Enfant malade,Oui,Commercial
13252,2295,2023,3,2023-03-09,2023-03-25,17,paid leave,Oui,Informatique
14119,2135,2024,12,2024-12-13,2024-12-13,1,Congé payé,Oui,Finance
14360,1937,2024,9,2024-09-05,2024-09-12,8,Maternité/Paternité,Oui,Informatique
12743,3000,2024,10,2024-10-25,2024-11-06,13,RTT,Oui,Opérations
13060,1218,2024,1,2024-01-01,2024-01-06,6,RTT,Oui,Juridique
13115,1482,2024,1,2024-01-28,2024-02-15,19,Formation,Oui,Juridique
12047,1256,2024,5,2024-05-27,2024-05-27,1,sick leave,Oui,Logistique
10067,2140,2022,8,2022-08-15,2022-08-25,-11,RTT,Oui,R&D
14319,1127,2024,5,2024-05-11,2024-05-16,6,Congé payé,Oui,Marketing
12454,1501,2023,2,2023-02-28,2023-03-02,3,RTT,Oui,R&D
12185,2453,2023,8,2023-08-02,2023-08-12,11,Maladie,Oui,RH
13559,1782,2022,10,2022-10-24,2022-11-11,19,RTT,Oui,Juridique
13284,3251,2022,10,2022-10-02,2022-10-08,7,paid leave,Oui,R&D
10170,3239,2024,7,2024-07-18,2024-08-02,16,Maladie,Oui,Finance
12446,2615,2024,2,2024-02-14,2024-02-29,16,Maladie,Oui,Commercial
14448,1366,2022,9,2022-09-14,2022-09-16,3,Absence injustifiée,Non,Commercial
14790,2120,2023,10,2023-10-01,2023-10-09,9,Formation,Oui,RH
14464,2761,2022,7,2022-07-19,2022-08-01,14,Maladie,Oui,Informatique
15089,2445,2022,3,2022-03-04,2022-03-08,5,Congé payé,Oui,Logistique
11591,3024,2024,10,2024-10-16,2024-11-05,21,Congé sans solde,Oui,RH
12955,2865,2024,11,2024-11-01,2024-11-01,1,Formation,Oui,Marketing
12652,2040,2023,8,2023-08-19,2023-08-19,1,Maternité/Paternité,Oui,Opérations
12021,3392,2023,9,2023-09-22,2023-10-08,17,Maladie,Oui,Marketing
10767,1128,2024,11,2024-11-20,2024-11-20,1,RTT,Oui,Direction
15897,1306,2023,7,2023-07-01,2023-07-12,12,Maladie,Oui,Informatique
13415,1734,2023,7,2023-07-19,2023-08-02,15,Enfant malade,Oui,Commercial
13963,1677,2022,5,2022-05-28,2022-06-16,20,Maladie,Oui,RH
14409,3172,2022,11,2022-11-18,2022-11-18,1,Congé payé,Oui,Marketing
13286,2813,2022,7,2022-07-10,2022-07-14,5,Accident du travail,Oui,Finance
11599,2556,2023,1,2023-01-16,2023-01-16,1,Congé payé,Oui,Direction
12839,3096,2022,12,2022-12-08,2022-12-16,9,RTT,Oui,Logistique
13340,1576,2024,4,2024-04-24,2024-05-06,13,paid leave,Oui,Juridique
12340,1924,2022,10,2022-10-17,2022-11-03,18,Maladie,Oui,Informatique
10282,1340,2022,8,2022-08-11,2022-08-23,13,Maladie,Oui,RH
14547,2651,2023,8,2023-08-22,2023-09-06,16,Maternité/Paternité,Oui,R&D
11668,2370,2024,10,2024-10-26,2024-11-06,12,Congé payé,Oui,Informatique
13825,3061,2023,2,2023-02-26,2023-03-17,20,Maladie,Oui,R&D
11367,1501,2022,7,2022-07-03,2022-07-21,19,Maladie,Oui,R&D
12121,1761,2023,9,2023-09-17,2023-10-05,19,Accident du travail,Oui,Logistique
12129,1735,2024,10,2024-10-26,2024-11-15,21,Maternité/Paternité,Oui,Juridique
12419,3028,2024,6,2024-06-19,2024-06-24,6,Enfant malade,Oui,Finance
11991,1068,2022,7,2022-07-26,2022-07-27,2,sick leave,Oui,Commercial
12942,2289,2023,3,2023-03-27,2023-04-04,9,Accident du travail,Oui,Marketing
14932,1897,2024,12,2024-12-03,2024-12-21,19,RTT,Oui,Opérations
14341,2705,2023,1,2023-01-06,2023-01-26,21,Absence injustifiée,Non,Logistique
13843,2945,2022,5,2022-05-28,2022-06-02,6,Absence injustifiée,Non,R&D
10614,2317,2022,6,2022-06-08,2022-06-25,18,Maladie,Oui,Opérations
15456,2122,2022,9,2022-09-23,2022-10-07,15,Maladie,Oui,Management
16056,2613,2024,12,2024-12-13,2024-12-22,10,Congé payé,Oui,Marketing
10153,2125,2024,3,2024-03-12,2024-03-31,20,Absence injustifiée,Non,Marketing
14804,3106,2023,9,2023-09-16,2023-09-21,6,RTT,Oui,R&D
12746,3061,2023,9,2023-09-15,2023-09-19,5,Maladie,Oui,R&D
11065,2556,2023,6,2023-06-17,2023-06-30,14,Maladie,Oui,Direction
11389,3315,2022,12,2022-12-24,2023-01-08,16,Maternité/Paternité,Oui,Commercial
11313,2721,2024,1,2024-01-14,2024-01-27,14,paid leave,Oui,Opérations
12609,1212,2022,1,2022-01-19,2022-01-30,12,Maladie,Oui,R&D
11874,2239,2024,7,2024-07-20,2024-07-22,3,Maladie,Oui,Marketing
16053,2262,2024,12,2024-12-03,2024-12-14,12,Maladie,Oui,Commercial
14111,1333,2024,12,2024-12-08,2024-12-18,11,Maladie,Oui,R&D
14611,2283,2024,6,2024-06-13,2024-06-14,2,Maladie,Oui,Opérations
15105,2344,2023,3,2023-03-06,2023-03-16,11,sick leave,Oui,R&D
14444,3315,2023,10,2023-10-14,2023-10-29,16,Congé payé,Oui,Commercial
13724,3333,2024,8,2024-08-19,2024-08-19,1,Formation,Oui,Juridique
11506,2673,2024,10,2024-10-05,2024-10-09,5,paid leave,Oui,Logistique
15233,1881,2023,4,2023-04-11,2023-04-14,4,paid leave,Oui,Direction
16049,2118,2022,5,2022-05-16,2022-06-01,17,Maladie,Oui,Opérations
12758,2502,2024,3,2024-03-15,2024-03-19,5,Congé payé,Oui,RH
11105,2196,2022,7,2022-07-14,2022-07-19,6,Congé payé,Oui,Commercial
13618,2138,2024,2,2024-02-08,2024-02-25,18,paid leave,Oui,Direction
10887,2012,2023,12,2023-12-24,2024-01-06,14,paid leave,Oui,R&D
15186,3316,2022,3,2022-03-17,2022-03-19,3,Congé payé,Oui,RH
11694,3173,2022,7,2022-07-21,2022-07-24,4,Maladie,Oui,Commercial
12184,1063,2023,2,2023-02-13,2023-03-04,20,Maladie,Oui,Finance
14591,2630,2022,11,2022-11-02,2022-11-06,5,RTT,Oui,Finance
15025,1721,2023,5,2023-05-10,2023-05-16,7,Maladie,Oui,Juridique
13891,2219,2024,2,2024-02-14,2024-02-25,12,Enfant malade,Oui,R&D
13148,1635,2023,9,2023-09-06,2023-09-11,6,Maladie,Oui,Informatique
12902,2452,2024,3,2024-03-10,2024-03-20,11,paid leave,Oui,Direction
14553,2653,2022,10,2022-10-26,2022-11-09,15,RTT,Oui,Finance
15091,1921,2022,12,2022-12-05,2022-12-12,8,Congé payé,Oui,Opérations
15969,3176,2023,2,2023-02-05,2023-02-12,8,Maladie,Oui,Finance
15536,1633,2022,9,2022-09-18,2022-09-24,7,RTT,Oui,Opérations
15442,2810,2024,5,2024-05-16,2024-05-28,13,Maladie,Oui,RH
11004,1921,2023,9,2023-09-08,2023-09-20,13,Congé sans solde,Oui,Opérations
14607,1496,2022,2,2022-02-17,2022-03-04,16,Maladie,Oui,Finance
13678,1681,2022,2,2022-02-17,2022-03-08,20,Formation,Oui,Logistique
14939,1742,2024,3,2024-03-07,2024-03-07,1,Maladie,Oui,Informatique
11107,1496,2023,1,2023-01-18,2023-02-07,21,RTT,Oui,Finance
11452,2874,2024,8,2024-08-04,2024-08-08,5,Accident du travail,Oui,Commercial
12735,2755,2024,12,2024-12-01,2024-12-04,4,Congé payé,Oui,Informatique
15138,2135,2022,5,2022-05-18,2022-06-03,17,Congé payé,Oui,Finance
14451,1345,2024,10,2024-10-28,2024-11-12,16,Congé sans solde,Oui,Informatique
12678,2262,2024,5,2024-05-04,2024-05-13,10,paid leave,Oui,Commercial
14387,3024,2022,8,2022-08-14,2022-08-19,6,Congé payé,Oui,RH
11815,2081,2022,10,2022-10-07,2022-10-18,12,Congé payé,Oui,Finance
16014,1673,2024,4,2024-04-14,2024-04-25,12,Congé sans solde,Oui,Direction
12888,3000,2022,3,2022-03-15,2022-03-31,17,Congé payé,Oui,Opérations
11014,1345,2023,4,2023-04-04,2023-04-08,5,Congé payé,Oui,Informatique
10524,2865,2023,8,2023-08-09,2023-08-10,2,sick leave,Oui,Marketing
15596,2656,2024,7,2024-07-21,2024-07-22,2,Congé payé,Oui,Commercial
15141,1735,2024,1,2024-01-20,2024-02-07,19,Congé payé,Oui,Juridique
10105,2607,2023,8,2023-08-14,2023-08-26,13,Maternité/Paternité,Oui,Operations
14200,1425,2022,6,2022-06-27,2022-07-01,5,Congé payé,Oui,Juridique
12457,3148,2023,1,2023-01-03,2023-01-11,9,Maladie,Oui,R&D
13075,1681,2022,11,2022-11-18,2022-11-25,8,Maladie,Oui,Logistique
15648,2191,2024,5,2024-05-22,2024-05-30,9,paid leave,Oui,R&D
13152,2613,2022,2,2022-02-26,2022-03-10,13,RTT,Oui,Marketing
11864,1281,2024,4,2024-04-01,2024-04-06,6,sick leave,Oui,Direction
14974,2755,2024,7,2024-07-04,2024-07-08,5,Accident du travail,Oui,Informatique
11836,3356,2023,7,2023-07-26,2023-08-14,20,Maladie,Oui,Finance
10757,1335,2024,9,2024-09-08,2024-09-12,5,Maladie,Oui,Sales
11831,1470,2023,4,2023-04-25,2023-04-25,1,sick leave,Oui,RH
15760,1971,2024,5,2024-05-06,2024-05-24,19,sick leave,Oui,Logistique
10454,3187,2024,9,2024-09-05,2024-09-17,13,RTT,Oui,Juridique
11887,1290,2024,8,2024-08-09,2024-08-27,19,Accident du travail,Oui,Informatique
11363,1761,2023,9,2023-09-28,2023-10-13,16,RTT,Oui,Logistique
11169,1782,2023,3,2023-03-24,2023-04-05,13,Maladie,Oui,Juridique
11911,3154,2024,2,2024-02-13,2024-02-14,2,Congé sans solde,Oui,R&D
10945,2155,2024,4,2024-04-13,2024-05-01,19,Congé payé,Oui,Informatique
11935,1252,2024,3,2024-03-26,2024-03-31,6,Maternité/Paternité,Oui,Juridique
11147,1335,2024,3,2024-03-07,2024-03-21,15,paid leave,Oui,Sales
11299,1937,2023,10,2023-10-07,2023-10-12,6,Congé sans solde,Oui,Informatique
16081,2743,2022,11,2022-11-07,2022-11-25,19,Accident du travail,Oui,Opérations
12201,3276,2023,8,2023-08-25,2023-09-10,17,Maladie,Oui,Informatique
15944,3145,2023,10,2023-10-14,2023-10-29,16,Congé payé,Oui,Commercial
13781,2442,2022,5,2022-05-20,2022-05-29,10,Maladie,Oui,Logistique
12165,1093,2022,1,2022-01-16,2022-01-27,12,Congé payé,Oui,Juridique
13494,3371,2022,6,2022-06-24,2022-06-25,2,Formation,Oui,Direction
10427,1232,2022,12,2022-12-27,2022-12-31,5,Congé sans solde,Oui,Marketing
11829,2535,2024,7,2024-07-07,2024-07-14,8,RTT,Oui,Direction
11520,1416,2024,3,2024-03-27,2024-04-06,11,Congé payé,Oui,R&D
14182,1735,2024,2,2024-02-22,2024-03-02,10,Congé sans solde,Oui,Juridique
14305,2810,2023,11,2023-11-08,2023-11-22,15,paid leave,Oui,RH
11077,2630,2024,9,2024-09-12,2024-10-02,21,Formation,Oui,Finance
13890,1177,2022,9,2022-09-11,2022-09-16,6,Congé payé,Oui,RH
10859,3056,2022,8,2022-08-28,2022-09-05,9,Congé sans solde,Oui,Marketing
11106,1117,2023,6,2023-06-27,2023-07-07,11,RTT,Oui,Marketing
13030,2510,2023,8,2023-08-10,2023-08-27,18,Absence injustifiée,Non,Marketing
13982,3287,2024,4,2024-04-28,2024-05-01,4,Congé sans solde,Oui,Commercial
11912,3136,2022,2,2022-02-19,2022-03-06,16,RTT,Oui,Finance
13322,2218,2023,8,2023-08-08,2023-08-22,15,Congé payé,Oui,Logistique
14905,2040,2022,8,2022-08-15,2022-09-01,18,Maternité/Paternité,Oui,Opérations
14144,2077,2024,6,2024-06-08,2024-06-28,21,Enfant malade,Oui,Logistique
10694,2565,2022,12,2022-12-22,2022-12-30,9,sick leave,Oui,Informatique
14095,1721,2022,2,2022-02-09,2022-02-19,11,Congé payé,Oui,Juridique
11108,2343,2024,7,2024-07-05,2024-07-10,6,Congé sans solde,Oui,Marketing
12416,2715,2022,12,2022-12-12,2022-12-21,10,Congé payé,Oui,Direction
15516,2976,2024,1,2024-01-22,2024-02-08,18,RTT,Oui,RH
14648,2091,2023,3,2023-03-20,2023-03-27,8,Congé payé,Oui,Direction
15066,2645,2024,6,2024-06-15,2024-06-23,9,Accident du travail,Oui,Finance
15228,3276,2024,7,2024-07-02,2024-07-06,5,Congé payé,Oui,Informatique
14668,3287,2024,11,2024-11-06,2024-11-11,6,Maladie,Oui,Commercial
14472,3184,2023,1,2023-01-12,2023-01-13,2,paid leave,Oui,Juridique
13616,3156,2024,6,2024-06-21,2024-07-04,14,Accident du travail,Oui,Informatique
13139,1482,2023,8,2023-08-19,2023-09-08,21,Congé payé,Oui,Juridique
12060,1333,2022,6,2022-06-21,2022-06-29,9,Absence injustifiée,Non,R&D
15273,1533,2024,2,2024-02-12,2024-02-18,7,Congé sans solde,Oui,Logistique
12251,1138,2024,3,2024-03-17,2024-03-29,13,Congé payé,Oui,Juridique
15931,3153,2024,8,2024-08-21,2024-08-25,5,Maladie,Oui,Direction
14559,1117,2022,1,2022-01-27,2022-02-09,14,Congé payé,Oui,Marketing
14533,1880,2024,9,2024-09-21,2024-10-06,16,Maladie,Oui,Operations
11795,3149,2024,8,2024-08-13,2024-08-28,16,Maladie,Oui,Direction
13921,3251,2024,9,2024-09-20,2024-09-27,8,Congé payé,Oui,R&D
11158,1711,2022,4,2022-04-14,2022-04-30,17,Accident du travail,Oui,R&D
15470,2822,2024,11,2024-11-19,2024-12-07,19,sick leave,Oui,Marketing
12235,1576,2022,4,2022-04-20,2022-05-01,12,Congé sans solde,Oui,Juridique
15418,1138,2024,8,2024-08-21,2024-08-27,7,RTT,Oui,Juridique
15445,1024,2023,5,2023-05-04,2023-05-13,10,Enfant malade,Oui,Juridique
14934,2565,2023,12,2023-12-13,2023-12-31,19,Enfant malade,Oui,Informatique
11242,3392,2023,9,2023-09-25,2023-10-15,21,Enfant malade,Oui,Marketing
10929,1449,2024,7,2024-07-16,2024-08-01,17,RTT,Oui,Juridique
14723,2343,2022,11,2022-11-18,2022-11-27,10,Enfant malade,Oui,Marketing
10674,3327,2022,1,2022-01-06,2022-01-25,20,paid leave,Oui,Commercial
15674,2939,2022,10,2022-10-07,2022-10-25,19,Accident du travail,Oui,R&D
10708,3376,2023,10,2023-10-26,2023-11-02,8,Maladie,Oui,Opérations
13846,2755,2022,9,2022-09-24,2022-09-30,7,Maladie,Oui,Informatique
13594,2129,2023,1,2023-01-01,2023-01-12,12,paid leave,Oui,Informatique
11718,2605,2024,2,2024-02-05,2024-02-23,19,Congé payé,Oui,Commercial
12123,2617,2023,1,2023-01-15,2023-01-15,1,Congé sans solde,Oui,Opérations
10369,1290,2022,1,2022-01-09,2022-01-15,7,RTT,Oui,Informatique
10359,1345,2022,1,2022-01-27,2022-02-09,14,RTT,Oui,Informatique
10075,2330,2022,7,2022-07-14,2022-07-18,-5,Accident du travail,Oui,RH
14164,1093,2022,10,2022-10-16,2022-10-20,5,Absence injustifiée,Non,Juridique
13111,2343,2023,5,2023-05-11,2023-05-19,9,Maladie,Oui,Marketing
13367,1824,2023,9,2023-09-11,2023-09-14,4,Congé payé,Oui,Marketing
14885,3276,2023,9,2023-09-18,2023-09-21,4,Maladie,Oui,Informatique
10577,2354,2022,10,2022-10-18,2022-11-03,17,paid leave,Oui,Marketing
14259,2746,2024,2,2024-02-20,2024-03-02,12,Maladie,Oui,Finance
11152,1218,2023,6,2023-06-13,2023-06-29,17,Formation,Oui,Juridique
15462,2535,2022,5,2022-05-05,2022-05-09,5,sick leave,Oui,Direction
12952,3096,2022,5,2022-05-27,2022-06-05,10,Maladie,Oui,Logistique
11940,1981,2022,9,2022-09-22,2022-10-10,19,Congé payé,Oui,Direction
14062,1662,2022,8,2022-08-05,2022-08-22,18,RTT,Oui,Direction
11378,2853,2024,7,2024-07-24,2024-07-26,3,Congé payé,Oui,RH
12568,1533,2023,1,2023-01-09,2023-01-12,4,RTT,Oui,Logistique
12130,2523,2024,9,2024-09-16,2024-10-01,16,RTT,Oui,Marketing
12883,1469,2024,7,2024-07-22,2024-07-25,4,Formation,Oui,Direction
15991,1232,2023,11,2023-11-17,2023-11-19,3,Enfant malade,Oui,Marketing
14484,1996,2022,1,2022-01-17,2022-02-04,19,Maladie,Oui,Marketing
10852,2535,2022,11,2022-11-05,2022-11-17,13,RTT,Oui,Direction
15993,2813,2023,3,2023-03-25,2023-03-26,2,Maladie,Oui,Finance
10850,3152,2023,6,2023-06-28,2023-06-30,3,Congé payé,Oui,Informatique
15961,2625,2024,1,2024-01-01,2024-01-13,13,Congé sans solde,Oui,Commercial
10623,2981,2022,11,2022-11-18,2022-11-23,6,Maternité/Paternité,Oui,Marketing
11310,1402,2022,11,2022-11-10,2022-11-17,8,Maladie,Oui,Logistique
15070,1881,2023,7,2023-07-13,2023-07-26,14,Congé payé,Oui,Direction
11358,2333,2023,2,2023-02-15,2023-02-18,4,sick leave,Oui,Marketing
10501,1296,2024,12,2024-12-01,2024-12-17,17,Congé payé,Oui,Juridique
10199,1214,2024,11,2024-11-03,2024-11-18,16,Accident du travail,Oui,R&D
15143,2630,2024,2,2024-02-21,2024-02-22,2,Absence injustifiée,Non,Finance
11602,3204,2022,3,2022-03-15,2022-03-22,8,Congé payé,Oui,Direction
10595,1214,2024,4,2024-04-26,2024-05-13,18,Congé sans solde,Oui,R&D
10082,3204,2023,6,2023-06-04,2023-06-24,-21,Accident du travail,Oui,Direction
11054,2120,2023,12,2023-12-12,2023-12-15,4,RTT,Oui,RH
14325,1635,2022,2,2022-02-22,2022-03-13,20,paid leave,Oui,Informatique
11458,3315,2024,6,2024-06-21,2024-07-06,16,Congé payé,Oui,Commercial
13003,2956,2022,11,2022-11-05,2022-11-17,13,Enfant malade,Oui,Informatique
15321,3251,2023,1,2023-01-14,2023-01-20,7,RTT,Oui,R&D
13473,1631,2023,12,2023-12-21,2023-12-29,9,Maternité/Paternité,Oui,Opérations
10917,1548,2023,10,2023-10-22,2023-11-02,12,Maladie,Oui,Commercial
11730,1229,2023,11,2023-11-02,2023-11-18,17,Maladie,Oui,Informatique
12549,3106,2023,12,2023-12-25,2024-01-03,10,Enfant malade,Oui,R&D
12824,1897,2023,10,2023-10-07,2023-10-27,21,RTT,Oui,Opérations
14747,1445,2022,7,2022-07-09,2022-07-23,15,Maladie,Oui,Informatique
15570,2743,2023,5,2023-05-22,2023-05-24,3,Congé sans solde,Oui,Opérations
13804,2764,2024,2,2024-02-21,2024-02-22,2,Formation,Oui,Opérations
13533,1347,2022,8,2022-08-13,2022-08-23,11,Accident du travail,Oui,Marketing
15057,2135,2022,5,2022-05-19,2022-05-21,3,Formation,Oui,Finance
14007,3376,2023,12,2023-12-24,2024-01-08,16,Maladie,Oui,Opérations
10797,1403,2022,4,2022-04-12,2022-04-26,15,Maladie,Oui,Opérations
13029,2157,2023,1,2023-01-07,2023-01-25,19,Maladie,Oui,Logistique
12960,1677,2022,2,2022-02-02,2022-02-16,15,Maladie,Oui,RH
15107,2527,2022,9,2022-09-07,2022-09-21,15,Formation,Oui,Opérations
10451,2981,2023,5,2023-05-25,2023-06-02,9,Enfant malade,Oui,Marketing
14384,1225,2024,11,2024-11-14,2024-11-21,8,Congé payé,Oui,R&D
11381,2556,2023,6,2023-06-13,2023-06-22,10,Formation,Oui,Direction
11384,3152,2022,11,2022-11-13,2022-11-19,7,Enfant malade,Oui,Informatique
11312,2354,2023,11,2023-11-24,2023-12-07,14,sick leave,Oui,Marketing
10219,2243,2023,1,2023-01-16,2023-01-30,15,Accident du travail,Oui,Direction
11869,2393,2024,9,2024-09-08,2024-09-22,15,Congé payé,Oui,Logistique
12320,2171,2022,6,2022-06-01,2022-06-04,4,Enfant malade,Oui,Juridique
16129,2134,2024,10,2024-10-23,2024-11-11,19,Accident du travail,Oui,Direction
11218,1194,2022,4,2022-04-04,2022-04-17,14,Enfant malade,Oui,R&D
10799,1177,2024,5,2024-05-07,2024-05-15,9,RTT,Oui,RH
10880,2060,2022,12,2022-12-20,2022-12-22,3,paid leave,Oui,Logistique
11027,2625,2024,9,2024-09-21,2024-09-29,9,Congé payé,Oui,Commercial
11792,2289,2024,7,2024-07-22,2024-07-30,9,paid leave,Oui,Marketing
13387,1121,2022,8,2022-08-27,2022-09-14,19,Maternité/Paternité,Oui,Direction
14179,1450,2024,10,2024-10-03,2024-10-09,7,Formation,Oui,Finance
15030,1281,2022,11,2022-11-20,2022-11-29,10,Maladie,Oui,Direction
11905,2244,2022,6,2022-06-16,2022-06-27,12,Maladie,Oui,RH
13255,1306,2023,3,2023-03-13,2023-03-23,11,Congé payé,Oui,Informatique
15846,2218,2022,5,2022-05-26,2022-06-07,13,sick leave,Oui,Logistique
13722,1093,2023,12,2023-12-28,2024-01-01,5,Congé payé,Oui,Juridique
14514,2503,2023,9,2023-09-11,2023-09-25,15,Congé sans solde,Oui,Informatique
13809,1543,2022,8,2022-08-17,2022-09-04,19,Accident du travail,Oui,Finance
15510,1642,2024,1,2024-01-25,2024-01-27,3,Congé payé,Oui,Juridique
14757,1742,2024,10,2024-10-04,2024-10-09,6,Absence injustifiée,Non,Informatique
10958,2607,2022,5,2022-05-25,2022-06-10,17,Congé payé,Oui,Operations
11951,1765,2023,3,2023-03-19,2023-03-31,13,Congé sans solde,Oui,Commercial
12697,1070,2024,12,2024-12-24,2025-01-06,14,Enfant malade,Oui,Opérations
15177,1735,2022,8,2022-08-17,2022-09-01,16,Congé payé,Oui,Juridique
12077,2656,2022,1,2022-01-16,2022-01-22,7,Congé payé,Oui,Commercial
13053,3172,2024,5,2024-05-18,2024-06-01,15,Absence injustifiée,Non,Marketing
12602,3292,2022,6,2022-06-22,2022-06-28,7,Maladie,Oui,RH
10048,3187,2022,1,2022-01-12,2022-01-07,-6,RTT,Oui,Juridique
12782,1070,2024,3,2024-03-22,2024-04-10,20,Congé payé,Oui,Opérations
13388,2132,2022,11,2022-11-05,2022-11-18,14,Formation,Oui,RH
13767,1128,2023,10,2023-10-06,2023-10-21,16,RTT,Oui,Direction
13084,2607,2024,5,2024-05-05,2024-05-16,12,Maladie,Oui,Operations
14171,3047,2024,7,2024-07-08,2024-07-17,10,Formation,Oui,Juridique
11770,2068,2023,1,2023-01-21,2023-02-01,12,Maladie,Oui,R&D
10532,1529,2023,12,2023-12-09,2023-12-20,12,Congé payé,Oui,Logistique
12143,1371,2022,1,2022-01-26,2022-01-27,2,Congé payé,Oui,Commercial
14557,1924,2024,9,2024-09-20,2024-09-20,1,Maladie,Oui,Informatique
11807,2157,2024,9,2024-09-16,2024-10-03,18,Maladie,Oui,Logistique
11295,1273,2022,9,2022-09-08,2022-09-19,12,Formation,Oui,Informatique
14739,3371,2023,6,2023-06-10,2023-06-20,11,Maladie,Oui,Direction
15463,1636,2022,5,2022-05-12,2022-05-14,3,Congé payé,Oui,Marketing
14848,1371,2024,9,2024-09-25,2024-10-11,17,RTT,Oui,Commercial
12030,2665,2024,4,2024-04-07,2024-04-15,9,Absence injustifiée,Non,Direction
14005,1301,2022,11,2022-11-15,2022-11-18,4,Congé payé,Oui,Commercial
14682,3263,2023,5,2023-05-04,2023-05-19,16,Maladie,Oui,Informatique
14685,3274,2022,11,2022-11-21,2022-11-26,6,Congé payé,Oui,Marketing
11617,2454,2023,10,2023-10-23,2023-11-08,17,Maladie,Oui,Informatique
12780,1425,2023,1,2023-01-03,2023-01-21,19,paid leave,Oui,Juridique
12694,2754,2024,5,2024-05-03,2024-05-15,13,Congé payé,Oui,Opérations
12186,2853,2022,2,2022-02-15,2022-03-05,19,paid leave,Oui,RH
15147,1966,2022,8,2022-08-21,2022-09-02,13,Absence injustifiée,Non,Logistique
12105,1775,2023,11,2023-11-09,2023-11-13,5,Congé payé,Oui,R&D
12187,1616,2024,7,2024-07-22,2024-07-28,7,Congé payé,Oui,Finance
15058,1824,2022,2,2022-02-03,2022-02-07,5,Maladie,Oui,Marketing
14966,2165,2022,11,2022-11-23,2022-12-01,9,Formation,Oui,RH
11781,3288,2024,8,2024-08-13,2024-08-29,17,Accident du travail,Oui,RH
14571,1642,2023,6,2023-06-03,2023-06-22,20,Maladie,Oui,Juridique
11182,1765,2024,8,2024-08-11,2024-08-24,14,Formation,Oui,Commercial
15357,2762,2022,10,2022-10-01,2022-10-15,15,RTT,Oui,RH
12751,3156,2023,9,2023-09-05,2023-09-22,18,Enfant malade,Oui,Informatique
12439,1015,2024,9,2024-09-18,2024-09-25,8,Maladie,Oui,Logistique
10093,2296,2024,10,2024-10-15,2024-11-02,19,Maternité/Paternité,Oui,RH
14808,2746,2022,1,2022-01-24,2022-02-08,16,Maladie,Oui,Finance
12405,2445,2024,9,2024-09-15,2024-09-27,13,Maladie,Oui,Logistique
10728,2874,2024,12,2024-12-17,2024-12-17,1,Accident du travail,Oui,Commercial
15615,2036,2023,6,2023-06-27,2023-06-29,3,Congé sans solde,Oui,Informatique
11441,2120,2023,8,2023-08-09,2023-08-16,8,sick leave,Oui,RH
11371,2535,2023,9,2023-09-22,2023-09-29,8,Maladie,Oui,Direction
13754,2454,2024,8,2024-08-12,2024-08-26,15,Maladie,Oui,Informatique
11436,1117,2023,5,2023-05-17,2023-06-05,20,Congé sans solde,Oui,Marketing
11544,2134,2024,4,2024-04-26,2024-05-13,18,Accident du travail,Oui,Direction
13407,1550,2023,8,2023-08-11,2023-08-15,5,Enfant malade,Oui,Marketing
14584,2120,2024,2,2024-02-09,2024-02-12,4,Congé payé,Oui,RH
15499,1121,2024,9,2024-09-01,2024-09-07,7,sick leave,Oui,Direction
16043,2400,2024,6,2024-06-08,2024-06-10,3,RTT,Oui,Finance
14872,1616,2024,7,2024-07-12,2024-07-15,4,Maladie,Oui,Finance
15276,2613,2023,3,2023-03-10,2023-03-14,5,Accident du travail,Oui,Marketing
12698,1281,2024,4,2024-04-01,2024-04-19,19,Maladie,Oui,Direction
14923,3392,2023,10,2023-10-05,2023-10-08,4,Congé sans solde,Oui,Marketing
13051,1488,2024,10,2024-10-15,2024-10-23,9,Congé sans solde,Oui,Finance
10058,3028,2022,10,2022-10-14,2022-11-02,-20,RTT,Oui,Finance
13912,3028,2023,2,2023-02-13,2023-03-05,21,Accident du travail,Oui,Finance
10392,1881,2023,12,2023-12-05,2023-12-06,2,Congé sans solde,Oui,Direction
10476,1275,2023,1,2023-01-06,2023-01-12,7,Accident du travail,Oui,Logistique
14060,2153,2023,7,2023-07-28,2023-08-03,7,Congé sans solde,Oui,Commercial
15012,2217,2023,7,2023-07-14,2023-08-01,19,Maternité/Paternité,Oui,Commercial
11979,1752,2024,8,2024-08-22,2024-09-02,12,Maladie,Oui,Juridique
10201,1393,2023,1,2023-01-13,2023-01-24,12,RTT,Oui,Logistique
10503,2235,2022,3,2022-03-01,2022-03-18,18,paid leave,Oui,Informatique
15924,1767,2023,5,2023-05-28,2023-06-08,12,Enfant malade,Oui,Informatique
14658,2712,2023,1,2023-01-20,2023-01-31,12,Enfant malade,Oui,Logistique
12484,3263,2023,2,2023-02-01,2023-02-17,17,Absence injustifiée,Non,Informatique
14750,1775,2023,6,2023-06-05,2023-06-13,9,Formation,Oui,R&D
15342,2414,2022,12,2022-12-23,2022-12-30,8,RTT,Oui,Finance
14921,1177,2024,8,2024-08-11,2024-08-17,7,Congé payé,Oui,RH
14938,3149,2024,8,2024-08-11,2024-08-23,13,Congé sans solde,Oui,Direction
11098,1824,2023,4,2023-04-08,2023-04-08,1,RTT,Oui,Marketing
14176,1927,2024,2,2024-02-09,2024-02-22,14,Congé payé,Oui,Informatique
16067,1669,2022,5,2022-05-14,2022-06-01,19,Maternité/Paternité,Oui,Juridique
13597,2865,2023,3,2023-03-01,2023-03-17,17,RTT,Oui,Marketing
11593,1959,2024,4,2024-04-14,2024-05-01,18,Maladie,Oui,Commercial
15964,2351,2022,2,2022-02-17,2022-02-17,1,Accident du travail,Oui,Logistique
13200,3000,2024,7,2024-07-19,2024-07-25,7,Congé payé,Oui,Opérations
11252,1445,2022,8,2022-08-26,2022-09-13,19,sick leave,Oui,Informatique
11193,2129,2022,5,2022-05-19,2022-06-06,19,Maladie,Oui,Informatique
14345,2605,2022,7,2022-07-24,2022-07-25,2,Accident du travail,Oui,Commercial
15735,3256,2022,4,2022-04-17,2022-04-22,6,Congé payé,Oui,Opérations
14310,2665,2023,5,2023-05-03,2023-05-09,7,Maternité/Paternité,Oui,Direction
14562,3292,2022,3,2022-03-24,2022-04-09,17,Formation,Oui,RH
11471,2038,2024,9,2024-09-27,2024-10-11,15,Congé payé,Oui,Informatique
11941,1255,2024,1,2024-01-12,2024-01-30,19,Formation,Oui,R&D
14371,1712,2024,9,2024-09-21,2024-09-30,10,Congé payé,Oui,Juridique
13515,1254,2023,11,2023-11-01,2023-11-14,14,Accident du travail,Oui,Finance
14002,1254,2023,6,2023-06-16,2023-06-17,2,Absence injustifiée,Non,Finance
12075,1691,2024,12,2024-12-06,2024-12-06,1,RTT,Oui,Opérations
14323,2844,2023,10,2023-10-28,2023-11-10,14,Congé sans solde,Oui,Commercial
13384,1897,2022,10,2022-10-05,2022-10-22,18,Maladie,Oui,Opérations
12795,2651,2023,3,2023-03-22,2023-04-08,18,Maladie,Oui,R&D
11411,1081,2023,5,2023-05-14,2023-05-22,9,Congé sans solde,Oui,Juridique
13991,2192,2024,8,2024-08-04,2024-08-20,17,paid leave,Oui,Logistique
10892,1679,2024,12,2024-12-04,2024-12-07,4,Maladie,Oui,Finance
14011,1421,2023,4,2023-04-01,2023-04-01,1,Maternité/Paternité,Oui,Finance
16077,1754,2023,9,2023-09-20,2023-10-08,19,RTT,Oui,Finance
10705,3324,2024,4,2024-04-18,2024-04-18,1,Congé payé,Oui,R&D
14320,2988,2024,3,2024-03-07,2024-03-11,5,RTT,Oui,RH
13538,1340,2024,12,2024-12-26,2025-01-06,12,RTT,Oui,RH
15041,1880,2022,7,2022-07-18,2022-08-03,17,RTT,Oui,Operations
13177,2015,2023,7,2023-07-03,2023-07-16,14,Maladie,Oui,RH
15843,1981,2024,8,2024-08-27,2024-08-28,2,Maladie,Oui,Direction
10989,2118,2024,12,2024-12-27,2025-01-04,9,RTT,Oui,Opérations
13234,2525,2022,2,2022-02-06,2022-02-12,7,Maternité/Paternité,Oui,Operations
15279,3327,2023,1,2023-01-18,2023-01-25,8,RTT,Oui,Commercial
15750,3316,2024,10,2024-10-27,2024-10-27,1,Absence injustifiée,Non,RH
16099,2153,2023,11,2023-11-19,2023-12-02,14,Maladie,Oui,Commercial
15046,1333,2023,7,2023-07-16,2023-07-30,15,Formation,Oui,R&D
13362,1121,2022,5,2022-05-13,2022-05-21,9,RTT,Oui,Direction
13310,2018,2023,10,2023-10-06,2023-10-09,4,Congé payé,Oui,Direction
14696,2831,2024,10,2024-10-25,2024-10-25,1,Maternité/Paternité,Oui,Logistique
11118,2632,2023,1,2023-01-28,2023-02-02,6,Formation,Oui,Logistique
10436,3295,2024,4,2024-04-24,2024-05-05,12,Accident du travail,Oui,RH
12981,3371,2022,2,2022-02-22,2022-02-22,1,Maternité/Paternité,Oui,Direction
12773,2400,2023,5,2023-05-18,2023-05-20,3,Maladie,Oui,Finance
15571,2565,2022,9,2022-09-28,2022-10-14,17,Accident du travail,Oui,Informatique
15800,3145,2023,2,2023-02-07,2023-02-15,9,Maladie,Oui,Commercial
14633,3281,2023,2,2023-02-16,2023-03-03,16,Enfant malade,Oui,Finance
14467,1782,2023,12,2023-12-22,2024-01-09,19,RTT,Oui,Juridique
11604,3357,2024,8,2024-08-22,2024-08-27,6,RTT,Oui,Juridique
12551,1928,2023,3,2023-03-14,2023-03-27,14,sick leave,Oui,Informatique
11375,2653,2023,12,2023-12-01,2023-12-16,16,Maladie,Oui,Finance
13464,2523,2023,10,2023-10-21,2023-10-22,2,RTT,Oui,Marketing
16133,1937,2023,12,2023-12-07,2023-12-11,4,Enfant malade,Oui,Informatique
12757,3341,2022,10,2022-10-18,2022-10-19,2,sick leave,Oui,RH
15084,2574,2022,4,2022-04-22,2022-05-08,17,Congé payé,Oui,Juridique
15638,1117,2022,3,2022-03-25,2022-03-29,5,paid leave,Oui,Marketing
11645,2120,2022,6,2022-06-28,2022-07-01,4,Maladie,Oui,RH
10848,2189,2024,1,2024-01-28,2024-02-16,20,Absence injustifiée,Non,RH
13146,1467,2023,4,2023-04-09,2023-04-19,11,Formation,Oui,Logistique
15881,2916,2024,7,2024-07-17,2024-07-25,9,Maladie,Oui,Commercial
14917,1393,2023,8,2023-08-24,2023-09-02,10,Maladie,Oui,Logistique
11584,1673,2023,7,2023-07-02,2023-07-06,5,Absence injustifiée,Non,Direction
11899,1127,2022,9,2022-09-23,2022-09-23,1,Maladie,Oui,Marketing
15118,1746,2024,9,2024-09-04,2024-09-08,5,Maladie,Oui,Finance
16032,1544,2024,8,2024-08-27,2024-09-10,15,Absence injustifiée,Non,Direction
10151,2469,2024,5,2024-05-19,2024-06-01,14,Congé sans solde,Oui,Logistique
12262,1971,2024,8,2024-08-03,2024-08-10,8,sick leave,Oui,Logistique
16074,1782,2022,9,2022-09-09,2022-09-09,1,Accident du travail,Oui,Juridique
13297,1550,2023,2,2023-02-04,2023-02-21,18,Maladie,Oui,Marketing
11079,3264,2022,10,2022-10-28,2022-11-03,7,Congé payé,Oui,R&D
12623,1812,2022,11,2022-11-13,2022-11-21,9,Formation,Oui,Juridique
15348,2981,2023,11,2023-11-14,2023-11-20,7,Maladie,Oui,Marketing
10593,2129,2024,8,2024-08-23,2024-08-25,3,Maternité/Paternité,Oui,Informatique
13363,1044,2022,5,2022-05-18,2022-05-29,12,Maladie,Oui,Marketing
14169,1734,2023,5,2023-05-11,2023-05-21,11,Maladie,Oui,Commercial
11984,2822,2024,1,2024-01-09,2024-01-20,12,Maladie,Oui,Marketing
10165,2690,2024,1,2024-01-14,2024-01-18,5,Formation,Oui,Commercial
15214,2068,2024,1,2024-01-08,2024-01-08,1,sick leave,Oui,R&D
10594,1626,2023,7,2023-07-14,2023-08-02,20,Absence injustifiée,Non,Commercial
14085,1971,2022,3,2022-03-04,2022-03-13,10,RTT,Oui,Logistique
13966,3000,2022,9,2022-09-28,2022-10-18,21,Accident du travail,Oui,Opérations
13253,1306,2024,3,2024-03-19,2024-04-05,18,Maladie,Oui,Informatique
14740,1403,2022,4,2022-04-11,2022-04-22,12,Maladie,Oui,Opérations
14810,1812,2022,6,2022-06-06,2022-06-26,21,Congé payé,Oui,Juridique
14977,1212,2023,3,2023-03-27,2023-03-27,1,Absence injustifiée,Non,R&D
10115,1273,2023,9,2023-09-15,2023-09-17,3,RTT,Oui,Informatique
15386,3356,2023,11,2023-11-28,2023-11-28,1,RTT,Oui,Finance
15618,2911,2022,5,2022-05-20,2022-05-28,9,Congé payé,Oui,Direction
11113,2351,2022,8,2022-08-09,2022-08-28,20,RTT,Oui,Logistique
11562,3295,2023,7,2023-07-20,2023-07-30,11,Congé payé,Oui,RH
15578,3318,2022,5,2022-05-27,2022-05-27,1,Accident du travail,Oui,Juridique
12169,2865,2023,4,2023-04-09,2023-04-09,1,Maladie,Oui,Marketing
12354,1544,2024,1,2024-01-02,2024-01-06,5,Maladie,Oui,Direction
11410,1327,2023,3,2023-03-14,2023-03-30,17,RTT,Oui,RH
13882,2317,2023,10,2023-10-19,2023-10-22,4,Congé payé,Oui,Opérations
10817,3327,2022,12,2022-12-02,2022-12-22,21,Maladie,Oui,Commercial
10649,1616,2023,12,2023-12-17,2023-12-24,8,RTT,Oui,Finance
14024,2445,2022,6,2022-06-15,2022-06-26,12,Maladie,Oui,Logistique
14413,1449,2023,5,2023-05-13,2023-05-31,19,sick leave,Oui,Juridique
13423,1851,2022,3,2022-03-22,2022-03-31,10,Congé payé,Oui,Direction
14504,3156,2023,1,2023-01-04,2023-01-11,8,paid leave,Oui,Informatique
15951,3056,2022,6,2022-06-14,2022-07-02,19,Maladie,Oui,Marketing
10730,1756,2022,3,2022-03-04,2022-03-16,13,Maladie,Oui,Finance
10210,2406,2024,4,2024-04-14,2024-04-14,1,Maladie,Oui,Finance
12330,1402,2022,4,2022-04-20,2022-04-23,4,RTT,Oui,Logistique
13661,1779,2023,3,2023-03-23,2023-04-08,17,Enfant malade,Oui,R&D
13271,1093,2022,12,2022-12-15,2022-12-27,13,Accident du travail,Oui,Juridique
13951,2510,2023,8,2023-08-28,2023-09-12,16,sick leave,Oui,Marketing
14233,3223,2023,7,2023-07-14,2023-07-14,1,Absence injustifiée,Non,Finance
15211,3251,2022,6,2022-06-20,2022-06-27,8,Congé payé,Oui,R&D
14480,2295,2024,3,2024-03-18,2024-03-20,3,RTT,Oui,Informatique
13615,1300,2023,4,2023-04-23,2023-05-01,9,Formation,Oui,Commercial
12428,1662,2024,8,2024-08-07,2024-08-20,14,Accident du travail,Oui,Direction
12699,2684,2022,11,2022-11-17,2022-11-23,7,Formation,Oui,Direction
13590,2615,2022,2,2022-02-03,2022-02-12,10,Absence injustifiée,Non,Commercial
11851,1063,2024,12,2024-12-06,2024-12-14,9,RTT,Oui,Finance
15960,3271,2023,10,2023-10-06,2023-10-10,5,Congé payé,Oui,Finance
12223,1796,2024,8,2024-08-16,2024-09-03,19,RTT,Oui,Marketing
15104,1794,2022,5,2022-05-17,2022-06-05,20,paid leave,Oui,Opérations
14876,2219,2022,2,2022-02-17,2022-02-28,12,Absence injustifiée,Non,R&D
14424,1782,2024,8,2024-08-05,2024-08-21,17,RTT,Oui,Juridique
12940,3371,2024,2,2024-02-10,2024-02-17,8,RTT,Oui,Direction
12070,1450,2022,10,2022-10-04,2022-10-17,14,Enfant malade,Oui,Finance
14566,1333,2022,3,2022-03-25,2022-03-27,3,RTT,Oui,R&D
13993,1296,2024,12,2024-12-24,2025-01-02,10,Congé payé,Oui,Juridique
12221,1684,2022,6,2022-06-24,2022-07-10,17,Congé sans solde,Oui,R&D
10734,1345,2023,3,2023-03-21,2023-03-22,2,Congé payé,Oui,Informatique
11727,2615,2023,1,2023-01-17,2023-01-28,12,sick leave,Oui,Commercial
12127,1412,2023,8,2023-08-05,2023-08-05,1,paid leave,Oui,Opérations
14369,2690,2023,5,2023-05-07,2023-05-07,1,Enfant malade,Oui,Commercial
11301,2503,2024,3,2024-03-05,2024-03-12,8,Absence injustifiée,Non,Informatique
10835,2321,2022,4,2022-04-23,2022-05-10,18,Absence injustifiée,Non,Informatique
15108,1866,2022,12,2022-12-02,2022-12-03,2,Enfant malade,Oui,Informatique
11089,3327,2023,10,2023-10-27,2023-11-13,18,Enfant malade,Oui,Commercial
10488,2865,2023,9,2023-09-07,2023-09-26,20,Absence injustifiée,Non,Marketing
12234,1191,2023,10,2023-10-10,2023-10-15,6,Absence injustifiée,Non,R&D
10484,2191,2023,3,2023-03-26,2023-04-11,17,Congé payé,Oui,R&D
12604,2452,2024,10,2024-10-06,2024-10-18,13,Congé payé,Oui,Direction
15728,1981,2023,3,2023-03-19,2023-04-01,14,sick leave,Oui,Direction
12999,1217,2022,6,2022-06-15,2022-07-03,19,Congé payé,Oui,Direction
15727,2322,2024,3,2024-03-14,2024-03-22,9,Enfant malade,Oui,RH
14122,2242,2022,2,2022-02-03,2022-02-23,21,Maladie,Oui,Commercial
11667,3139,2023,9,2023-09-09,2023-09-21,13,Maladie,Oui,Finance
13547,3061,2023,3,2023-03-17,2023-03-19,3,Maladie,Oui,R&D
12301,2656,2022,2,2022-02-05,2022-02-07,3,paid leave,Oui,Commercial
15319,1155,2022,8,2022-08-27,2022-09-05,10,Accident du travail,Oui,Direction
12089,3281,2023,10,2023-10-21,2023-11-07,18,paid leave,Oui,Finance
13397,3295,2022,5,2022-05-25,2022-06-03,10,RTT,Oui,RH
10662,2651,2022,8,2022-08-11,2022-08-26,16,Accident du travail,Oui,R&D
10086,3176,2022,2,2022-02-14,2022-03-03,-18,Accident du travail,Oui,Finance
14086,3287,2022,4,2022-04-20,2022-05-08,19,Congé sans solde,Oui,Commercial
14883,1266,2023,11,2023-11-25,2023-12-11,17,Congé payé,Oui,RH
12487,1796,2022,11,2022-11-03,2022-11-10,8,Congé payé,Oui,Marketing
12641,3136,2024,4,2024-04-04,2024-04-16,13,paid leave,Oui,Finance
12581,1949,2022,4,2022-04-25,2022-05-12,18,Formation,Oui,Marketing
15809,2218,2024,9,2024-09-28,2024-10-07,10,Formation,Oui,Logistique
12476,2853,2023,6,2023-06-01,2023-06-06,6,Congé sans solde,Oui,RH
13475,2556,2024,8,2024-08-04,2024-08-06,3,sick leave,Oui,Direction
14021,2981,2024,12,2024-12-13,2024-12-23,11,Accident du travail,Oui,Marketing
10771,1642,2024,7,2024-07-15,2024-07-29,15,Absence injustifiée,Non,Juridique
10258,3153,2022,7,2022-07-18,2022-07-30,13,sick leave,Oui,Direction
14899,1467,2024,4,2024-04-26,2024-05-14,19,Maladie,Oui,Logistique
16002,2344,2022,12,2022-12-24,2023-01-05,13,Absence injustifiée,Non,R&D
10191,2404,2022,3,2022-03-11,2022-03-30,20,Congé payé,Oui,R&D
13068,2295,2022,10,2022-10-07,2022-10-24,18,RTT,Oui,Informatique
13544,1533,2023,5,2023-05-24,2023-06-13,21,Maternité/Paternité,Oui,Logistique
10873,1765,2022,6,2022-06-06,2022-06-25,20,RTT,Oui,Commercial
12334,1928,2022,11,2022-11-04,2022-11-12,9,Enfant malade,Oui,Informatique
12395,3176,2023,4,2023-04-18,2023-05-08,21,RTT,Oui,Finance
14762,3187,2024,12,2024-12-05,2024-12-12,8,Enfant malade,Oui,Juridique
15856,1128,2023,6,2023-06-01,2023-06-12,12,Absence injustifiée,Non,Direction
15557,1527,2022,6,2022-06-05,2022-06-21,17,Maladie,Oui,Informatique
12993,2831,2023,3,2023-03-27,2023-04-04,9,Accident du travail,Oui,Logistique
12714,2976,2022,5,2022-05-26,2022-05-29,4,sick leave,Oui,RH
10884,1281,2024,3,2024-03-22,2024-03-22,1,Accident du travail,Oui,Direction
13980,2196,2023,7,2023-07-05,2023-07-08,4,Accident du travail,Oui,Commercial
15387,1402,2024,1,2024-01-15,2024-01-28,14,Formation,Oui,Logistique
15694,2448,2023,9,2023-09-25,2023-09-28,4,Enfant malade,Oui,Logistique
12399,1996,2022,12,2022-12-16,2022-12-22,7,Congé payé,Oui,Marketing
14956,1081,2024,1,2024-01-06,2024-01-16,11,Accident du travail,Oui,Juridique
13984,2097,2023,9,2023-09-27,2023-10-17,21,Congé sans solde,Oui,Logistique
10313,2523,2022,8,2022-08-16,2022-08-28,13,Maladie,Oui,Marketing
10480,1485,2022,3,2022-03-18,2022-03-30,13,Maternité/Paternité,Oui,Direction
13855,3362,2022,5,2022-05-21,2022-06-08,19,Enfant malade,Oui,Marketing
10621,1709,2022,5,2022-05-09,2022-05-09,1,RTT,Oui,R&D
13566,1070,2022,9,2022-09-14,2022-09-25,12,Maladie,Oui,Opérations
13587,1749,2022,9,2022-09-23,2022-10-08,16,RTT,Oui,Logistique
13918,1983,2024,1,2024-01-17,2024-01-30,14,sick leave,Oui,Finance
13960,2930,2024,9,2024-09-16,2024-10-06,21,sick leave,Oui,Logistique
15256,3111,2022,7,2022-07-24,2022-08-01,9,Absence injustifiée,Non,Opérations
13036,3376,2024,2,2024-02-28,2024-02-28,1,Congé payé,Oui,Opérations
15204,3276,2022,10,2022-10-05,2022-10-05,1,Formation,Oui,Informatique
10510,3176,2022,10,2022-10-10,2022-10-12,3,sick leave,Oui,Finance
14379,2755,2022,3,2022-03-15,2022-03-18,4,Congé payé,Oui,Informatique
10738,3239,2022,7,2022-07-15,2022-07-31,17,Congé payé,Oui,Finance
14343,2289,2023,10,2023-10-10,2023-10-29,20,Congé payé,Oui,Marketing
10221,2138,2022,3,2022-03-02,2022-03-13,12,Congé payé,Oui,Direction
14354,1550,2024,8,2024-08-24,2024-08-26,3,Maladie,Oui,Marketing
14875,1952,2024,6,2024-06-23,2024-07-10,18,Accident du travail,Oui,Informatique
14053,1769,2024,7,2024-07-06,2024-07-14,9,Congé payé,Oui,Opérations
11922,1663,2024,11,2024-11-17,2024-11-20,4,RTT,Oui,Opérations
11722,2155,2023,10,2023-10-09,2023-10-25,17,RTT,Oui,Informatique
13378,2772,2022,6,2022-06-27,2022-07-17,21,Congé payé,Oui,Marketing
10846,3111,2023,7,2023-07-24,2023-07-24,1,Congé payé,Oui,Opérations
10572,1937,2023,12,2023-12-14,2023-12-26,13,Enfant malade,Oui,Informatique
12017,1485,2024,12,2024-12-13,2024-12-17,5,Congé payé,Oui,Direction
15168,1711,2022,2,2022-02-26,2022-02-26,1,Maladie,Oui,R&D
14508,1996,2024,8,2024-08-16,2024-08-27,12,Absence injustifiée,Non,Marketing
12687,2844,2024,1,2024-01-22,2024-02-05,15,Maladie,Oui,Commercial
12748,1756,2023,1,2023-01-01,2023-01-18,18,Maladie,Oui,Finance
10507,2776,2023,10,2023-10-25,2023-11-13,20,sick leave,Oui,Juridique
15028,2125,2023,11,2023-11-06,2023-11-21,16,Formation,Oui,Marketing
14186,2058,2022,10,2022-10-13,2022-10-26,14,Maladie,Oui,Juridique
13160,1566,2024,4,2024-04-06,2024-04-07,2,Maladie,Oui,Informatique
12574,2009,2023,8,2023-08-13,2023-08-25,13,Maladie,Oui,Finance
14137,2343,2024,12,2024-12-26,2025-01-03,9,Congé payé,Oui,Marketing
16030,3239,2022,5,2022-05-05,2022-05-12,8,paid leave,Oui,Finance
11424,1966,2024,3,2024-03-05,2024-03-18,14,Congé payé,Oui,Logistique
15255,2406,2022,9,2022-09-11,2022-09-19,9,Enfant malade,Oui,Finance
10874,1754,2022,5,2022-05-05,2022-05-18,14,Congé payé,Oui,Finance
13183,1298,2022,2,2022-02-24,2022-02-27,4,Congé payé,Oui,R&D
13729,1127,2024,11,2024-11-13,2024-11-14,2,Accident du travail,Oui,Marketing
13008,2971,2023,1,2023-01-25,2023-02-10,17,Absence injustifiée,Non,Opérations
10864,2218,2023,10,2023-10-22,2023-11-04,14,RTT,Oui,Logistique
10963,1421,2024,7,2024-07-05,2024-07-07,3,RTT,Oui,Finance
15852,1469,2023,10,2023-10-23,2023-10-28,6,Congé payé,Oui,Direction
11766,2077,2024,12,2024-12-11,2024-12-11,1,Congé payé,Oui,Logistique
13831,3024,2024,2,2024-02-13,2024-02-19,7,sick leave,Oui,RH
11291,3148,2023,2,2023-02-06,2023-02-19,14,Congé payé,Oui,R&D
14432,2120,2024,12,2024-12-06,2024-12-12,7,Maladie,Oui,RH
10605,1124,2024,8,2024-08-27,2024-08-29,3,Maladie,Oui,Finance
14811,2036,2024,12,2024-12-26,2025-01-13,19,Formation,Oui,Informatique
13016,2684,2023,7,2023-07-10,2023-07-19,10,Maladie,Oui,Direction
11605,2009,2022,2,2022-02-10,2022-02-28,19,Maternité/Paternité,Oui,Finance
13213,3099,2022,6,2022-06-18,2022-07-05,18,Absence injustifiée,Non,Commercial
16091,2191,2023,5,2023-05-03,2023-05-15,13,Maternité/Paternité,Oui,R&D
10373,1775,2022,11,2022-11-10,2022-11-13,4,Accident du travail,Oui,R&D
11061,2438,2023,12,2023-12-14,2023-12-29,16,Maladie,Oui,Informatique
15006,2254,2022,10,2022-10-22,2022-11-06,16,paid leave,Oui,R&D
14327,3173,2022,3,2022-03-07,2022-03-27,21,Maladie,Oui,Commercial
12086,3263,2022,5,2022-05-16,2022-05-31,16,Formation,Oui,Informatique
13763,1662,2022,12,2022-12-16,2022-12-16,1,sick leave,Oui,Direction
10513,3376,2024,6,2024-06-17,2024-07-02,16,RTT,Oui,Opérations
14795,2556,2024,4,2024-04-21,2024-04-25,5,Formation,Oui,Direction
15157,1877,2024,5,2024-05-08,2024-05-17,10,Maladie,Oui,R&D
16062,1320,2024,10,2024-10-01,2024-10-17,17,paid leave,Oui,Commercial
15605,1191,2022,6,2022-06-02,2022-06-22,21,Maladie,Oui,R&D
13952,2009,2023,2,2023-02-02,2023-02-19,18,Formation,Oui,Finance
11533,3287,2023,1,2023-01-18,2023-01-19,2,sick leave,Oui,Commercial
10553,1636,2023,4,2023-04-13,2023-04-30,18,sick leave,Oui,Marketing
13188,1561,2024,10,2024-10-05,2024-10-05,1,Congé sans solde,Oui,Legal
13571,2344,2023,10,2023-10-16,2023-11-04,20,Congé sans solde,Oui,R&D
15361,3154,2024,7,2024-07-26,2024-08-14,20,Enfant malade,Oui,R&D
11308,2659,2022,3,2022-03-24,2022-04-05,13,RTT,Oui,Opérations
15246,1266,2023,1,2023-01-17,2023-02-06,21,RTT,Oui,RH
15151,1300,2023,4,2023-04-01,2023-04-04,4,Maladie,Oui,Commercial
12099,2235,2023,3,2023-03-09,2023-03-29,21,Enfant malade,Oui,Informatique
13605,1971,2023,2,2023-02-06,2023-02-23,18,Formation,Oui,Logistique
10095,1957,2024,11,2024-11-14,2024-11-15,2,Congé sans solde,Oui,Finance
10969,1779,2023,6,2023-06-19,2023-07-05,17,Formation,Oui,R&D
13685,2690,2022,5,2022-05-07,2022-05-13,7,RTT,Oui,Commercial
10326,3136,2024,2,2024-02-26,2024-03-14,18,Congé payé,Oui,Finance
12843,1756,2024,8,2024-08-09,2024-08-15,7,RTT,Oui,Finance
13228,3149,2023,3,2023-03-19,2023-03-27,9,Congé payé,Oui,Direction
15454,3000,2023,10,2023-10-09,2023-10-17,9,Congé payé,Oui,Opérations
11073,2648,2023,2,2023-02-22,2023-03-10,17,Enfant malade,Oui,Direction
11578,2150,2024,12,2024-12-24,2025-01-12,20,Congé sans solde,Oui,Finance
12028,1721,2022,5,2022-05-18,2022-05-18,1,Congé sans solde,Oui,Juridique
13233,2645,2022,12,2022-12-28,2023-01-17,21,Maladie,Oui,Finance
15619,2659,2024,9,2024-09-17,2024-09-21,5,Enfant malade,Oui,Opérations
13048,1068,2023,12,2023-12-11,2023-12-29,19,Congé payé,Oui,Commercial
13788,1469,2024,5,2024-05-24,2024-05-29,6,Maladie,Oui,Direction
12494,1966,2022,9,2022-09-23,2022-10-13,21,RTT,Oui,Logistique
15453,1524,2022,1,2022-01-15,2022-01-17,3,Maladie,Oui,Marketing
14601,2321,2022,7,2022-07-14,2022-08-03,21,RTT,Oui,Informatique
15977,1709,2024,7,2024-07-27,2024-08-03,8,Formation,Oui,R&D
10128,1416,2024,4,2024-04-02,2024-04-10,9,RTT,Oui,R&D
10564,2077,2024,1,2024-01-01,2024-01-15,15,Congé payé,Oui,Logistique
13974,3316,2023,8,2023-08-14,2023-08-15,2,Maternité/Paternité,Oui,RH
11261,3251,2024,5,2024-05-25,2024-06-08,15,Maladie,Oui,R&D
12417,3287,2023,6,2023-06-26,2023-07-09,14,RTT,Oui,Commercial
12253,3153,2022,12,2022-12-24,2023-01-07,15,Maladie,Oui,Direction
15732,3139,2023,10,2023-10-16,2023-10-31,16,Enfant malade,Oui,Finance
10421,1266,2023,9,2023-09-04,2023-09-07,4,Accident du travail,Oui,RH
13278,2630,2024,2,2024-02-26,2024-03-06,10,Maternité/Paternité,Oui,Finance
11215,3156,2024,7,2024-07-01,2024-07-21,21,Congé payé,Oui,Informatique
13531,3356,2024,11,2024-11-26,2024-11-28,3,Maladie,Oui,Finance
13687,3251,2024,1,2024-01-09,2024-01-10,2,Accident du travail,Oui,R&D
15591,2754,2024,5,2024-05-13,2024-05-23,11,Maladie,Oui,Opérations
13039,1734,2024,10,2024-10-01,2024-10-19,19,sick leave,Oui,Commercial
11784,2755,2023,7,2023-07-05,2023-07-15,11,sick leave,Oui,Informatique
11505,1769,2023,6,2023-06-18,2023-06-27,10,Maladie,Oui,Opérations
11890,2343,2022,4,2022-04-27,2022-05-16,20,paid leave,Oui,Marketing
13041,1225,2023,7,2023-07-03,2023-07-21,19,Maladie,Oui,R&D
11917,3239,2023,8,2023-08-26,2023-09-15,21,Maladie,Oui,Finance
13216,2295,2022,4,2022-04-09,2022-04-09,1,Congé sans solde,Oui,Informatique
11888,1254,2023,6,2023-06-14,2023-06-14,1,paid leave,Oui,Finance
11469,2218,2023,11,2023-11-03,2023-11-14,12,Absence injustifiée,Non,Logistique
12842,1635,2023,8,2023-08-03,2023-08-06,4,Enfant malade,Oui,Informatique
12466,1412,2023,8,2023-08-10,2023-08-12,3,Absence injustifiée,Non,Opérations
15768,1155,2023,3,2023-03-23,2023-03-29,7,Maternité/Paternité,Oui,Direction
12414,3096,2024,5,2024-05-15,2024-05-27,13,Congé payé,Oui,Logistique
12071,1425,2024,10,2024-10-28,2024-11-07,11,RTT,Oui,Juridique
10654,1290,2023,4,2023-04-21,2023-04-25,5,RTT,Oui,Informatique
14123,3047,2023,11,2023-11-14,2023-11-18,5,Maternité/Paternité,Oui,Juridique
13398,3251,2022,8,2022-08-12,2022-08-31,20,Formation,Oui,R&D
10159,3173,2023,4,2023-04-27,2023-05-11,15,Congé payé,Oui,Commercial
11582,1266,2024,7,2024-07-25,2024-08-07,14,Maladie,Oui,RH
12797,2615,2023,11,2023-11-15,2023-11-24,10,Maladie,Oui,Commercial
15903,1290,2022,3,2022-03-27,2022-04-13,18,Congé payé,Oui,Informatique
13351,1794,2022,7,2022-07-04,2022-07-16,13,Congé sans solde,Oui,Opérations
10847,1721,2023,9,2023-09-21,2023-10-04,14,Enfant malade,Oui,Juridique
15385,3153,2024,8,2024-08-07,2024-08-15,9,Congé payé,Oui,Direction
14466,3179,2023,12,2023-12-15,2023-12-25,11,Congé payé,Oui,Direction
10869,1691,2022,6,2022-06-19,2022-06-21,3,Congé payé,Oui,Opérations
10983,1068,2023,10,2023-10-03,2023-10-10,8,Enfant malade,Oui,Commercial
14407,2122,2023,12,2023-12-02,2023-12-13,12,Maladie,Oui,Management
12560,3096,2024,8,2024-08-13,2024-08-18,6,Maladie,Oui,Logistique
12672,1533,2023,2,2023-02-23,2023-03-07,13,Congé payé,Oui,Logistique
13930,2317,2022,10,2022-10-04,2022-10-18,15,Congé payé,Oui,Opérations
15519,1298,2023,10,2023-10-14,2023-10-23,10,Maternité/Paternité,Oui,R&D
13994,2673,2024,3,2024-03-04,2024-03-05,2,Congé payé,Oui,Logistique
13739,1070,2023,11,2023-11-18,2023-12-02,15,Congé sans solde,Oui,Opérations
15115,2314,2022,9,2022-09-24,2022-10-12,19,RTT,Oui,Finance
11342,2428,2022,2,2022-02-20,2022-02-28,9,sick leave,Oui,Juridique
10259,2036,2024,9,2024-09-11,2024-09-21,11,Maladie,Oui,Informatique
15254,2595,2022,8,2022-08-26,2022-09-13,19,Congé payé,Oui,Opérations
10534,2523,2022,5,2022-05-02,2022-05-17,16,Accident du travail,Oui,Marketing
10325,1812,2024,6,2024-06-23,2024-06-28,6,Maternité/Paternité,Oui,Juridique
12771,1775,2023,8,2023-08-19,2023-08-29,11,Congé payé,Oui,R&D
13913,1721,2024,2,2024-02-19,2024-02-25,7,Congé payé,Oui,Juridique
16103,1934,2023,12,2023-12-01,2023-12-01,1,Accident du travail,Oui,Direction
15894,2453,2024,9,2024-09-12,2024-10-01,20,Congé sans solde,Oui,RH
11585,1599,2022,3,2022-03-10,2022-03-25,16,Congé payé,Oui,Commercial
12935,2187,2024,9,2024-09-01,2024-09-21,21,Formation,Oui,RH
14726,3274,2023,4,2023-04-14,2023-04-25,12,Maladie,Oui,Marketing
12705,1366,2023,12,2023-12-10,2023-12-17,8,Maladie,Oui,Commercial
13104,1347,2022,11,2022-11-26,2022-12-13,18,paid leave,Oui,Marketing
15430,1327,2022,9,2022-09-26,2022-09-27,2,Maladie,Oui,RH
13826,1445,2024,8,2024-08-16,2024-08-16,1,Congé payé,Oui,Informatique
10268,3324,2022,6,2022-06-23,2022-07-08,16,Maladie,Oui,R&D
11390,1252,2023,6,2023-06-06,2023-06-21,16,Congé payé,Oui,Juridique
15721,1320,2024,12,2024-12-17,2024-12-25,9,Maladie,Oui,Commercial
14661,1735,2023,9,2023-09-14,2023-09-23,10,Maternité/Paternité,Oui,Juridique
12646,1496,2023,2,2023-02-18,2023-02-21,4,Maladie,Oui,Finance
13733,1254,2022,12,2022-12-21,2022-12-31,11,Formation,Oui,Finance
13241,2077,2022,9,2022-09-22,2022-10-10,19,Maladie,Oui,Logistique
13326,1976,2023,1,2023-01-13,2023-01-31,19,Enfant malade,Oui,Marketing
13081,1051,2024,12,2024-12-09,2024-12-20,12,Formation,Oui,Opérations
11232,1218,2024,6,2024-06-02,2024-06-07,6,Enfant malade,Oui,Juridique
11900,3333,2023,1,2023-01-03,2023-01-13,11,Maternité/Paternité,Oui,Juridique
14113,1710,2023,1,2023-01-12,2023-01-31,20,Maladie,Oui,Opérations
10233,2046,2024,4,2024-04-02,2024-04-14,13,Formation,Oui,Direction
15636,2510,2024,12,2024-12-25,2025-01-11,18,sick leave,Oui,Marketing
13417,2400,2023,10,2023-10-23,2023-11-10,19,Congé sans solde,Oui,Finance
11964,3024,2023,5,2023-05-19,2023-05-26,8,paid leave,Oui,RH
13395,3316,2024,9,2024-09-24,2024-09-25,2,Formation,Oui,RH
14672,2595,2023,11,2023-11-08,2023-11-16,9,RTT,Oui,Opérations
12266,1374,2023,12,2023-12-24,2024-01-04,12,Accident du travail,Oui,Marketing
10314,1273,2022,10,2022-10-24,2022-10-30,7,paid leave,Oui,Informatique
12744,3136,2024,5,2024-05-02,2024-05-06,5,Maternité/Paternité,Oui,Finance
10070,2625,2022,9,2022-09-15,2022-09-19,-5,RTT,Oui,Commercial
14555,1767,2024,4,2024-04-15,2024-04-16,2,Congé payé,Oui,Informatique
11224,3028,2024,11,2024-11-04,2024-11-19,16,Absence injustifiée,Non,Finance
10462,1631,2024,12,2024-12-09,2024-12-23,15,Maladie,Oui,Opérations
14475,1616,2024,10,2024-10-23,2024-11-03,12,Maladie,Oui,Finance
11576,2574,2022,3,2022-03-08,2022-03-21,14,Congé payé,Oui,Juridique
15088,2077,2024,6,2024-06-07,2024-06-07,1,Congé payé,Oui,Logistique
14964,2485,2022,12,2022-12-17,2022-12-25,9,sick leave,Oui,R&D
11328,2173,2023,12,2023-12-25,2024-01-11,18,paid leave,Oui,Direction
14223,2630,2022,12,2022-12-01,2022-12-03,3,Congé payé,Oui,Finance
15144,1756,2022,5,2022-05-14,2022-05-28,15,Absence injustifiée,Non,Finance
12851,1393,2023,7,2023-07-09,2023-07-11,3,Enfant malade,Oui,Logistique
16052,1543,2023,7,2023-07-19,2023-07-25,7,Maladie,Oui,Finance
14997,2625,2024,3,2024-03-05,2024-03-07,3,RTT,Oui,Commercial
13528,2813,2024,1,2024-01-20,2024-02-09,21,Maladie,Oui,Finance
10830,1631,2023,1,2023-01-28,2023-02-11,15,Enfant malade,Oui,Opérations
15825,2527,2024,6,2024-06-01,2024-06-05,5,RTT,Oui,Opérations
13368,1635,2024,12,2024-12-06,2024-12-20,15,Congé payé,Oui,Informatique
13304,2510,2023,5,2023-05-21,2023-06-10,21,Congé sans solde,Oui,Marketing
11539,2314,2023,5,2023-05-10,2023-05-21,12,Congé payé,Oui,Finance
15077,2573,2024,9,2024-09-02,2024-09-06,5,RTT,Oui,RH
12078,3096,2023,7,2023-07-12,2023-07-24,13,Congé payé,Oui,Logistique
13044,3176,2024,3,2024-03-05,2024-03-10,6,sick leave,Oui,Finance
15882,1770,2023,3,2023-03-09,2023-03-23,15,Maladie,Oui,R&D
12345,3062,2024,3,2024-03-22,2024-03-26,5,RTT,Oui,Informatique
14598,1662,2022,8,2022-08-21,2022-08-23,3,Congé payé,Oui,Direction
16105,2126,2024,8,2024-08-01,2024-08-19,19,Maladie,Oui,Opérations
14540,1300,2022,12,2022-12-22,2023-01-10,20,Congé sans solde,Oui,Commercial
11780,1266,2023,12,2023-12-14,2023-12-22,9,Congé sans solde,Oui,RH
10143,1561,2024,6,2024-06-02,2024-06-19,18,Maladie,Oui,Legal
10260,2781,2024,5,2024-05-08,2024-05-26,19,Formation,Oui,Logistique
10113,1928,2022,11,2022-11-23,2022-12-10,18,paid leave,Oui,Informatique
10378,3392,2022,12,2022-12-17,2023-01-05,20,paid leave,Oui,Marketing
11548,2503,2023,5,2023-05-01,2023-05-06,6,Absence injustifiée,Non,Informatique
11755,3394,2022,4,2022-04-16,2022-05-04,19,Accident du travail,Oui,Commercial
15708,3362,2024,9,2024-09-09,2024-09-12,4,Accident du travail,Oui,Marketing
16042,1340,2022,8,2022-08-04,2022-08-04,1,sick leave,Oui,RH
11155,3392,2022,8,2022-08-05,2022-08-12,8,Enfant malade,Oui,Marketing
10677,2475,2022,6,2022-06-21,2022-06-25,5,RTT,Oui,R&D
14952,2126,2023,9,2023-09-26,2023-10-08,13,Congé sans solde,Oui,Opérations
12838,1347,2024,12,2024-12-08,2024-12-19,12,RTT,Oui,Marketing
12046,2129,2024,8,2024-08-14,2024-08-27,14,Congé payé,Oui,Informatique
15703,2721,2022,10,2022-10-13,2022-10-30,18,Enfant malade,Oui,Opérations
13995,1416,2022,8,2022-08-09,2022-08-26,18,Congé payé,Oui,R&D
13955,2218,2024,4,2024-04-11,2024-04-27,17,Congé payé,Oui,Logistique
15941,2068,2023,4,2023-04-27,2023-05-06,10,Formation,Oui,R&D
11407,1761,2022,9,2022-09-25,2022-09-30,6,Maternité/Paternité,Oui,Logistique
14052,1271,2022,6,2022-06-07,2022-06-22,16,Formation,Oui,Juridique
14418,2945,2023,1,2023-01-02,2023-01-10,9,Congé payé,Oui,R&D
14606,1749,2022,10,2022-10-11,2022-10-11,1,Congé payé,Oui,Logistique
12467,2138,2024,5,2024-05-21,2024-05-28,8,Absence injustifiée,Non,Direction
14777,2806,2023,12,2023-12-23,2023-12-23,1,Formation,Oui,Direction
15634,2761,2022,6,2022-06-11,2022-06-20,10,Congé payé,Oui,Informatique
13915,2157,2022,10,2022-10-18,2022-11-02,16,Congé payé,Oui,Logistique
11006,2132,2024,12,2024-12-01,2024-12-12,12,Enfant malade,Oui,RH
15271,2909,2022,3,2022-03-28,2022-04-16,20,RTT,Oui,RH
14970,1335,2024,6,2024-06-15,2024-06-19,5,Maladie,Oui,Sales
10471,2243,2024,12,2024-12-24,2025-01-04,12,Congé sans solde,Oui,Direction
14248,1449,2024,2,2024-02-07,2024-02-12,6,Absence injustifiée,Non,Juridique
11601,1599,2023,10,2023-10-17,2023-11-03,18,Congé payé,Oui,Commercial
15948,3333,2022,7,2022-07-19,2022-08-04,17,Maladie,Oui,Juridique
11523,2630,2022,8,2022-08-27,2022-08-27,1,Congé payé,Oui,Finance
14380,2183,2024,11,2024-11-01,2024-11-05,5,Formation,Oui,Direction
15896,1402,2023,2,2023-02-24,2023-02-24,1,Enfant malade,Oui,Logistique
10990,3056,2023,7,2023-07-28,2023-08-09,13,Maladie,Oui,Marketing
13796,2712,2024,3,2024-03-01,2024-03-08,8,Congé payé,Oui,Logistique
14570,1311,2022,8,2022-08-01,2022-08-01,1,sick leave,Oui,Opérations
15665,2192,2023,4,2023-04-02,2023-04-17,16,Maladie,Oui,Logistique
10074,3123,2024,12,2024-12-14,2024-12-28,-15,Formation,Oui,Commercial
10934,2333,2024,4,2024-04-14,2024-04-21,8,Enfant malade,Oui,Marketing
10368,3187,2024,10,2024-10-16,2024-10-16,1,Accident du travail,Oui,Juridique
12270,3287,2023,5,2023-05-22,2023-05-30,9,Congé payé,Oui,Commercial
11038,2122,2024,11,2024-11-07,2024-11-07,1,Congé payé,Oui,Management
10855,1296,2024,4,2024-04-11,2024-04-23,13,Congé sans solde,Oui,Juridique
11671,1775,2023,5,2023-05-14,2023-05-22,9,RTT,Oui,R&D
14099,2448,2023,1,2023-01-11,2023-01-23,13,Maladie,Oui,Logistique
13331,2977,2023,12,2023-12-02,2023-12-11,10,Maladie,Oui,Commercial
12871,2485,2024,7,2024-07-01,2024-07-19,19,RTT,Oui,R&D
16118,3333,2022,7,2022-07-19,2022-08-04,16,Maladie,Oui,Juridique
12268,3173,2023,2,2023-02-06,2023-02-26,21,RTT,Oui,Commercial
13657,3321,2023,4,2023-04-19,2023-04-27,9,Maladie,Oui,Juridique
13332,2196,2022,4,2022-04-06,2022-04-09,4,Congé sans solde,Oui,Commercial
16138,3239,2022,3,2022-03-12,2022-03-30,20,RTT,Oui,Finance
13452,1824,2022,2,2022-02-15,2022-03-03,17,RTT,Oui,Marketing
15816,2126,2023,8,2023-08-02,2023-08-13,12,Congé payé,Oui,Opérations
15272,3315,2022,6,2022-06-02,2022-06-04,3,Congé payé,Oui,Commercial
11894,1663,2024,5,2024-05-01,2024-05-01,1,Absence injustifiée,Non,Opérations
14624,2058,2023,11,2023-11-22,2023-11-30,9,Absence injustifiée,Non,Juridique
13380,1409,2022,8,2022-08-19,2022-08-30,12,Absence injustifiée,Non,Logistique
13901,1981,2024,7,2024-07-13,2024-07-14,2,sick leave,Oui,Direction
12217,3061,2023,9,2023-09-03,2023-09-12,10,RTT,Oui,R&D
13992,3189,2022,2,2022-02-25,2022-03-12,16,paid leave,Oui,Finance
11790,1051,2022,5,2022-05-08,2022-05-11,4,RTT,Oui,Opérations
14184,2173,2024,11,2024-11-12,2024-11-22,11,Accident du travail,Oui,Direction
10277,2822,2023,11,2023-11-02,2023-11-03,2,Absence injustifiée,Non,Marketing
13950,2187,2023,11,2023-11-02,2023-11-09,8,Maternité/Paternité,Oui,RH
14641,1712,2024,1,2024-01-21,2024-01-21,1,paid leave,Oui,Juridique
11943,1655,2022,11,2022-11-25,2022-11-30,6,RTT,Oui,Commercial
13277,3123,2024,4,2024-04-08,2024-04-28,21,Congé payé,Oui,Commercial
13058,1051,2023,8,2023-08-13,2023-08-19,7,Congé payé,Oui,Opérations
12921,3015,2024,8,2024-08-12,2024-08-30,19,Congé sans solde,Oui,Commercial
12861,3065,2023,2,2023-02-04,2023-02-11,8,Maladie,Oui,RH
10984,1663,2022,7,2022-07-28,2022-08-08,12,sick leave,Oui,Opérations
12069,2776,2023,10,2023-10-26,2023-10-27,2,Maladie,Oui,Juridique
11762,1533,2024,11,2024-11-20,2024-11-20,1,RTT,Oui,Logistique
15364,2625,2024,8,2024-08-01,2024-08-03,3,Congé payé,Oui,Commercial
13925,3123,2022,2,2022-02-08,2022-02-18,11,Congé payé,Oui,Commercial
14108,2761,2022,4,2022-04-01,2022-04-02,2,Congé sans solde,Oui,Informatique
11926,3099,2024,4,2024-04-20,2024-05-10,21,sick leave,Oui,Commercial
14856,1482,2023,5,2023-05-08,2023-05-13,6,Enfant malade,Oui,Juridique
12102,1121,2024,11,2024-11-28,2024-11-30,3,Maladie,Oui,Direction
10502,2196,2024,12,2024-12-01,2024-12-01,1,Maladie,Oui,Commercial
11978,1469,2023,8,2023-08-03,2023-08-05,3,sick leave,Oui,Direction
10379,2865,2024,8,2024-08-16,2024-08-29,14,paid leave,Oui,Marketing
13805,1794,2023,2,2023-02-14,2023-02-23,10,RTT,Oui,Opérations
15423,1707,2024,5,2024-05-20,2024-05-22,3,paid leave,Oui,Opérations
15310,2475,2022,12,2022-12-28,2023-01-17,21,Absence injustifiée,Non,R&D
16057,3274,2024,1,2024-01-13,2024-01-26,14,Maladie,Oui,Marketing
15983,2438,2023,2,2023-02-27,2023-03-18,20,Enfant malade,Oui,Informatique
15761,2673,2022,4,2022-04-19,2022-05-03,15,paid leave,Oui,Logistique
11806,2485,2022,10,2022-10-05,2022-10-25,21,RTT,Oui,R&D
15443,3281,2024,7,2024-07-15,2024-07-28,14,Congé sans solde,Oui,Finance
10452,2153,2024,4,2024-04-02,2024-04-11,10,Absence injustifiée,Non,Commercial
13884,1470,2023,5,2023-05-03,2023-05-16,14,RTT,Oui,RH
15150,2344,2024,3,2024-03-15,2024-03-20,6,RTT,Oui,R&D
14868,3148,2023,1,2023-01-25,2023-02-01,8,Maladie,Oui,R&D
15901,2765,2023,8,2023-08-02,2023-08-07,6,Congé payé,Oui,RH
11788,1513,2022,11,2022-11-22,2022-12-03,12,Maladie,Oui,Informatique
13360,1742,2024,7,2024-07-15,2024-07-16,2,RTT,Oui,Informatique
11434,2715,2023,8,2023-08-24,2023-08-31,8,Enfant malade,Oui,Direction
11592,2314,2023,9,2023-09-13,2023-09-26,14,Congé sans solde,Oui,Finance
14925,1347,2023,2,2023-02-13,2023-02-25,13,Accident du travail,Oui,Marketing
13474,1898,2024,7,2024-07-07,2024-07-20,14,Enfant malade,Oui,Opérations
13840,1754,2024,4,2024-04-23,2024-05-13,21,Congé payé,Oui,Finance
10276,2945,2023,7,2023-07-02,2023-07-21,20,RTT,Oui,R&D
15805,2150,2023,6,2023-06-09,2023-06-26,18,RTT,Oui,Finance
13764,3324,2024,5,2024-05-14,2024-05-28,15,Maladie,Oui,R&D
13108,2939,2022,9,2022-09-21,2022-09-26,6,Absence injustifiée,Non,R&D
11321,1533,2023,4,2023-04-19,2023-04-26,8,Congé payé,Oui,Logistique
12275,2317,2024,9,2024-09-07,2024-09-23,17,Congé payé,Oui,Opérations
13230,2988,2022,3,2022-03-09,2022-03-10,2,Enfant malade,Oui,RH
14234,1191,2024,10,2024-10-21,2024-11-08,19,Congé payé,Oui,R&D
14270,2574,2024,5,2024-05-07,2024-05-09,3,Maladie,Oui,Juridique
13716,1712,2023,3,2023-03-28,2023-04-01,5,Congé payé,Oui,Juridique
10146,1481,2024,12,2024-12-23,2024-12-24,2,Formation,Oui,Marketing
14878,1543,2023,9,2023-09-04,2023-09-08,5,Absence injustifiée,Non,Finance
15659,1106,2022,11,2022-11-09,2022-11-12,4,Maladie,Oui,Marketing
14644,1488,2023,1,2023-01-22,2023-02-08,18,Formation,Oui,Finance
14765,2135,2024,3,2024-03-23,2024-04-01,10,Congé payé,Oui,Finance
15786,2016,2024,6,2024-06-26,2024-06-27,2,Accident du travail,Oui,RH
14772,2235,2022,10,2022-10-28,2022-11-01,5,Maternité/Paternité,Oui,Informatique
13222,1290,2023,9,2023-09-04,2023-09-04,1,RTT,Oui,Informatique
12852,2351,2022,10,2022-10-26,2022-11-12,18,paid leave,Oui,Logistique
12138,1485,2023,11,2023-11-11,2023-11-18,8,Accident du travail,Oui,Direction
11290,2235,2022,5,2022-05-24,2022-06-10,18,paid leave,Oui,Informatique
12536,2764,2022,11,2022-11-10,2022-11-19,10,Formation,Oui,Opérations
13725,1425,2023,3,2023-03-25,2023-03-29,5,RTT,Oui,Juridique
14543,1482,2022,8,2022-08-23,2022-08-26,4,Maladie,Oui,Juridique
16001,1482,2023,10,2023-10-06,2023-10-14,9,Formation,Oui,Juridique
15471,1756,2023,4,2023-04-04,2023-04-24,21,RTT,Oui,Finance
13810,2772,2022,9,2022-09-28,2022-10-12,15,Accident du travail,Oui,Marketing
11735,2129,2023,12,2023-12-26,2024-01-02,8,Congé payé,Oui,Informatique
12451,2189,2024,6,2024-06-08,2024-06-26,19,RTT,Oui,RH
11553,2909,2022,1,2022-01-19,2022-01-30,12,Formation,Oui,RH
10620,1081,2022,3,2022-03-17,2022-03-18,2,sick leave,Oui,Juridique
10597,1746,2024,9,2024-09-05,2024-09-15,11,Enfant malade,Oui,Finance
15005,2136,2023,8,2023-08-10,2023-08-11,2,Maladie,Oui,Juridique
11821,1934,2022,11,2022-11-10,2022-11-18,9,sick leave,Oui,Direction
12836,2012,2024,2,2024-02-08,2024-02-09,2,paid leave,Oui,R&D
12299,3149,2022,7,2022-07-12,2022-07-31,20,sick leave,Oui,Direction
13092,2016,2023,5,2023-05-03,2023-05-14,12,Maladie,Oui,RH
10073,1374,2023,10,2023-10-10,2023-10-27,-18,RTT,Oui,Marketing
15754,3000,2024,2,2024-02-08,2024-02-21,14,Formation,Oui,Opérations
11349,1421,2023,11,2023-11-14,2023-12-03,20,Maladie,Oui,Finance
14499,2400,2022,6,2022-06-14,2022-06-26,13,Maternité/Paternité,Oui,Finance
10254,2191,2022,8,2022-08-06,2022-08-07,2,Formation,Oui,R&D
10615,2945,2022,4,2022-04-02,2022-04-22,21,paid leave,Oui,R&D
15781,1626,2023,2,2023-02-08,2023-02-13,6,Enfant malade,Oui,Commercial
15428,2765,2024,4,2024-04-03,2024-04-19,17,Enfant malade,Oui,RH
13318,2314,2022,1,2022-01-09,2022-01-11,3,Maladie,Oui,Finance
11797,1501,2023,5,2023-05-09,2023-05-21,13,Absence injustifiée,Non,R&D
10047,1710,2023,9,2023-09-28,2023-09-26,-3,Maladie,Oui,Opérations
12056,2712,2023,1,2023-01-14,2023-01-14,1,Congé payé,Oui,Logistique
13737,1721,2024,4,2024-04-11,2024-04-27,17,Congé sans solde,Oui,Juridique
12051,1501,2024,6,2024-06-27,2024-07-10,14,RTT,Oui,R&D
15745,3371,2022,9,2022-09-20,2022-10-05,16,Congé sans solde,Oui,Direction
12039,1550,2024,9,2024-09-16,2024-09-16,1,RTT,Oui,Marketing
12569,2351,2023,6,2023-06-17,2023-06-25,9,Congé payé,Oui,Logistique
10396,3289,2022,3,2022-03-02,2022-03-16,15,Maladie,Oui,Marketing
12381,3315,2022,5,2022-05-08,2022-05-24,17,Congé payé,Oui,Commercial
12730,3096,2023,7,2023-07-23,2023-08-03,12,RTT,Oui,Logistique
12290,2939,2022,4,2022-04-06,2022-04-19,14,paid leave,Oui,R&D
12967,2134,2024,6,2024-06-04,2024-06-12,9,Congé payé,Oui,Direction
10539,2535,2023,3,2023-03-03,2023-03-07,5,Maternité/Paternité,Oui,Direction
13582,2428,2022,6,2022-06-22,2022-06-25,4,Congé payé,Oui,Juridique
14510,1155,2023,4,2023-04-27,2023-05-02,6,Formation,Oui,Direction
12430,2118,2023,3,2023-03-25,2023-03-29,5,Accident du travail,Oui,Opérations
11715,1416,2024,12,2024-12-20,2024-12-27,8,Enfant malade,Oui,R&D
15965,2060,2022,1,2022-01-23,2022-02-04,13,sick leave,Oui,Logistique
14071,3324,2024,1,2024-01-16,2024-01-31,16,sick leave,Oui,R&D
15163,3145,2023,9,2023-09-08,2023-09-16,9,Absence injustifiée,Non,Commercial
14090,2324,2023,12,2023-12-22,2024-01-04,14,Congé sans solde,Oui,Commercial
12841,1460,2024,1,2024-01-24,2024-01-29,6,RTT,Oui,R&D
10107,1327,2024,12,2024-12-03,2024-12-08,6,RTT,Oui,RH
16018,1957,2024,8,2024-08-05,2024-08-07,3,Maternité/Paternité,Oui,Finance
13101,1663,2022,1,2022-01-27,2022-02-14,19,Congé payé,Oui,Opérations
12761,2173,2022,12,2022-12-13,2022-12-19,7,paid leave,Oui,Direction
15858,1127,2023,12,2023-12-19,2023-12-22,4,Accident du travail,Oui,Marketing
10087,2038,2023,11,2023-11-16,2023-11-29,-14,Absence injustifiée,Non,Informatique
15790,1633,2022,10,2022-10-12,2022-10-15,4,sick leave,Oui,Opérations
15774,3293,2022,5,2022-05-08,2022-05-12,5,Congé payé,Oui,Finance
13291,1399,2024,8,2024-08-21,2024-08-23,3,Maladie,Oui,Juridique
11743,2617,2022,12,2022-12-18,2022-12-26,9,paid leave,Oui,Opérations
10160,2755,2023,4,2023-04-27,2023-05-01,5,Maladie,Oui,Informatique
13755,1445,2022,3,2022-03-02,2022-03-20,19,Maternité/Paternité,Oui,Informatique
13775,1450,2022,3,2022-03-05,2022-03-08,4,Congé payé,Oui,Finance
13572,3065,2024,9,2024-09-02,2024-09-11,10,Enfant malade,Oui,RH
10512,1866,2022,1,2022-01-15,2022-01-31,17,Absence injustifiée,Non,Informatique
14083,2575,2024,3,2024-03-28,2024-04-01,5,Formation,Oui,Commercial
15544,1177,2024,8,2024-08-25,2024-09-12,19,Congé payé,Oui,RH
11805,2283,2024,5,2024-05-13,2024-05-23,11,Formation,Oui,Opérations
14303,1335,2023,1,2023-01-05,2023-01-16,12,Accident du travail,Oui,Sales
11053,3204,2022,7,2022-07-10,2022-07-28,19,Absence injustifiée,Non,Direction
10065,1513,2024,12,2024-12-26,2025-01-01,-7,Congé sans solde,Oui,Informatique
12401,1712,2024,10,2024-10-03,2024-10-21,19,Maladie,Oui,Juridique
11804,1327,2024,10,2024-10-10,2024-10-10,1,Maladie,Oui,RH
10896,2653,2023,11,2023-11-24,2023-11-26,3,RTT,Oui,Finance
15980,2155,2024,8,2024-08-10,2024-08-10,1,sick leave,Oui,Informatique
10255,2988,2022,12,2022-12-26,2023-01-01,7,Enfant malade,Oui,RH
14056,1744,2023,6,2023-06-04,2023-06-20,17,Formation,Oui,Direction
14755,2351,2024,7,2024-07-12,2024-07-15,4,Accident du travail,Oui,Logistique
11994,1333,2024,6,2024-06-18,2024-06-20,3,Maternité/Paternité,Oui,R&D
10390,1934,2023,9,2023-09-11,2023-09-30,20,Accident du travail,Oui,Direction
13454,1229,2024,7,2024-07-15,2024-07-19,5,Maladie,Oui,Informatique
11178,2764,2023,2,2023-02-25,2023-02-26,2,Accident du travail,Oui,Opérations
15632,1812,2023,11,2023-11-17,2023-12-04,18,Maladie,Oui,Juridique
14548,2911,2024,11,2024-11-07,2024-11-11,5,Congé payé,Oui,Direction
11583,2150,2023,3,2023-03-08,2023-03-20,13,Congé sans solde,Oui,Finance
14496,1663,2024,10,2024-10-02,2024-10-06,5,Maladie,Oui,Opérations
14784,1306,2024,11,2024-11-21,2024-12-11,21,sick leave,Oui,Informatique
13604,1254,2024,7,2024-07-19,2024-07-27,9,Congé payé,Oui,Finance
12703,1898,2022,5,2022-05-23,2022-05-31,9,Congé payé,Oui,Opérations
15842,1576,2023,4,2023-04-03,2023-04-21,19,Maladie,Oui,Juridique
11739,1544,2023,4,2023-04-12,2023-04-22,11,Congé payé,Oui,Direction
10375,2183,2023,3,2023-03-02,2023-03-17,16,Congé payé,Oui,Direction
14995,2822,2023,12,2023-12-07,2023-12-14,8,Formation,Oui,Marketing
11657,2343,2022,1,2022-01-08,2022-01-18,11,paid leave,Oui,Marketing
10395,1770,2023,4,2023-04-17,2023-04-27,11,Absence injustifiée,Non,R&D
13536,3356,2024,6,2024-06-18,2024-06-29,12,RTT,Oui,Finance
12658,3173,2023,4,2023-04-07,2023-04-15,9,Accident du travail,Oui,Commercial
13103,3316,2024,7,2024-07-27,2024-07-31,5,sick leave,Oui,RH
15441,1300,2024,9,2024-09-05,2024-09-09,5,Accident du travail,Oui,Commercial
13730,2911,2024,10,2024-10-16,2024-10-23,8,Maladie,Oui,Direction
15818,2574,2023,2,2023-02-23,2023-02-27,5,sick leave,Oui,Juridique
13176,2939,2024,11,2024-11-12,2024-12-01,20,Congé sans solde,Oui,R&D
10101,3292,2023,10,2023-10-02,2023-10-07,6,Maladie,Oui,RH
11057,2916,2022,12,2022-12-14,2023-01-03,21,Maladie,Oui,Commercial
10689,2217,2022,9,2022-09-11,2022-09-21,11,Congé payé,Oui,Commercial
14763,3251,2023,10,2023-10-08,2023-10-12,5,Absence injustifiée,Non,R&D
14609,1756,2022,1,2022-01-12,2022-01-19,8,Congé payé,Oui,Finance
11160,2036,2023,4,2023-04-19,2023-04-26,8,Congé sans solde,Oui,Informatique
10057,1862,2023,10,2023-10-02,2023-10-09,-8,Maladie,Oui,RH
15353,2453,2024,1,2024-01-21,2024-01-28,8,paid leave,Oui,RH
11433,1812,2022,10,2022-10-18,2022-10-20,3,sick leave,Oui,Juridique
13613,1952,2022,11,2022-11-05,2022-11-05,1,Formation,Oui,Informatique
11705,2743,2023,11,2023-11-23,2023-12-08,16,Accident du travail,Oui,Opérations
11418,1898,2024,8,2024-08-26,2024-09-03,9,Formation,Oui,Opérations
13190,1709,2024,1,2024-01-03,2024-01-16,14,Maladie,Oui,R&D
14780,1824,2024,11,2024-11-05,2024-11-14,10,RTT,Oui,Marketing
12830,2165,2024,2,2024-02-23,2024-03-08,15,Maladie,Oui,RH
15468,1273,2024,10,2024-10-06,2024-10-14,9,Enfant malade,Oui,Informatique
10861,1255,2023,12,2023-12-18,2023-12-27,10,Absence injustifiée,Non,R&D
11332,2193,2023,1,2023-01-13,2023-01-31,19,Maternité/Paternité,Oui,Marketing
12478,1966,2024,3,2024-03-20,2024-03-30,11,Maladie,Oui,Logistique
13602,3056,2023,8,2023-08-25,2023-09-08,15,Maladie,Oui,Marketing
10388,1642,2024,11,2024-11-13,2024-11-22,10,Maladie,Oui,Juridique
10518,1756,2024,7,2024-07-11,2024-07-14,4,Congé payé,Oui,Finance
11217,2404,2022,6,2022-06-13,2022-06-14,2,Maladie,Oui,R&D
11138,3154,2022,9,2022-09-10,2022-09-19,10,Maladie,Oui,R&D
15381,1470,2024,8,2024-08-18,2024-08-24,7,Congé sans solde,Oui,RH
13005,1467,2022,2,2022-02-28,2022-02-28,1,Formation,Oui,Logistique
10772,2289,2024,6,2024-06-05,2024-06-13,9,Enfant malade,Oui,Marketing
14916,3398,2023,11,2023-11-08,2023-11-09,2,Formation,Oui,Informatique
13033,1881,2024,8,2024-08-10,2024-08-16,7,Congé payé,Oui,Direction
14353,3123,2022,4,2022-04-02,2022-04-09,8,RTT,Oui,Commercial
14036,1669,2024,4,2024-04-24,2024-04-30,7,sick leave,Oui,Juridique
12749,1015,2024,9,2024-09-01,2024-09-04,4,Maladie,Oui,Logistique
10315,3061,2024,7,2024-07-23,2024-08-04,13,paid leave,Oui,R&D
12553,1681,2024,7,2024-07-07,2024-07-24,18,Congé payé,Oui,Logistique
16088,3321,2024,2,2024-02-17,2024-02-26,10,Maladie,Oui,Juridique
10596,1218,2024,9,2024-09-14,2024-09-22,9,Maladie,Oui,Juridique
10979,1228,2023,10,2023-10-10,2023-10-27,18,Maladie,Oui,Informatique
13208,2135,2022,10,2022-10-09,2022-10-13,5,Maladie,Oui,Finance
12492,3136,2022,1,2022-01-22,2022-02-06,16,Maladie,Oui,Finance
14738,1655,2023,12,2023-12-09,2023-12-11,3,Formation,Oui,Commercial
12074,3047,2024,12,2024-12-28,2025-01-12,16,RTT,Oui,Juridique
15987,1983,2023,6,2023-06-28,2023-07-14,17,Maladie,Oui,Finance
15521,3274,2024,1,2024-01-23,2024-01-23,1,Accident du travail,Oui,Marketing
15002,1642,2023,7,2023-07-26,2023-08-13,19,sick leave,Oui,Juridique
12073,3000,2023,9,2023-09-28,2023-10-06,9,Enfant malade,Oui,Opérations
11651,1734,2023,5,2023-05-11,2023-05-31,21,Maladie,Oui,Commercial
12706,1742,2023,5,2023-05-16,2023-05-25,10,Congé payé,Oui,Informatique
12931,3047,2024,11,2024-11-12,2024-12-02,21,Formation,Oui,Juridique
12580,2573,2023,5,2023-05-14,2023-05-16,3,Congé payé,Oui,RH
12680,2091,2024,6,2024-06-07,2024-06-27,21,sick leave,Oui,Direction
12582,1081,2023,8,2023-08-22,2023-08-27,6,Absence injustifiée,Non,Juridique
15043,2061,2022,4,2022-04-01,2022-04-20,20,RTT,Oui,Direction
15622,1749,2024,1,2024-01-08,2024-01-08,1,Maladie,Oui,Logistique
11614,3024,2022,12,2022-12-16,2022-12-30,15,Maladie,Oui,RH
11190,3148,2023,8,2023-08-23,2023-08-28,6,Maladie,Oui,R&D
11192,2977,2024,10,2024-10-21,2024-11-07,18,Congé sans solde,Oui,Commercial
14162,3341,2024,11,2024-11-16,2024-11-25,10,Maladie,Oui,RH
13024,1335,2023,7,2023-07-15,2023-07-25,11,Congé sans solde,Oui,Sales
11329,1409,2024,5,2024-05-06,2024-05-06,1,RTT,Oui,Logistique
13756,2244,2022,4,2022-04-22,2022-05-12,21,Maladie,Oui,RH
11626,2810,2024,3,2024-03-07,2024-03-10,4,Maladie,Oui,RH
16126,2453,2023,8,2023-08-14,2023-08-27,13,Congé sans solde,Oui,RH
11087,1147,2022,1,2022-01-07,2022-01-12,6,Congé payé,Oui,Direction
15010,1271,2023,6,2023-06-07,2023-06-08,2,Congé payé,Oui,Juridique
15889,2625,2023,1,2023-01-13,2023-01-24,12,Maternité/Paternité,Oui,Commercial
15978,1934,2024,4,2024-04-10,2024-04-26,17,Maladie,Oui,Direction
15685,2153,2023,8,2023-08-24,2023-08-29,6,Maladie,Oui,Commercial
15840,1927,2022,4,2022-04-25,2022-04-29,5,Maladie,Oui,Informatique
10692,2754,2022,6,2022-06-15,2022-06-20,6,paid leave,Oui,Opérations
15551,1106,2022,10,2022-10-14,2022-10-18,5,Maladie,Oui,Marketing
10937,2453,2022,10,2022-10-11,2022-10-24,14,Accident du travail,Oui,RH
11956,2126,2024,5,2024-05-01,2024-05-20,20,sick leave,Oui,Opérations
10742,1427,2022,7,2022-07-15,2022-07-22,8,Maladie,Oui,Legal
15477,3321,2024,9,2024-09-09,2024-09-26,18,paid leave,Oui,Juridique
15408,1273,2024,7,2024-07-17,2024-08-05,20,Accident du travail,Oui,Informatique
14708,2370,2024,4,2024-04-09,2024-04-23,15,RTT,Oui,Informatique
12139,2038,2022,11,2022-11-15,2022-12-03,19,Maternité/Paternité,Oui,Informatique
13870,2690,2023,10,2023-10-10,2023-10-19,10,Maternité/Paternité,Oui,Commercial
12752,1117,2024,8,2024-08-21,2024-08-26,6,Congé payé,Oui,Marketing
11574,1744,2022,2,2022-02-21,2022-03-03,11,Congé payé,Oui,Direction
12469,2495,2023,7,2023-07-25,2023-07-27,3,Formation,Oui,Juridique
14155,2632,2022,2,2022-02-15,2022-02-15,1,Congé payé,Oui,Logistique
11785,2605,2022,2,2022-02-07,2022-02-23,17,Maladie,Oui,Commercial
13341,1194,2022,9,2022-09-24,2022-10-06,13,Maladie,Oui,R&D
13343,2254,2024,8,2024-08-07,2024-08-23,17,Maladie,Oui,R&D
13031,1616,2023,7,2023-07-16,2023-07-27,12,Accident du travail,Oui,Finance
13447,2046,2023,2,2023-02-14,2023-02-14,1,RTT,Oui,Direction
15916,3295,2024,8,2024-08-28,2024-09-10,14,Absence injustifiée,Non,RH
11650,1254,2024,1,2024-01-22,2024-02-04,14,Enfant malade,Oui,Finance
15341,2221,2024,8,2024-08-03,2024-08-12,10,Congé payé,Oui,R&D
10638,1124,2024,10,2024-10-28,2024-10-29,2,Maternité/Paternité,Oui,Finance
10478,1301,2023,5,2023-05-23,2023-05-23,1,Formation,Oui,Commercial
11866,2283,2022,2,2022-02-13,2022-02-18,6,Congé sans solde,Oui,Opérations
11477,1619,2022,10,2022-10-12,2022-10-13,2,sick leave,Oui,Opérations
10116,2009,2023,10,2023-10-07,2023-10-25,19,RTT,Oui,Finance
15637,2556,2022,4,2022-04-28,2022-05-03,6,Accident du travail,Oui,Direction
14985,1393,2023,1,2023-01-15,2023-01-22,8,RTT,Oui,Logistique
10520,2949,2024,5,2024-05-25,2024-06-04,11,Maladie,Oui,Opérations
14505,2136,2023,12,2023-12-24,2023-12-24,1,sick leave,Oui,Juridique
14405,3028,2024,8,2024-08-03,2024-08-20,18,Maladie,Oui,Finance
13258,1669,2022,5,2022-05-12,2022-05-24,13,Congé payé,Oui,Juridique
13082,2607,2022,9,2022-09-07,2022-09-13,7,paid leave,Oui,Operations
10879,1924,2024,4,2024-04-22,2024-04-28,7,Maladie,Oui,Informatique
11923,2445,2022,8,2022-08-13,2022-08-30,18,Maladie,Oui,Logistique
12597,2525,2022,2,2022-02-11,2022-02-28,18,Formation,Oui,Operations
15375,1877,2022,4,2022-04-26,2022-04-27,2,Accident du travail,Oui,R&D
14824,1927,2022,9,2022-09-17,2022-10-04,18,Congé sans solde,Oui,Informatique
13790,1374,2024,8,2024-08-12,2024-08-31,20,RTT,Oui,Marketing
14080,1449,2022,8,2022-08-11,2022-08-11,1,Maladie,Oui,Juridique
11990,2038,2024,1,2024-01-13,2024-01-14,2,Congé sans solde,Oui,Informatique
15759,2776,2024,12,2024-12-17,2025-01-05,20,RTT,Oui,Juridique
14140,3371,2022,10,2022-10-22,2022-11-10,20,RTT,Oui,Direction
11565,2283,2023,5,2023-05-20,2023-06-08,20,Accident du travail,Oui,Opérations
15722,2218,2024,12,2024-12-04,2024-12-09,6,Enfant malade,Oui,Logistique
15452,2344,2023,9,2023-09-14,2023-09-30,17,sick leave,Oui,R&D
11110,3264,2023,2,2023-02-02,2023-02-14,13,Absence injustifiée,Non,R&D
11528,2155,2023,7,2023-07-05,2023-07-16,12,sick leave,Oui,Informatique
13440,3256,2024,12,2024-12-02,2024-12-07,6,RTT,Oui,Opérations
10536,2879,2023,10,2023-10-06,2023-10-19,14,Congé payé,Oui,Finance
11022,1976,2023,5,2023-05-08,2023-05-20,13,Maternité/Paternité,Oui,Marketing
12929,3136,2024,7,2024-07-19,2024-07-23,5,Congé payé,Oui,Finance
15473,2503,2023,1,2023-01-09,2023-01-13,5,Congé sans solde,Oui,Informatique
13606,3136,2022,7,2022-07-28,2022-08-16,20,RTT,Oui,Finance
14367,2138,2023,7,2023-07-11,2023-07-14,4,RTT,Oui,Direction
12429,3139,2023,10,2023-10-07,2023-10-09,3,Maladie,Oui,Finance
11664,2565,2023,5,2023-05-22,2023-06-03,13,Absence injustifiée,Non,Informatique
11918,1721,2024,1,2024-01-23,2024-02-03,12,Maladie,Oui,Juridique
14283,2295,2022,11,2022-11-09,2022-11-10,2,Congé payé,Oui,Informatique
12835,2721,2023,6,2023-06-19,2023-06-22,4,Congé payé,Oui,Opérations
15657,1749,2024,11,2024-11-07,2024-11-26,20,Absence injustifiée,Non,Logistique
11509,2503,2024,6,2024-06-24,2024-07-14,21,Maladie,Oui,Informatique
10590,2677,2023,2,2023-02-09,2023-02-15,7,Absence injustifiée,Non,Informatique
11031,2077,2024,8,2024-08-20,2024-09-08,20,Maladie,Oui,Logistique
10184,1959,2024,4,2024-04-07,2024-04-16,10,Enfant malade,Oui,Commercial
13155,3321,2022,4,2022-04-23,2022-04-28,6,Maladie,Oui,Juridique
11897,2129,2023,2,2023-02-09,2023-02-16,8,RTT,Oui,Informatique
12801,2510,2023,9,2023-09-25,2023-10-15,21,Congé payé,Oui,Marketing
12813,3315,2022,8,2022-08-02,2022-08-15,14,RTT,Oui,Commercial
12595,3096,2022,10,2022-10-26,2022-11-06,12,sick leave,Oui,Logistique
15265,1662,2024,1,2024-01-01,2024-01-05,5,Maladie,Oui,Direction
12192,1409,2024,5,2024-05-23,2024-06-07,16,sick leave,Oui,Logistique
11303,3015,2022,5,2022-05-04,2022-05-21,18,Accident du travail,Oui,Commercial
11488,2754,2024,2,2024-02-14,2024-02-28,15,Congé payé,Oui,Opérations
12367,1957,2023,6,2023-06-09,2023-06-10,2,Congé payé,Oui,Finance
13140,2625,2023,8,2023-08-13,2023-09-02,21,Absence injustifiée,Non,Commercial
12728,2040,2024,9,2024-09-04,2024-09-16,13,Maladie,Oui,Opérations
11327,1996,2024,7,2024-07-07,2024-07-23,17,Maternité/Paternité,Oui,Marketing
10131,2448,2023,9,2023-09-22,2023-09-22,1,Maladie,Oui,Logistique
12792,2218,2023,8,2023-08-23,2023-09-07,16,Congé payé,Oui,Logistique
15904,1117,2022,5,2022-05-20,2022-06-05,17,Enfant malade,Oui,Marketing
13650,3274,2023,5,2023-05-20,2023-06-01,13,RTT,Oui,Marketing
13503,2016,2024,8,2024-08-12,2024-08-27,16,RTT,Oui,RH
14994,3281,2022,11,2022-11-02,2022-11-04,3,RTT,Oui,Finance
11799,3288,2024,5,2024-05-03,2024-05-20,18,Maternité/Paternité,Oui,RH
10192,2295,2024,4,2024-04-28,2024-05-04,7,paid leave,Oui,Informatique
13074,2333,2022,10,2022-10-23,2022-11-04,13,RTT,Oui,Marketing
14209,2911,2022,2,2022-02-20,2022-03-11,20,Maladie,Oui,Direction
13778,1449,2024,2,2024-02-24,2024-03-07,13,Accident du travail,Oui,Juridique
10394,1128,2022,11,2022-11-19,2022-11-29,11,Formation,Oui,Direction
15415,1275,2024,11,2024-11-06,2024-11-07,2,Maladie,Oui,Logistique
15188,1445,2023,8,2023-08-03,2023-08-04,2,Congé payé,Oui,Informatique
14328,2916,2023,1,2023-01-05,2023-01-14,10,Formation,Oui,Commercial
10426,2617,2022,4,2022-04-09,2022-04-16,8,sick leave,Oui,Opérations
15752,2295,2024,3,2024-03-08,2024-03-23,16,Maladie,Oui,Informatique
12197,2939,2022,10,2022-10-23,2022-11-06,15,Maladie,Oui,R&D
14501,1937,2023,3,2023-03-26,2023-03-31,6,Maladie,Oui,Informatique
13412,1921,2023,4,2023-04-14,2023-05-02,19,RTT,Oui,Opérations
13328,2665,2024,6,2024-06-05,2024-06-11,7,Enfant malade,Oui,Direction
12550,1669,2022,8,2022-08-25,2022-09-09,16,Maladie,Oui,Juridique
13164,2122,2023,12,2023-12-10,2023-12-28,19,Congé payé,Oui,Management
14109,3062,2022,10,2022-10-21,2022-10-30,10,Formation,Oui,Informatique
16024,2125,2024,2,2024-02-10,2024-02-17,8,Congé payé,Oui,Marketing
15315,1301,2023,11,2023-11-05,2023-11-06,2,RTT,Oui,Commercial
15345,2645,2023,12,2023-12-07,2023-12-19,13,Congé payé,Oui,Finance
11937,2772,2024,3,2024-03-04,2024-03-15,12,Congé payé,Oui,Marketing
13483,2453,2022,5,2022-05-19,2022-05-22,4,Formation,Oui,RH
14929,2573,2023,6,2023-06-16,2023-06-24,9,Maladie,Oui,RH
11767,3123,2024,7,2024-07-18,2024-07-26,9,Formation,Oui,Commercial
15575,2865,2024,12,2024-12-17,2025-01-04,19,Congé payé,Oui,Marketing
11084,2150,2023,5,2023-05-11,2023-05-22,12,Formation,Oui,Finance
12027,3362,2022,2,2022-02-02,2022-02-19,18,Maladie,Oui,Marketing
14817,1746,2024,10,2024-10-27,2024-11-12,17,Maternité/Paternité,Oui,Finance
12721,1450,2024,1,2024-01-12,2024-01-26,15,Formation,Oui,Finance
10161,2010,2022,2,2022-02-20,2022-02-24,5,sick leave,Oui,Informatique
11122,2712,2024,6,2024-06-01,2024-06-06,6,Maternité/Paternité,Oui,Logistique
14453,2844,2022,4,2022-04-19,2022-05-06,18,Accident du travail,Oui,Commercial
16009,1824,2024,3,2024-03-02,2024-03-18,17,Maladie,Oui,Marketing
12563,1191,2022,1,2022-01-26,2022-02-13,19,Congé payé,Oui,R&D
10278,1959,2022,10,2022-10-17,2022-10-19,3,Maladie,Oui,Commercial
14180,2289,2024,8,2024-08-17,2024-08-19,3,Maladie,Oui,Marketing
15309,1635,2023,8,2023-08-07,2023-08-26,20,Congé payé,Oui,Informatique
12845,1524,2022,8,2022-08-23,2022-08-24,2,Congé payé,Oui,Marketing
10468,2976,2022,8,2022-08-18,2022-09-05,19,Congé sans solde,Oui,RH
11284,1691,2023,7,2023-07-12,2023-07-27,16,Congé payé,Oui,Opérations
12227,2081,2024,10,2024-10-14,2024-10-19,6,Congé payé,Oui,Finance
14947,2428,2023,3,2023-03-02,2023-03-22,21,Congé payé,Oui,Juridique
10853,3129,2023,2,2023-02-17,2023-02-17,1,Congé payé,Oui,Marketing
14395,2690,2024,11,2024-11-28,2024-12-08,11,Congé payé,Oui,Commercial
12377,2617,2024,11,2024-11-03,2024-11-23,21,RTT,Oui,Opérations
15053,1619,2023,5,2023-05-16,2023-06-02,18,Congé payé,Oui,Opérations
15629,1862,2023,1,2023-01-26,2023-02-11,17,Congé payé,Oui,RH
15235,2605,2022,1,2022-01-18,2022-01-26,9,RTT,Oui,Commercial
14357,2351,2024,6,2024-06-23,2024-06-26,4,Congé payé,Oui,Logistique
13205,2135,2023,7,2023-07-16,2023-07-30,15,Maladie,Oui,Finance
16069,2295,2024,4,2024-04-22,2024-05-07,16,paid leave,Oui,Informatique
13320,1345,2023,6,2023-06-06,2023-06-07,2,Congé payé,Oui,Informatique
12827,2573,2024,11,2024-11-16,2024-11-30,15,Enfant malade,Oui,RH
15281,1217,2023,1,2023-01-15,2023-02-01,18,Accident du travail,Oui,Direction
14438,2648,2022,7,2022-07-11,2022-07-23,13,Congé sans solde,Oui,Direction
13350,2091,2023,7,2023-07-02,2023-07-10,9,Congé payé,Oui,Direction
10696,2351,2023,7,2023-07-14,2023-07-26,13,Congé payé,Oui,Logistique
15191,3256,2024,5,2024-05-10,2024-05-17,8,paid leave,Oui,Opérations
10038,3047,2024,10,2024-10-22,2024-10-12,-11,Enfant malade,Oui,Juridique
13837,1044,2024,5,2024-05-05,2024-05-19,15,Absence injustifiée,Non,Marketing
15417,1881,2023,3,2023-03-02,2023-03-08,7,Maternité/Paternité,Oui,Direction
11011,1904,2024,6,2024-06-09,2024-06-22,14,paid leave,Oui,Marketing
11848,1212,2022,8,2022-08-22,2022-08-23,2,Maladie,Oui,R&D
15182,2438,2024,9,2024-09-28,2024-10-03,6,Accident du travail,Oui,Informatique
11833,2930,2023,10,2023-10-11,2023-10-27,17,paid leave,Oui,Logistique
10970,1862,2022,4,2022-04-07,2022-04-22,16,Maladie,Oui,RH
10167,3289,2022,1,2022-01-22,2022-01-29,8,Enfant malade,Oui,Marketing
13717,1527,2023,7,2023-07-11,2023-07-19,9,paid leave,Oui,Informatique
12488,2218,2023,1,2023-01-06,2023-01-21,16,Congé sans solde,Oui,Logistique
13863,3061,2023,7,2023-07-23,2023-07-29,7,sick leave,Oui,R&D
15131,3356,2022,3,2022-03-10,2022-03-28,19,Congé payé,Oui,Finance
10295,3028,2023,12,2023-12-23,2024-01-04,13,Accident du travail,Oui,Finance
15412,1024,2024,5,2024-05-16,2024-05-19,4,Maternité/Paternité,Oui,Juridique
15621,1843,2023,4,2023-04-04,2023-04-12,9,Maladie,Oui,Opérations
13529,3129,2022,10,2022-10-22,2022-11-02,12,paid leave,Oui,Marketing
11704,2573,2022,5,2022-05-03,2022-05-09,7,Formation,Oui,RH
14412,1177,2023,12,2023-12-08,2023-12-08,1,Formation,Oui,RH
10586,2171,2022,2,2022-02-04,2022-02-07,4,Formation,Oui,Juridique
10822,1928,2023,10,2023-10-23,2023-11-12,21,Maladie,Oui,Informatique
12016,1746,2023,1,2023-01-21,2023-02-04,15,Congé sans solde,Oui,Finance
14378,2343,2023,10,2023-10-11,2023-10-12,2,RTT,Oui,Marketing
10183,1711,2024,1,2024-01-25,2024-02-04,11,Congé payé,Oui,R&D
14321,2656,2022,5,2022-05-17,2022-05-27,11,Congé payé,Oui,Commercial
10294,2911,2022,5,2022-05-01,2022-05-03,3,Accident du travail,Oui,Direction
12287,1331,2023,1,2023-01-08,2023-01-21,14,Maladie,Oui,Juridique
14415,1743,2023,4,2023-04-10,2023-04-28,19,Maladie,Oui,Marketing
11176,3056,2024,2,2024-02-20,2024-02-29,10,Congé sans solde,Oui,Marketing
11454,3111,2022,6,2022-06-26,2022-07-02,7,Congé sans solde,Oui,Opérations
10948,2981,2023,7,2023-07-19,2023-07-19,1,Congé payé,Oui,Marketing
12308,2360,2022,9,2022-09-19,2022-09-22,4,Maladie,Oui,RH
14766,1229,2024,12,2024-12-25,2024-12-31,7,Maladie,Oui,Informatique
15294,3047,2023,4,2023-04-11,2023-04-29,19,Congé sans solde,Oui,Juridique
13442,2721,2024,2,2024-02-25,2024-03-14,19,Maladie,Oui,Opérations
10320,2125,2024,11,2024-11-27,2024-12-16,20,paid leave,Oui,Marketing
10777,2243,2023,9,2023-09-28,2023-10-03,6,sick leave,Oui,Direction
12805,1663,2023,7,2023-07-09,2023-07-25,17,paid leave,Oui,Opérations
14578,3356,2022,12,2022-12-12,2022-12-29,18,RTT,Oui,Finance
12373,3096,2022,1,2022-01-26,2022-02-07,13,RTT,Oui,Logistique
13231,3239,2023,3,2023-03-22,2023-04-04,14,Maladie,Oui,Finance
15828,1214,2023,8,2023-08-22,2023-09-09,19,paid leave,Oui,R&D
14292,2911,2022,5,2022-05-01,2022-05-18,18,Maladie,Oui,Direction
15004,3341,2024,3,2024-03-18,2024-03-23,6,Enfant malade,Oui,RH
15522,2615,2024,4,2024-04-27,2024-05-04,8,Absence injustifiée,Non,Commercial
15942,2617,2023,1,2023-01-05,2023-01-08,4,Maladie,Oui,Opérations
15382,2134,2024,6,2024-06-10,2024-06-19,10,Congé sans solde,Oui,Direction
10678,1481,2022,10,2022-10-05,2022-10-10,6,Congé sans solde,Oui,Marketing
11823,1121,2023,1,2023-01-05,2023-01-16,12,Maladie,Oui,Direction
15229,2138,2022,6,2022-06-03,2022-06-05,3,paid leave,Oui,Direction
11875,1194,2022,8,2022-08-13,2022-08-18,6,Enfant malade,Oui,R&D
15525,1843,2023,2,2023-02-20,2023-03-01,10,Congé sans solde,Oui,Opérations
15320,1684,2022,3,2022-03-23,2022-04-04,13,Congé payé,Oui,R&D
14931,1460,2022,5,2022-05-01,2022-05-21,21,Maladie,Oui,R&D
13224,2573,2024,7,2024-07-05,2024-07-15,11,Congé sans solde,Oui,RH
14666,1949,2023,6,2023-06-21,2023-07-03,13,Absence injustifiée,Non,Marketing
14657,3176,2024,1,2024-01-10,2024-01-13,4,Absence injustifiée,Non,Finance
11725,1684,2023,4,2023-04-17,2023-04-27,11,paid leave,Oui,R&D
12630,1550,2023,10,2023-10-26,2023-11-15,21,Formation,Oui,Marketing
11931,2036,2023,8,2023-08-18,2023-08-26,9,Congé payé,Oui,Informatique
15892,1681,2023,11,2023-11-03,2023-11-08,6,Maladie,Oui,Logistique
12134,1576,2023,8,2023-08-23,2023-09-10,19,Congé payé,Oui,Juridique
14272,1427,2022,5,2022-05-23,2022-06-11,20,Formation,Oui,Legal
12220,2165,2022,7,2022-07-28,2022-08-12,16,Maladie,Oui,RH
15517,1959,2024,8,2024-08-23,2024-09-01,10,Maladie,Oui,Commercial
12183,1371,2023,1,2023-01-16,2023-01-19,4,Maladie,Oui,Commercial
14219,3056,2023,7,2023-07-12,2023-07-22,11,Congé payé,Oui,Marketing
14154,1127,2024,4,2024-04-03,2024-04-09,7,Congé sans solde,Oui,Marketing
13481,1347,2023,6,2023-06-23,2023-07-13,21,Formation,Oui,Marketing
10044,2971,2022,9,2022-09-11,2022-09-10,-2,Maladie,Oui,Opérations
13549,1128,2023,6,2023-06-04,2023-06-08,5,Absence injustifiée,Non,Direction
15506,1742,2022,11,2022-11-26,2022-11-30,5,Congé payé,Oui,Informatique
12787,2939,2022,7,2022-07-28,2022-08-01,5,Formation,Oui,R&D
14145,2453,2023,8,2023-08-14,2023-08-27,14,Congé sans solde,Oui,RH
15751,1782,2024,12,2024-12-24,2025-01-10,18,Congé payé,Oui,Juridique
13885,2183,2022,4,2022-04-04,2022-04-06,3,Maladie,Oui,Direction
11228,3263,2024,5,2024-05-14,2024-05-22,9,paid leave,Oui,Informatique
15302,1450,2022,5,2022-05-14,2022-05-31,18,paid leave,Oui,Finance
11461,1812,2024,9,2024-09-24,2024-10-01,8,Absence injustifiée,Non,Juridique
14953,2648,2022,4,2022-04-18,2022-05-07,20,Congé sans solde,Oui,Direction
11665,1749,2023,9,2023-09-05,2023-09-09,5,Maternité/Paternité,Oui,Logistique
15819,2081,2024,2,2024-02-26,2024-03-04,8,Congé payé,Oui,Finance
10543,3015,2023,7,2023-07-01,2023-07-01,1,Maladie,Oui,Commercial
12620,2132,2024,1,2024-01-22,2024-01-26,5,Maladie,Oui,RH
12151,1756,2023,9,2023-09-22,2023-10-11,20,paid leave,Oui,Finance
13098,2565,2022,1,2022-01-25,2022-02-06,13,Maladie,Oui,Informatique
13679,2806,2023,2,2023-02-24,2023-02-25,2,Congé sans solde,Oui,Direction
14340,2653,2022,3,2022-03-16,2022-04-04,20,Congé payé,Oui,Finance
11646,3179,2023,3,2023-03-24,2023-04-01,9,Congé payé,Oui,Direction
15216,2438,2023,8,2023-08-05,2023-08-12,8,Enfant malade,Oui,Informatique
14189,1794,2022,4,2022-04-21,2022-04-21,1,Maladie,Oui,Opérations
15831,2193,2022,8,2022-08-06,2022-08-07,2,RTT,Oui,Marketing
12810,3357,2024,5,2024-05-21,2024-06-10,21,RTT,Oui,Juridique
14262,3123,2024,2,2024-02-21,2024-03-10,19,RTT,Oui,Commercial
14901,1425,2024,3,2024-03-28,2024-04-05,9,RTT,Oui,Juridique
11116,2535,2024,8,2024-08-18,2024-09-04,18,RTT,Oui,Direction
12327,2690,2024,11,2024-11-22,2024-12-05,14,Absence injustifiée,Non,Commercial
10031,1669,2024,2,2024-02-14,2024-02-06,-9,RTT,Oui,Juridique
10354,2523,2022,9,2022-09-27,2022-10-16,20,Maternité/Paternité,Oui,Marketing
13609,3357,2023,10,2023-10-27,2023-10-30,4,Congé sans solde,Oui,Juridique
10310,2743,2023,8,2023-08-27,2023-08-29,3,Maternité/Paternité,Oui,Opérations
11359,2765,2024,6,2024-06-03,2024-06-08,6,Accident du travail,Oui,RH
13217,2061,2024,2,2024-02-09,2024-02-09,1,RTT,Oui,Direction
12786,2690,2024,11,2024-11-18,2024-11-21,4,Congé payé,Oui,Commercial
14537,3145,2023,8,2023-08-02,2023-08-05,4,RTT,Oui,Commercial
10263,2155,2024,4,2024-04-12,2024-04-20,9,Congé payé,Oui,Informatique
15878,1765,2024,2,2024-02-06,2024-02-20,15,Congé sans solde,Oui,Commercial
13728,1191,2022,7,2022-07-09,2022-07-16,8,paid leave,Oui,R&D
13389,2183,2023,5,2023-05-06,2023-05-21,16,Absence injustifiée,Non,Direction
10366,3204,2023,11,2023-11-18,2023-12-03,16,sick leave,Oui,Direction
10548,2712,2024,10,2024-10-28,2024-11-11,15,sick leave,Oui,Logistique
11924,3295,2024,1,2024-01-02,2024-01-15,14,Maladie,Oui,RH
15323,2502,2022,5,2022-05-14,2022-05-22,9,Absence injustifiée,Non,RH
11429,2016,2023,3,2023-03-25,2023-04-07,14,Maladie,Oui,RH
10549,1494,2024,8,2024-08-26,2024-08-27,2,Absence injustifiée,Non,Opérations
14646,3152,2022,11,2022-11-07,2022-11-27,21,Maladie,Oui,Informatique
13453,2525,2024,11,2024-11-13,2024-12-02,20,sick leave,Oui,Operations
13173,1533,2022,2,2022-02-05,2022-02-05,1,Accident du travail,Oui,Logistique
10943,1177,2022,2,2022-02-19,2022-03-04,14,Maternité/Paternité,Oui,RH
15352,2909,2024,11,2024-11-18,2024-12-06,19,paid leave,Oui,RH
14960,2183,2023,10,2023-10-06,2023-10-23,18,Congé payé,Oui,Direction
11294,1981,2023,9,2023-09-07,2023-09-25,19,Maternité/Paternité,Oui,Direction
11045,3295,2023,7,2023-07-27,2023-08-10,15,paid leave,Oui,RH
11036,2939,2023,1,2023-01-21,2023-01-27,7,paid leave,Oui,R&D
13225,2632,2022,5,2022-05-09,2022-05-12,4,Congé payé,Oui,Logistique
12858,2242,2023,1,2023-01-21,2023-01-25,5,Maternité/Paternité,Oui,Commercial
15626,1523,2023,3,2023-03-03,2023-03-16,14,Accident du travail,Oui,Marketing
11096,2556,2024,10,2024-10-26,2024-11-15,21,RTT,Oui,Direction
12635,1711,2022,2,2022-02-22,2022-02-28,7,Maladie,Oui,R&D
12681,2192,2022,6,2022-06-06,2022-06-16,11,sick leave,Oui,Logistique
12083,1609,2023,7,2023-07-26,2023-08-03,9,Maternité/Paternité,Oui,Direction
10013,1256,2022,8,2022-08-01,2022-07-25,-8,paid leave,Oui,Logistique
11880,1533,2024,5,2024-05-08,2024-05-15,8,sick leave,Oui,Logistique
11166,2615,2023,4,2023-04-16,2023-04-28,13,Formation,Oui,Commercial
15257,2442,2023,11,2023-11-13,2023-12-03,21,RTT,Oui,Logistique
10453,2755,2022,1,2022-01-14,2022-01-14,1,Enfant malade,Oui,Informatique
10460,1952,2024,4,2024-04-20,2024-05-03,14,Maladie,Oui,Informatique
10225,2189,2023,12,2023-12-09,2023-12-25,17,Absence injustifiée,Non,RH
14273,1301,2022,10,2022-10-13,2022-10-24,12,RTT,Oui,Commercial
16127,1904,2024,1,2024-01-21,2024-01-26,5,Congé payé,Oui,Marketing
13971,1229,2023,2,2023-02-04,2023-02-12,9,Congé payé,Oui,Informatique
16045,2393,2023,12,2023-12-01,2023-12-18,18,sick leave,Oui,Logistique
12654,1340,2024,12,2024-12-09,2024-12-24,16,Maladie,Oui,RH
15416,2956,2023,1,2023-01-21,2023-01-25,5,Accident du travail,Oui,Informatique
14033,2665,2022,11,2022-11-15,2022-12-05,21,Maternité/Paternité,Oui,Direction
15692,2565,2024,8,2024-08-25,2024-08-31,7,Congé sans solde,Oui,Informatique
15911,3172,2023,11,2023-11-05,2023-11-18,14,sick leave,Oui,Marketing
12915,1662,2023,7,2023-07-06,2023-07-25,20,Accident du travail,Oui,Direction
12239,2485,2024,5,2024-05-25,2024-05-28,4,Congé sans solde,Oui,R&D
13666,3015,2023,9,2023-09-08,2023-09-27,20,Accident du travail,Oui,Commercial
13686,1743,2024,8,2024-08-23,2024-08-26,4,sick leave,Oui,Marketing
15129,1218,2023,2,2023-02-23,2023-03-07,13,paid leave,Oui,Juridique
14684,2404,2022,1,2022-01-27,2022-01-29,3,Maternité/Paternité,Oui,R&D
13940,2235,2023,1,2023-01-25,2023-02-05,12,Maladie,Oui,Informatique
13865,1679,2022,5,2022-05-12,2022-05-28,17,paid leave,Oui,Finance
15744,2187,2023,10,2023-10-11,2023-10-11,1,Congé payé,Oui,RH
12523,2132,2024,12,2024-12-21,2024-12-27,7,Congé payé,Oui,RH
15501,1523,2024,1,2024-01-15,2024-01-24,10,Enfant malade,Oui,Marketing
14933,2976,2024,12,2024-12-11,2024-12-31,21,Congé sans solde,Oui,RH
11820,2956,2022,12,2022-12-19,2023-01-08,21,Absence injustifiée,Non,Informatique
14442,3024,2023,1,2023-01-04,2023-01-20,17,Maladie,Oui,RH
12079,3065,2024,8,2024-08-02,2024-08-22,21,Enfant malade,Oui,RH
10312,2040,2023,3,2023-03-08,2023-03-25,18,Absence injustifiée,Non,Opérations
15811,2183,2024,6,2024-06-20,2024-06-29,10,Maladie,Oui,Direction
15063,2009,2023,12,2023-12-18,2023-12-22,5,Formation,Oui,Finance
10053,1934,2022,11,2022-11-07,2022-10-29,-10,Congé payé,Oui,Direction
15472,2810,2024,2,2024-02-01,2024-02-18,18,Absence injustifiée,Non,RH
15372,1460,2022,11,2022-11-08,2022-11-13,6,paid leave,Oui,R&D
10612,1271,2024,4,2024-04-20,2024-04-26,7,Congé sans solde,Oui,Juridique
13811,1851,2022,8,2022-08-25,2022-09-06,13,Absence injustifiée,Non,Direction
12765,3289,2022,9,2022-09-21,2022-09-28,8,Formation,Oui,Marketing
12677,3271,2023,9,2023-09-21,2023-10-04,14,Formation,Oui,Finance
10129,3276,2024,7,2024-07-22,2024-08-01,11,sick leave,Oui,Informatique
14596,2448,2024,8,2024-08-05,2024-08-17,13,Accident du travail,Oui,Logistique
13771,3204,2024,4,2024-04-05,2024-04-16,12,Enfant malade,Oui,Direction
16016,1976,2022,8,2022-08-27,2022-09-16,21,Congé payé,Oui,Marketing
13375,1063,2022,8,2022-08-19,2022-09-05,18,Accident du travail,Oui,Finance
11581,1669,2023,2,2023-02-28,2023-03-10,11,Maladie,Oui,Juridique
16029,1756,2024,8,2024-08-15,2024-08-17,3,Accident du travail,Oui,Finance
11268,3362,2024,1,2024-01-17,2024-01-17,1,RTT,Oui,Marketing
15339,1655,2023,7,2023-07-02,2023-07-21,20,Congé sans solde,Oui,Commercial
13988,1256,2022,7,2022-07-23,2022-07-31,9,Congé payé,Oui,Logistique
15979,2135,2023,7,2023-07-01,2023-07-18,18,Congé payé,Oui,Finance
14990,1345,2022,8,2022-08-23,2022-09-04,13,Congé payé,Oui,Informatique
13585,1374,2024,11,2024-11-10,2024-11-28,19,Maladie,Oui,Marketing
14774,1707,2022,6,2022-06-07,2022-06-09,3,Congé sans solde,Oui,Opérations
14081,1709,2023,10,2023-10-28,2023-11-16,20,Maladie,Oui,R&D
15048,3371,2024,7,2024-07-25,2024-08-08,15,RTT,Oui,Direction
10957,2115,2022,8,2022-08-07,2022-08-07,1,Accident du travail,Oui,Juridique
13073,1619,2022,5,2022-05-10,2022-05-29,20,Enfant malade,Oui,Opérations
13313,3281,2024,11,2024-11-06,2024-11-16,11,Congé payé,Oui,Finance
15056,2406,2022,11,2022-11-26,2022-12-13,18,Accident du travail,Oui,Finance
13299,1399,2022,5,2022-05-27,2022-06-10,15,sick leave,Oui,Juridique
15224,3288,2022,11,2022-11-23,2022-11-28,6,Maladie,Oui,RH
15558,1769,2023,10,2023-10-14,2023-10-14,1,Congé sans solde,Oui,Opérations
15953,1496,2022,10,2022-10-27,2022-11-13,18,Accident du travail,Oui,Finance
13997,2134,2024,8,2024-08-22,2024-09-09,19,Absence injustifiée,Non,Direction
15812,2909,2024,11,2024-11-05,2024-11-08,4,Maladie,Oui,RH
11025,2283,2023,8,2023-08-03,2023-08-19,17,Maternité/Paternité,Oui,Opérations
14915,1399,2022,11,2022-11-21,2022-11-22,2,Maladie,Oui,Juridique
12057,2077,2023,2,2023-02-08,2023-02-24,17,Congé payé,Oui,Logistique
13402,1742,2024,4,2024-04-25,2024-04-30,6,sick leave,Oui,Informatique
13512,2038,2023,12,2023-12-22,2024-01-11,21,Maternité/Paternité,Oui,Informatique
14012,1296,2024,8,2024-08-17,2024-09-06,21,Maladie,Oui,Juridique
11347,3357,2022,1,2022-01-18,2022-02-07,21,Congé payé,Oui,Juridique
11265,1921,2024,10,2024-10-22,2024-10-30,9,Maternité/Paternité,Oui,Opérations
12265,2556,2024,3,2024-03-21,2024-03-28,8,Enfant malade,Oui,Direction
12846,2653,2022,8,2022-08-09,2022-08-29,21,Maladie,Oui,Finance
12671,3223,2023,8,2023-08-05,2023-08-07,3,Congé payé,Oui,Finance
11896,1460,2024,7,2024-07-13,2024-07-14,2,Congé payé,Oui,R&D
10020,1642,2023,9,2023-09-15,2023-09-14,-2,RTT,Oui,Juridique
10891,1421,2022,10,2022-10-11,2022-10-19,9,Accident du travail,Oui,Finance
12526,2235,2023,6,2023-06-25,2023-07-09,15,Congé payé,Oui,Informatique
14185,1409,2023,4,2023-04-13,2023-04-30,18,Maladie,Oui,Logistique
12489,2081,2023,3,2023-03-12,2023-03-13,2,Maladie,Oui,Finance
13171,1051,2024,8,2024-08-18,2024-08-23,6,Maladie,Oui,Opérations
12655,2134,2024,10,2024-10-23,2024-11-11,20,Accident du travail,Oui,Direction
13293,1959,2022,3,2022-03-24,2022-04-08,16,Formation,Oui,Commercial
13353,1298,2024,10,2024-10-19,2024-11-03,16,Maladie,Oui,R&D
11051,2219,2024,3,2024-03-09,2024-03-28,20,paid leave,Oui,R&D
13565,2140,2023,11,2023-11-16,2023-12-01,16,Maladie,Oui,R&D
11035,1976,2024,10,2024-10-11,2024-10-13,3,Accident du travail,Oui,Marketing
14324,3295,2023,6,2023-06-18,2023-06-25,8,Maternité/Paternité,Oui,RH
12434,2060,2023,7,2023-07-09,2023-07-27,19,Congé payé,Oui,Logistique
14993,2684,2022,12,2022-12-28,2023-01-05,9,sick leave,Oui,Direction
12589,2844,2023,6,2023-06-28,2023-06-30,3,Maternité/Paternité,Oui,Commercial
15753,1673,2023,5,2023-05-19,2023-05-20,2,paid leave,Oui,Direction
10424,1981,2023,6,2023-06-04,2023-06-20,17,Congé payé,Oui,Direction
14196,1794,2022,8,2022-08-06,2022-08-11,6,Accident du travail,Oui,Opérations
11353,2140,2024,1,2024-01-01,2024-01-09,9,Congé sans solde,Oui,R&D
15698,1327,2023,7,2023-07-17,2023-07-27,11,Maladie,Oui,RH
15947,1775,2024,7,2024-07-26,2024-08-11,17,Congé payé,Oui,R&D
12727,2351,2022,5,2022-05-12,2022-05-16,5,RTT,Oui,Logistique
14721,1635,2024,5,2024-05-08,2024-05-17,10,RTT,Oui,Informatique
12013,3156,2024,1,2024-01-27,2024-02-13,18,Congé payé,Oui,Informatique
15998,1976,2022,12,2022-12-08,2022-12-24,17,RTT,Oui,Marketing
12537,3394,2023,3,2023-03-15,2023-03-16,2,sick leave,Oui,Commercial
10330,1482,2024,4,2024-04-12,2024-04-26,15,Maternité/Paternité,Oui,Juridique
13596,3316,2024,5,2024-05-06,2024-05-08,3,Maladie,Oui,RH
10881,1677,2023,1,2023-01-08,2023-01-14,7,Maternité/Paternité,Oui,RH
14474,2153,2023,9,2023-09-03,2023-09-20,18,Enfant malade,Oui,Commercial
12486,2502,2023,12,2023-12-24,2024-01-09,17,Accident du travail,Oui,RH
10211,2081,2023,10,2023-10-01,2023-10-18,18,Maladie,Oui,Finance
11798,2755,2023,11,2023-11-17,2023-12-06,20,Congé payé,Oui,Informatique
11121,1824,2022,11,2022-11-01,2022-11-15,15,Congé payé,Oui,Marketing
13472,3028,2023,12,2023-12-26,2024-01-13,19,Congé payé,Oui,Finance
12577,2510,2022,9,2022-09-10,2022-09-12,3,paid leave,Oui,Marketing
12091,1393,2022,11,2022-11-12,2022-11-22,11,Congé payé,Oui,Logistique
11661,1752,2022,5,2022-05-03,2022-05-06,4,Absence injustifiée,Non,Juridique
13094,2503,2023,12,2023-12-03,2023-12-23,21,Formation,Oui,Informatique
11331,2595,2024,9,2024-09-26,2024-10-15,20,RTT,Oui,Opérations
11099,2126,2022,2,2022-02-16,2022-02-21,6,Enfant malade,Oui,Opérations
12501,2510,2022,12,2022-12-27,2023-01-08,13,sick leave,Oui,Marketing
13715,1444,2023,8,2023-08-22,2023-08-31,10,Congé payé,Oui,Commercial
14625,3145,2022,5,2022-05-06,2022-05-22,17,RTT,Oui,Commercial
16101,1298,2023,10,2023-10-10,2023-10-27,17,Congé payé,Oui,R&D
15940,3256,2024,6,2024-06-04,2024-06-06,3,paid leave,Oui,Opérations
10110,2400,2022,5,2022-05-15,2022-06-04,21,Accident du travail,Oui,Finance
11670,1402,2024,7,2024-07-13,2024-07-23,11,Congé payé,Oui,Logistique
11326,3324,2023,9,2023-09-10,2023-09-23,14,Maladie,Oui,R&D
14756,1851,2023,2,2023-02-02,2023-02-03,2,RTT,Oui,Direction
12050,3371,2023,3,2023-03-04,2023-03-23,20,paid leave,Oui,Direction
13227,2404,2022,1,2022-01-20,2022-01-26,7,Congé payé,Oui,R&D
11679,2414,2023,1,2023-01-04,2023-01-21,18,Maternité/Paternité,Oui,Finance
12524,2330,2022,5,2022-05-28,2022-06-16,20,Enfant malade,Oui,RH
13893,2475,2024,8,2024-08-03,2024-08-23,21,RTT,Oui,R&D
12662,1635,2022,12,2022-12-25,2023-01-13,20,Absence injustifiée,Non,Informatique
12974,2831,2023,3,2023-03-11,2023-03-22,12,Accident du travail,Oui,Logistique
13944,2061,2024,4,2024-04-18,2024-05-03,16,Formation,Oui,Direction
13479,2448,2024,3,2024-03-20,2024-03-28,9,Absence injustifiée,Non,Logistique
10838,3289,2023,11,2023-11-16,2023-11-29,14,Accident du travail,Oui,Marketing
12198,1527,2023,8,2023-08-27,2023-09-06,11,Congé sans solde,Oui,Informatique
14718,3028,2024,9,2024-09-07,2024-09-22,16,Maladie,Oui,Finance
11932,1576,2023,6,2023-06-12,2023-06-26,15,Absence injustifiée,Non,Juridique
15019,1513,2023,1,2023-01-05,2023-01-17,13,RTT,Oui,Informatique
12605,1709,2023,11,2023-11-12,2023-11-23,12,Congé sans solde,Oui,R&D
13875,1063,2022,12,2022-12-16,2022-12-22,7,Absence injustifiée,Non,Finance
14296,2125,2024,2,2024-02-18,2024-03-09,21,Congé payé,Oui,Marketing
10897,3129,2024,6,2024-06-11,2024-06-11,1,sick leave,Oui,Marketing
12849,2400,2022,4,2022-04-09,2022-04-22,14,Maladie,Oui,Finance
12209,3028,2024,2,2024-02-23,2024-03-01,8,Enfant malade,Oui,Finance
11515,2665,2024,11,2024-11-28,2024-12-17,20,Absence injustifiée,Non,Direction
11575,3028,2022,2,2022-02-13,2022-02-25,13,Formation,Oui,Finance
15862,2930,2023,1,2023-01-10,2023-01-19,10,Maladie,Oui,Logistique
13576,1374,2022,11,2022-11-21,2022-11-26,6,Maladie,Oui,Marketing
10545,2831,2022,1,2022-01-07,2022-01-15,9,Maladie,Oui,Logistique
12319,3176,2024,4,2024-04-23,2024-05-04,12,Maternité/Paternité,Oui,Finance
12249,2806,2023,12,2023-12-17,2023-12-18,2,RTT,Oui,Direction
14330,1544,2022,7,2022-07-07,2022-07-11,5,paid leave,Oui,Direction
11699,2254,2022,8,2022-08-19,2022-08-29,11,Congé payé,Oui,R&D
15027,1543,2022,7,2022-07-27,2022-08-03,8,sick leave,Oui,Finance
10425,3398,2023,6,2023-06-20,2023-06-22,3,paid leave,Oui,Informatique
14082,1924,2023,9,2023-09-12,2023-09-30,19,Maternité/Paternité,Oui,Informatique
15873,1501,2023,12,2023-12-03,2023-12-08,6,paid leave,Oui,R&D
12261,2060,2023,8,2023-08-11,2023-08-23,13,Absence injustifiée,Non,Logistique
14348,1470,2023,12,2023-12-13,2023-12-15,3,RTT,Oui,RH
11202,2414,2024,5,2024-05-02,2024-05-16,15,Congé sans solde,Oui,Finance
15973,1481,2023,6,2023-06-18,2023-06-21,4,Maternité/Paternité,Oui,Marketing
11067,1178,2024,4,2024-04-28,2024-05-04,7,Congé payé,Oui,Marketing
13815,2527,2022,4,2022-04-24,2022-04-24,1,Maladie,Oui,Opérations
14304,3274,2023,10,2023-10-16,2023-10-16,1,Enfant malade,Oui,Marketing
10273,1218,2023,7,2023-07-20,2023-07-25,6,Congé payé,Oui,Juridique
10328,1481,2024,3,2024-03-25,2024-04-08,15,Absence injustifiée,Non,Marketing
12905,3287,2023,3,2023-03-20,2023-03-25,6,Congé payé,Oui,Commercial
12666,2930,2022,7,2022-07-08,2022-07-15,8,Maladie,Oui,Logistique
11189,3136,2024,7,2024-07-15,2024-07-18,4,Congé payé,Oui,Finance
14823,1959,2023,9,2023-09-11,2023-09-15,5,RTT,Oui,Commercial
10640,1616,2023,10,2023-10-08,2023-10-26,19,Congé sans solde,Oui,Finance
11467,2485,2023,3,2023-03-15,2023-03-31,17,Congé payé,Oui,R&D
12742,1470,2024,1,2024-01-28,2024-02-09,13,Formation,Oui,RH
13695,3316,2022,1,2022-01-05,2022-01-14,10,Congé payé,Oui,RH
15524,1957,2023,12,2023-12-02,2023-12-11,10,paid leave,Oui,Finance
10447,1494,2023,6,2023-06-02,2023-06-17,16,Maladie,Oui,Opérations
15583,2956,2024,10,2024-10-26,2024-11-14,20,Formation,Oui,Informatique
11191,1752,2022,10,2022-10-27,2022-10-30,4,Congé payé,Oui,Juridique
13539,3333,2023,9,2023-09-28,2023-10-07,10,paid leave,Oui,Juridique
10599,1921,2024,7,2024-07-05,2024-07-13,9,Absence injustifiée,Non,Opérations
13025,1266,2024,11,2024-11-26,2024-11-27,2,Formation,Oui,RH
14715,3223,2024,10,2024-10-06,2024-10-26,21,Maladie,Oui,Finance
11861,3117,2023,6,2023-06-28,2023-07-07,10,Congé payé,Oui,Commercial
10414,1949,2023,4,2023-04-26,2023-04-26,1,sick leave,Oui,Marketing
10922,1301,2023,12,2023-12-02,2023-12-22,21,paid leave,Oui,Commercial
11315,2715,2022,12,2022-12-04,2022-12-06,3,Maladie,Oui,Direction
10785,2283,2024,7,2024-07-22,2024-08-04,14,Accident du travail,Oui,Opérations
13347,2630,2023,8,2023-08-11,2023-08-12,2,Formation,Oui,Finance
13091,1212,2022,7,2022-07-03,2022-07-11,9,Congé payé,Oui,R&D
13637,2630,2023,1,2023-01-08,2023-01-09,2,RTT,Oui,Finance
12314,1470,2024,9,2024-09-28,2024-09-30,3,RTT,Oui,RH
12114,2012,2024,4,2024-04-03,2024-04-10,8,RTT,Oui,R&D
13736,2764,2022,12,2022-12-17,2022-12-30,14,Maladie,Oui,Opérations
10827,2452,2023,3,2023-03-18,2023-04-06,20,Absence injustifiée,Non,Direction
16006,1924,2023,12,2023-12-19,2023-12-22,4,RTT,Oui,Informatique
10083,2945,2022,8,2022-08-21,2022-08-22,-2,Maladie,Oui,R&D
12540,2016,2023,11,2023-11-06,2023-11-23,18,paid leave,Oui,RH
11860,3099,2022,10,2022-10-10,2022-10-16,7,Accident du travail,Oui,Commercial
14139,2122,2024,2,2024-02-10,2024-02-18,9,Absence injustifiée,Non,Management
11148,1255,2022,1,2022-01-20,2022-01-21,2,paid leave,Oui,R&D
12970,1300,2022,2,2022-02-03,2022-02-16,14,Congé payé,Oui,Commercial
14097,3357,2024,10,2024-10-08,2024-10-08,1,Congé payé,Oui,Juridique
12700,1524,2023,10,2023-10-07,2023-10-20,14,Maternité/Paternité,Oui,Marketing
10398,2452,2022,11,2022-11-12,2022-11-23,12,Congé sans solde,Oui,Direction
14317,1298,2024,7,2024-07-14,2024-07-29,16,Maladie,Oui,R&D
12857,2217,2024,11,2024-11-10,2024-11-27,18,Congé sans solde,Oui,Commercial
14190,3289,2022,5,2022-05-24,2022-06-05,13,Formation,Oui,Marketing
10090,1770,2024,7,2024-07-25,2024-07-26,2,RTT,Oui,R&D
11128,1743,2024,12,2024-12-06,2024-12-15,10,Congé payé,Oui,Marketing
12990,3292,2024,12,2024-12-14,2025-01-03,21,Enfant malade,Oui,RH
12259,1677,2023,4,2023-04-28,2023-05-02,5,sick leave,Oui,RH
10729,2755,2024,12,2024-12-19,2025-01-08,21,Congé payé,Oui,Informatique
14110,2296,2023,2,2023-02-12,2023-02-12,1,Congé payé,Oui,RH
15936,3189,2024,8,2024-08-22,2024-09-03,13,Congé sans solde,Oui,Finance
10360,1812,2023,11,2023-11-27,2023-11-27,1,Maladie,Oui,Juridique
10391,3123,2022,9,2022-09-21,2022-10-01,11,Maternité/Paternité,Oui,Commercial
15833,2010,2023,1,2023-01-04,2023-01-09,6,Maladie,Oui,Informatique
10114,3184,2023,5,2023-05-20,2023-06-07,19,Congé payé,Oui,Juridique
11186,2126,2023,9,2023-09-15,2023-09-20,6,Maternité/Paternité,Oui,Opérations
11719,1677,2022,6,2022-06-04,2022-06-07,4,Maladie,Oui,RH
12914,2283,2024,4,2024-04-28,2024-05-18,21,Congé sans solde,Oui,Opérations
10245,2183,2022,3,2022-03-05,2022-03-23,19,Maternité/Paternité,Oui,Direction
13588,3139,2022,1,2022-01-19,2022-01-20,2,Maladie,Oui,Finance
12936,1959,2024,6,2024-06-19,2024-07-01,13,RTT,Oui,Commercial
11406,2122,2022,7,2022-07-07,2022-07-07,1,Congé payé,Oui,Management
14427,1543,2023,1,2023-01-11,2023-01-22,12,sick leave,Oui,Finance
14402,1416,2023,7,2023-07-02,2023-07-06,5,sick leave,Oui,R&D
11753,2321,2022,12,2022-12-04,2022-12-10,7,Formation,Oui,Informatique
10040,1669,2023,7,2023-07-12,2023-07-07,-6,Maladie,Oui,Juridique
13123,1709,2022,10,2022-10-20,2022-11-03,15,Maternité/Paternité,Oui,R&D
15839,2317,2023,7,2023-07-20,2023-08-05,17,Accident du travail,Oui,Opérations
10252,2673,2023,4,2023-04-12,2023-04-19,8,Maladie,Oui,Logistique
13584,2217,2024,6,2024-06-08,2024-06-28,21,Maternité/Paternité,Oui,Commercial
14749,1934,2024,11,2024-11-04,2024-11-10,7,Formation,Oui,Direction
13581,1194,2024,8,2024-08-09,2024-08-27,19,paid leave,Oui,R&D
15393,2939,2022,8,2022-08-25,2022-09-11,18,Formation,Oui,R&D
10049,2136,2023,4,2023-04-17,2023-04-11,-7,sick leave,Oui,Juridique
11915,2344,2023,12,2023-12-10,2023-12-12,3,RTT,Oui,R&D
14473,1862,2023,1,2023-01-11,2023-01-24,14,Congé payé,Oui,RH
14709,2061,2022,11,2022-11-24,2022-11-29,6,Absence injustifiée,Non,Direction
14814,2321,2024,3,2024-03-19,2024-04-06,19,Maladie,Oui,Informatique
13142,1616,2022,11,2022-11-09,2022-11-25,17,Congé sans solde,Oui,Finance
15029,1765,2022,1,2022-01-02,2022-01-22,21,Congé sans solde,Oui,Commercial
14776,2330,2022,12,2022-12-10,2022-12-21,12,Maladie,Oui,RH
11999,1256,2024,10,2024-10-11,2024-10-14,4,RTT,Oui,Logistique
10888,3056,2023,8,2023-08-08,2023-08-21,14,RTT,Oui,Marketing
13518,1881,2022,9,2022-09-26,2022-09-27,2,Congé payé,Oui,Direction
13038,3274,2023,2,2023-02-27,2023-03-11,13,Maladie,Oui,Marketing
13703,2134,2022,8,2022-08-15,2022-08-27,13,Maladie,Oui,Direction
10307,1333,2022,2,2022-02-12,2022-02-24,13,Congé payé,Oui,R&D
13214,3187,2024,12,2024-12-10,2024-12-26,17,Congé sans solde,Oui,Juridique
11967,2617,2023,8,2023-08-01,2023-08-05,5,paid leave,Oui,Opérations
13823,1290,2022,4,2022-04-27,2022-05-16,20,Maladie,Oui,Informatique
13267,3106,2024,12,2024-12-17,2024-12-31,15,Congé payé,Oui,R&D
12815,2527,2022,4,2022-04-18,2022-05-08,21,sick leave,Oui,Opérations
10119,2813,2022,11,2022-11-13,2022-12-01,19,Maladie,Oui,Finance
11731,1742,2024,4,2024-04-15,2024-04-17,3,Congé sans solde,Oui,Informatique
12313,2971,2024,8,2024-08-02,2024-08-07,6,Maladie,Oui,Opérations
14538,1566,2024,3,2024-03-06,2024-03-18,13,RTT,Oui,Informatique
14930,1533,2023,2,2023-02-06,2023-02-09,4,Accident du travail,Oui,Logistique
13406,1681,2022,10,2022-10-14,2022-10-27,14,Maladie,Oui,Logistique
10224,1513,2022,1,2022-01-16,2022-01-27,12,Congé payé,Oui,Informatique
13154,3029,2022,6,2022-06-11,2022-06-11,1,Maternité/Paternité,Oui,Commercial
13244,1044,2022,6,2022-06-15,2022-06-30,16,Congé payé,Oui,Marketing
11341,3239,2023,3,2023-03-08,2023-03-28,21,RTT,Oui,Finance
12153,2122,2023,4,2023-04-18,2023-05-03,16,Congé payé,Oui,Management
14198,2344,2022,3,2022-03-21,2022-04-02,13,Maladie,Oui,R&D
11203,2196,2022,3,2022-03-08,2022-03-11,4,Maladie,Oui,Commercial
11043,2295,2023,2,2023-02-08,2023-02-15,8,Congé payé,Oui,Informatique
12886,1255,2023,4,2023-04-01,2023-04-05,5,Maternité/Paternité,Oui,R&D
14867,1677,2023,8,2023-08-19,2023-08-24,6,Enfant malade,Oui,RH
15644,1421,2023,11,2023-11-09,2023-11-26,18,Maladie,Oui,Finance
13552,1212,2024,1,2024-01-26,2024-01-31,6,Congé payé,Oui,R&D
15207,2574,2023,11,2023-11-12,2023-12-02,21,Accident du travail,Oui,Juridique
14558,2761,2023,1,2023-01-19,2023-01-28,10,sick leave,Oui,Informatique
11561,2765,2023,3,2023-03-15,2023-03-29,15,Absence injustifiée,Non,RH
12873,1983,2023,6,2023-06-01,2023-06-11,11,Absence injustifiée,Non,Finance
11870,2360,2024,12,2024-12-15,2024-12-30,16,Maternité/Paternité,Oui,RH
14118,1331,2022,6,2022-06-28,2022-07-02,5,Maladie,Oui,Juridique
15647,1681,2023,11,2023-11-25,2023-12-03,9,Maladie,Oui,Logistique
14807,2916,2023,9,2023-09-05,2023-09-06,2,Maladie,Oui,Commercial
10522,1898,2023,5,2023-05-22,2023-05-28,7,RTT,Oui,Opérations
14935,1228,2023,4,2023-04-14,2023-04-28,15,Congé payé,Oui,Informatique
10930,1655,2023,11,2023-11-02,2023-11-15,14,Enfant malade,Oui,Commercial
15656,1684,2022,12,2022-12-15,2022-12-23,9,Congé payé,Oui,R&D
11511,2488,2023,8,2023-08-05,2023-08-10,6,RTT,Oui,Finance
13598,2648,2024,3,2024-03-18,2024-04-07,21,Absence injustifiée,Non,Direction
16015,1812,2022,6,2022-06-16,2022-06-16,1,paid leave,Oui,Juridique
10246,1127,2023,11,2023-11-15,2023-12-01,17,Absence injustifiée,Non,Marketing
12131,2165,2024,11,2024-11-07,2024-11-26,20,Absence injustifiée,Non,RH
14170,2575,2024,3,2024-03-10,2024-03-13,4,Congé sans solde,Oui,Commercial
14705,2977,2023,8,2023-08-07,2023-08-27,21,Maladie,Oui,Commercial
12691,1228,2023,12,2023-12-19,2024-01-01,14,Maladie,Oui,Informatique
12661,3189,2023,6,2023-06-11,2023-06-19,9,sick leave,Oui,Finance
10794,2613,2023,12,2023-12-05,2023-12-07,3,Congé sans solde,Oui,Marketing
15153,2743,2022,1,2022-01-05,2022-01-10,6,paid leave,Oui,Opérations
13424,1399,2022,12,2022-12-26,2023-01-13,19,paid leave,Oui,Juridique
12358,2428,2022,1,2022-01-26,2022-02-14,20,Maladie,Oui,Juridique
11873,1616,2022,9,2022-09-16,2022-10-01,16,Formation,Oui,Finance
15190,2221,2022,4,2022-04-11,2022-04-24,14,Congé payé,Oui,R&D
11422,2453,2022,5,2022-05-27,2022-06-10,15,sick leave,Oui,RH
10588,3281,2024,8,2024-08-11,2024-08-22,12,Congé payé,Oui,Finance
14260,1735,2024,9,2024-09-14,2024-09-29,16,Enfant malade,Oui,Juridique
10412,2448,2023,8,2023-08-25,2023-08-25,1,Maternité/Paternité,Oui,Logistique
14178,1996,2022,8,2022-08-14,2022-08-30,17,Formation,Oui,Marketing
12190,1232,2024,7,2024-07-27,2024-07-29,3,Congé payé,Oui,Marketing
13499,3204,2024,2,2024-02-10,2024-02-24,15,Formation,Oui,Direction
10407,2705,2022,12,2022-12-10,2022-12-27,18,Absence injustifiée,Non,Logistique
14146,1252,2024,6,2024-06-20,2024-07-09,20,Maladie,Oui,Juridique
10166,2343,2023,6,2023-06-11,2023-06-15,5,Absence injustifiée,Non,Marketing
10123,3292,2024,11,2024-11-21,2024-12-11,21,Congé payé,Oui,RH
15343,3289,2023,8,2023-08-20,2023-08-27,8,Congé payé,Oui,Marketing
12113,1710,2024,8,2024-08-23,2024-08-23,1,Maladie,Oui,Opérations
14446,2909,2023,7,2023-07-03,2023-07-14,12,Maladie,Oui,RH
12205,1710,2024,5,2024-05-22,2024-06-11,21,Congé payé,Oui,Opérations
10707,2187,2024,2,2024-02-26,2024-03-01,5,Accident du travail,Oui,RH
13905,2046,2022,7,2022-07-17,2022-08-05,20,Absence injustifiée,Non,Direction
10726,2813,2022,8,2022-08-05,2022-08-22,18,Congé payé,Oui,Finance
13055,1707,2024,4,2024-04-22,2024-05-06,15,Maternité/Paternité,Oui,Opérations
14227,1300,2023,11,2023-11-25,2023-12-05,11,sick leave,Oui,Commercial
10229,1296,2022,6,2022-06-28,2022-07-17,20,RTT,Oui,Juridique
13694,1127,2022,6,2022-06-16,2022-07-05,20,Absence injustifiée,Non,Marketing
11413,1983,2022,2,2022-02-18,2022-03-01,12,Maladie,Oui,Finance
16108,1485,2023,5,2023-05-24,2023-05-31,7,Maladie,Oui,Direction
10000,2360,2023,5,2023-05-21,2023-05-14,-8,Formation,Oui,RH
10736,1743,2023,12,2023-12-10,2023-12-15,6,Accident du travail,Oui,Marketing
15920,2192,2024,12,2024-12-01,2024-12-05,5,sick leave,Oui,Logistique
16035,2879,2022,10,2022-10-20,2022-10-22,3,Accident du travail,Oui,Finance
15290,3341,2024,7,2024-07-07,2024-07-18,12,Congé sans solde,Oui,RH
10474,3223,2024,11,2024-11-26,2024-11-30,5,sick leave,Oui,Finance
13418,2656,2022,5,2022-05-08,2022-05-22,15,Maladie,Oui,Commercial
12233,1851,2023,8,2023-08-23,2023-09-07,16,Maladie,Oui,Direction
13785,3149,2023,8,2023-08-05,2023-08-08,4,Maladie,Oui,Direction
14918,2939,2023,2,2023-02-18,2023-03-01,12,Maternité/Paternité,Oui,R&D
16044,1051,2024,12,2024-12-20,2025-01-02,14,RTT,Oui,Opérations
14293,2343,2023,12,2023-12-21,2023-12-29,9,Congé payé,Oui,Marketing
13197,1063,2024,3,2024-03-10,2024-03-27,18,Maladie,Oui,Finance
13842,2690,2022,10,2022-10-17,2022-11-01,16,Maladie,Oui,Commercial
14152,2488,2022,12,2022-12-11,2022-12-28,18,Maladie,Oui,Finance
11526,1051,2022,11,2022-11-06,2022-11-23,18,Congé payé,Oui,Opérations
15662,1937,2022,8,2022-08-14,2022-08-20,7,Maternité/Paternité,Oui,Informatique
14577,2009,2022,8,2022-08-23,2022-09-05,14,paid leave,Oui,Finance
15899,1971,2024,11,2024-11-21,2024-12-07,17,Maladie,Oui,Logistique
13330,1662,2024,3,2024-03-02,2024-03-19,18,Enfant malade,Oui,Direction
10546,1669,2024,7,2024-07-11,2024-07-31,21,Accident du travail,Oui,Juridique
16076,2495,2023,12,2023-12-09,2023-12-18,10,Maladie,Oui,Juridique
12733,3187,2024,11,2024-11-22,2024-11-24,3,Congé payé,Oui,Juridique
10162,2755,2022,2,2022-02-06,2022-02-19,14,Absence injustifiée,Non,Informatique
14550,2091,2024,4,2024-04-14,2024-04-26,13,Formation,Oui,Direction
14117,1898,2023,4,2023-04-15,2023-04-19,5,Maladie,Oui,Opérations
12732,1256,2024,2,2024-02-10,2024-02-24,15,Maternité/Paternité,Oui,Logistique
14910,1482,2023,1,2023-01-03,2023-01-17,15,sick leave,Oui,Juridique
10954,2673,2024,6,2024-06-16,2024-06-30,15,Congé sans solde,Oui,Logistique
13727,2155,2022,6,2022-06-10,2022-06-29,20,sick leave,Oui,Informatique
13161,2976,2022,6,2022-06-10,2022-06-21,12,Enfant malade,Oui,RH
11044,1824,2023,9,2023-09-14,2023-09-15,2,RTT,Oui,Marketing
15370,3315,2022,7,2022-07-18,2022-07-22,5,Maladie,Oui,Commercial
13501,2136,2023,6,2023-06-11,2023-06-15,5,Maternité/Paternité,Oui,Juridique
11993,2120,2022,10,2022-10-28,2022-11-06,10,Maladie,Oui,RH
13220,2502,2022,5,2022-05-17,2022-05-28,12,RTT,Oui,RH
13390,2495,2022,10,2022-10-08,2022-10-15,8,Enfant malade,Oui,Juridique
11741,2754,2024,1,2024-01-22,2024-02-08,18,Congé payé,Oui,Opérations
15388,2715,2023,2,2023-02-21,2023-03-10,18,Enfant malade,Oui,Direction
11939,3271,2022,4,2022-04-14,2022-04-28,15,Formation,Oui,Finance
10417,3316,2024,1,2024-01-25,2024-01-31,7,Maladie,Oui,RH
14025,2822,2022,3,2022-03-06,2022-03-19,14,Enfant malade,Oui,Marketing
12315,2036,2022,5,2022-05-13,2022-06-01,20,Enfant malade,Oui,Informatique
14069,2879,2023,4,2023-04-27,2023-05-06,10,RTT,Oui,Finance
11680,1544,2023,2,2023-02-23,2023-03-05,11,Formation,Oui,Direction
13083,2157,2024,2,2024-02-10,2024-03-01,21,paid leave,Oui,Logistique
12211,3333,2023,12,2023-12-10,2023-12-19,10,Formation,Oui,Juridique
13872,1957,2022,6,2022-06-22,2022-07-11,20,Accident du travail,Oui,Finance
13466,3062,2022,7,2022-07-22,2022-07-23,2,Accident du travail,Oui,Informatique
16131,3173,2024,7,2024-07-15,2024-07-31,18,RTT,Oui,Commercial
15034,3256,2024,1,2024-01-24,2024-02-04,12,Formation,Oui,Opérations
15017,1482,2022,6,2022-06-12,2022-06-22,11,Maternité/Paternité,Oui,Juridique
13391,1707,2024,9,2024-09-07,2024-09-11,5,RTT,Oui,Opérations
14735,2445,2022,2,2022-02-08,2022-02-11,4,Enfant malade,Oui,Logistique
10978,3289,2022,3,2022-03-23,2022-04-04,13,RTT,Oui,Marketing
15597,1550,2022,9,2022-09-24,2022-10-01,8,Congé payé,Oui,Marketing
11086,1677,2023,1,2023-01-02,2023-01-09,8,Congé sans solde,Oui,RH
14523,1949,2024,2,2024-02-01,2024-02-07,7,Maladie,Oui,Marketing
15237,1275,2024,7,2024-07-04,2024-07-09,6,Absence injustifiée,Non,Logistique
13907,1548,2023,8,2023-08-09,2023-08-12,4,Formation,Oui,Commercial
14751,3076,2023,5,2023-05-25,2023-06-12,19,Maladie,Oui,Commercial
14761,1296,2022,7,2022-07-28,2022-08-03,7,Maternité/Paternité,Oui,Juridique
10700,2712,2022,5,2022-05-09,2022-05-28,20,Formation,Oui,Logistique
13608,1934,2023,12,2023-12-02,2023-12-15,14,Congé payé,Oui,Direction
10608,3251,2022,6,2022-06-21,2022-06-23,3,Maladie,Oui,R&D
10028,2192,2023,10,2023-10-05,2023-09-27,-9,Congé payé,Oui,Logistique
10419,1796,2024,12,2024-12-17,2025-01-04,19,Congé payé,Oui,Marketing
11688,2218,2023,9,2023-09-19,2023-10-03,15,Formation,Oui,Logistique
15050,3029,2022,7,2022-07-03,2022-07-23,21,Congé payé,Oui,Commercial
11765,2120,2024,11,2024-11-20,2024-11-20,1,Maternité/Paternité,Oui,RH
16038,1523,2024,11,2024-11-11,2024-11-14,4,Congé sans solde,Oui,Marketing
10234,1412,2024,10,2024-10-04,2024-10-08,5,Enfant malade,Oui,Opérations
16114,1298,2022,5,2022-05-04,2022-05-08,4,paid leave,Oui,R&D
16119,2772,2022,7,2022-07-27,2022-07-30,3,Enfant malade,Oui,Marketing
14268,2565,2022,3,2022-03-17,2022-04-04,19,Enfant malade,Oui,Informatique
12035,3061,2024,10,2024-10-16,2024-11-05,21,RTT,Oui,R&D
11952,1409,2023,12,2023-12-07,2023-12-19,13,Maladie,Oui,Logistique
13669,1311,2023,1,2023-01-23,2023-01-29,7,Accident du travail,Oui,Opérations
15380,1548,2024,8,2024-08-28,2024-08-28,1,Maladie,Oui,Commercial
14128,1298,2024,3,2024-03-17,2024-03-31,15,Formation,Oui,R&D
11522,1177,2023,1,2023-01-19,2023-02-06,19,sick leave,Oui,RH
14358,2138,2024,3,2024-03-02,2024-03-16,15,Congé payé,Oui,Direction
14655,2527,2024,8,2024-08-15,2024-08-25,11,Absence injustifiée,Non,Opérations
13704,2613,2024,3,2024-03-08,2024-03-11,4,Enfant malade,Oui,Marketing
14112,1754,2023,11,2023-11-12,2023-11-24,13,Absence injustifiée,Non,Finance
12411,2776,2024,5,2024-05-07,2024-05-16,10,Maladie,Oui,Juridique
14653,1127,2022,8,2022-08-19,2022-08-26,8,Maladie,Oui,Marketing
10311,2939,2022,1,2022-01-05,2022-01-15,11,Maternité/Paternité,Oui,R&D
11292,1271,2024,10,2024-10-12,2024-10-23,12,paid leave,Oui,Juridique
11114,1524,2024,11,2024-11-20,2024-11-23,4,Enfant malade,Oui,Marketing
12333,3321,2022,2,2022-02-23,2022-03-04,10,Absence injustifiée,Non,Juridique
14258,1712,2024,4,2024-04-01,2024-04-20,20,Absence injustifiée,Non,Juridique
12618,2502,2022,3,2022-03-15,2022-03-18,4,sick leave,Oui,RH
14619,1924,2022,3,2022-03-23,2022-04-01,10,RTT,Oui,Informatique
12322,1444,2023,10,2023-10-09,2023-10-21,13,Congé payé,Oui,Commercial
12989,2485,2023,5,2023-05-21,2023-05-26,6,paid leave,Oui,R&D
14274,3239,2022,2,2022-02-01,2022-02-11,11,Congé sans solde,Oui,Finance
10272,2165,2022,3,2022-03-04,2022-03-11,8,RTT,Oui,RH
15866,2015,2022,1,2022-01-24,2022-01-24,1,sick leave,Oui,RH
15359,3256,2023,6,2023-06-26,2023-06-29,4,Maladie,Oui,Opérations
15672,1485,2023,1,2023-01-17,2023-01-24,8,RTT,Oui,Direction
11388,1327,2024,2,2024-02-03,2024-02-09,7,Congé sans solde,Oui,RH
11282,2525,2022,4,2022-04-03,2022-04-11,9,Absence injustifiée,Non,Operations
14972,3204,2022,4,2022-04-26,2022-05-14,19,Maladie,Oui,Direction
12575,2012,2024,11,2024-11-06,2024-11-24,19,Congé sans solde,Oui,R&D
14238,2165,2022,2,2022-02-23,2022-02-27,5,Accident du travail,Oui,RH
14201,2262,2024,6,2024-06-09,2024-06-27,19,Accident du travail,Oui,Commercial
10519,3173,2024,3,2024-03-02,2024-03-11,10,Maternité/Paternité,Oui,Commercial
12975,3149,2024,1,2024-01-16,2024-01-22,7,paid leave,Oui,Direction
11908,2040,2022,12,2022-12-25,2023-01-09,16,RTT,Oui,Opérations
11423,2945,2024,10,2024-10-14,2024-10-21,8,Accident du travail,Oui,R&D
13816,2765,2024,2,2024-02-28,2024-03-08,10,Maternité/Paternité,Oui,RH
14148,3172,2024,2,2024-02-27,2024-03-11,14,Congé payé,Oui,Marketing
12966,1619,2022,6,2022-06-03,2022-06-13,11,Enfant malade,Oui,Opérations
12998,1340,2023,2,2023-02-23,2023-03-02,8,Accident du travail,Oui,RH
10256,1904,2024,6,2024-06-15,2024-07-05,21,Congé sans solde,Oui,Marketing
14322,2865,2024,8,2024-08-25,2024-09-13,20,Accident du travail,Oui,Marketing
11227,2289,2023,11,2023-11-08,2023-11-26,19,Maladie,Oui,Marketing
13066,1421,2024,8,2024-08-17,2024-08-22,6,RTT,Oui,Finance
15008,2314,2023,11,2023-11-27,2023-12-16,20,Congé sans solde,Oui,Finance
14880,1897,2024,11,2024-11-24,2024-12-11,18,Enfant malade,Oui,Opérations
15507,2630,2022,5,2022-05-25,2022-05-30,6,Congé payé,Oui,Finance
10679,1256,2022,12,2022-12-22,2022-12-31,10,Enfant malade,Oui,Logistique
12711,3392,2022,8,2022-08-16,2022-08-22,7,Maternité/Paternité,Oui,Marketing
13641,2150,2022,3,2022-03-02,2022-03-04,3,RTT,Oui,Finance
15829,3318,2022,10,2022-10-21,2022-11-10,21,RTT,Oui,Juridique
10981,1576,2024,3,2024-03-01,2024-03-03,3,RTT,Oui,Juridique
14213,3251,2024,11,2024-11-19,2024-11-24,6,Congé payé,Oui,R&D
13015,2322,2024,12,2024-12-19,2025-01-04,17,Maladie,Oui,RH
11794,2296,2022,12,2022-12-08,2022-12-13,6,Maternité/Paternité,Oui,RH
10060,1983,2024,6,2024-06-01,2024-06-10,-10,RTT,Oui,Finance
14394,3324,2022,3,2022-03-27,2022-04-15,20,Congé payé,Oui,R&D
14513,1898,2023,6,2023-06-16,2023-07-06,21,RTT,Oui,Opérations
11517,2806,2022,12,2022-12-02,2022-12-10,9,Congé sans solde,Oui,Direction
16061,1927,2024,11,2024-11-26,2024-12-05,10,paid leave,Oui,Informatique
13086,1524,2024,6,2024-06-27,2024-06-28,2,Maladie,Oui,Marketing
10185,1921,2023,12,2023-12-08,2023-12-15,8,Absence injustifiée,Non,Opérations
15580,2150,2022,6,2022-06-22,2022-07-08,17,Congé sans solde,Oui,Finance
14783,1971,2024,7,2024-07-28,2024-08-17,21,RTT,Oui,Logistique
11008,2081,2023,8,2023-08-16,2023-08-17,2,RTT,Oui,Finance
13712,1533,2023,2,2023-02-03,2023-02-07,5,Maladie,Oui,Logistique
11579,3156,2022,2,2022-02-12,2022-02-20,9,Maternité/Paternité,Oui,Informatique
15414,1976,2023,3,2023-03-06,2023-03-11,6,Maladie,Oui,Marketing
16004,1533,2022,10,2022-10-16,2022-10-28,13,Formation,Oui,Logistique
13757,1775,2023,5,2023-05-26,2023-06-08,14,Formation,Oui,R&D
12482,2510,2023,5,2023-05-03,2023-05-23,21,Congé payé,Oui,Marketing
10193,1254,2023,11,2023-11-27,2023-12-14,18,Congé sans solde,Oui,Finance
13844,3117,2023,3,2023-03-19,2023-03-26,8,Maladie,Oui,Commercial
11783,1255,2023,7,2023-07-01,2023-07-10,10,Congé payé,Oui,R&D
15496,3392,2024,1,2024-01-08,2024-01-25,18,Enfant malade,Oui,Marketing
11016,2754,2024,1,2024-01-22,2024-01-23,2,RTT,Oui,Opérations
12800,2939,2024,8,2024-08-12,2024-08-26,15,Maternité/Paternité,Oui,R&D
13207,1712,2024,7,2024-07-17,2024-07-18,2,Formation,Oui,Juridique
11877,1217,2023,8,2023-08-08,2023-08-10,3,Maladie,Oui,Direction
13471,1296,2023,8,2023-08-14,2023-08-21,8,Congé sans solde,Oui,Juridique
13065,2333,2022,1,2022-01-13,2022-01-26,14,RTT,Oui,Marketing
13633,1544,2024,11,2024-11-06,2024-11-22,17,RTT,Oui,Direction
12525,1966,2022,8,2022-08-03,2022-08-21,19,Absence injustifiée,Non,Logistique
15446,1934,2024,7,2024-07-19,2024-07-25,7,Congé payé,Oui,Direction
13910,1561,2024,7,2024-07-02,2024-07-02,1,Maladie,Oui,Legal
14628,2321,2024,2,2024-02-01,2024-02-16,16,Maternité/Paternité,Oui,Informatique
14676,1616,2024,4,2024-04-10,2024-04-11,2,paid leave,Oui,Finance
10949,1898,2023,4,2023-04-04,2023-04-23,20,Maladie,Oui,Opérations
13052,2118,2024,2,2024-02-18,2024-02-19,2,Congé payé,Oui,Opérations
11439,1393,2024,7,2024-07-03,2024-07-16,14,Maternité/Paternité,Oui,Logistique
15832,2442,2022,11,2022-11-06,2022-11-15,10,Maladie,Oui,Logistique
12670,3333,2024,4,2024-04-02,2024-04-14,13,RTT,Oui,Juridique
12958,3123,2022,1,2022-01-10,2022-01-28,19,Accident du travail,Oui,Commercial
12167,1824,2024,7,2024-07-26,2024-08-07,13,sick leave,Oui,Marketing
10238,3315,2024,8,2024-08-18,2024-08-24,7,Maladie,Oui,Commercial
15725,2068,2024,9,2024-09-09,2024-09-10,2,sick leave,Oui,R&D
14569,1527,2023,2,2023-02-23,2023-03-07,13,RTT,Oui,Informatique
15113,2058,2022,4,2022-04-08,2022-04-18,11,Maternité/Paternité,Oui,Juridique
11397,1271,2024,2,2024-02-07,2024-02-11,5,Enfant malade,Oui,Juridique
12149,1255,2024,9,2024-09-15,2024-10-05,21,Congé payé,Oui,R&D
12117,1217,2023,4,2023-04-23,2023-04-26,4,Congé payé,Oui,Direction
14374,2813,2022,9,2022-09-09,2022-09-16,8,Accident du travail,Oui,Finance
16028,1024,2024,8,2024-08-05,2024-08-23,19,paid leave,Oui,Juridique
15984,2452,2022,4,2022-04-06,2022-04-13,8,Congé payé,Oui,Direction
12890,2651,2022,11,2022-11-19,2022-12-04,16,Congé payé,Oui,R&D
11172,1254,2022,5,2022-05-20,2022-06-08,20,paid leave,Oui,Finance
15009,1904,2022,12,2022-12-04,2022-12-08,5,Maladie,Oui,Marketing
10903,2343,2024,10,2024-10-15,2024-10-22,8,Maladie,Oui,Marketing
13088,1300,2022,1,2022-01-25,2022-02-04,11,Accident du travail,Oui,Commercial
10721,1746,2023,6,2023-06-27,2023-07-03,7,Congé payé,Oui,Finance
11630,1494,2024,2,2024-02-20,2024-02-20,1,Maladie,Oui,Opérations
11448,3263,2023,6,2023-06-24,2023-06-27,4,sick leave,Oui,Informatique
10015,2772,2024,9,2024-09-22,2024-09-20,-3,Congé payé,Oui,Marketing
13663,1709,2023,4,2023-04-03,2023-04-18,16,RTT,Oui,R&D
14725,1194,2024,9,2024-09-21,2024-10-01,11,Enfant malade,Oui,R&D
10952,2036,2023,3,2023-03-06,2023-03-12,7,Maladie,Oui,Informatique
10355,1513,2023,11,2023-11-15,2023-11-25,11,Congé payé,Oui,Informatique
12543,1128,2024,3,2024-03-18,2024-03-18,1,Maternité/Paternité,Oui,Direction
12321,1218,2022,7,2022-07-05,2022-07-15,11,Maladie,Oui,Juridique
14116,2721,2024,4,2024-04-19,2024-04-22,4,RTT,Oui,Opérations
10977,1281,2023,7,2023-07-17,2023-07-31,15,Maladie,Oui,Direction
10790,1881,2023,7,2023-07-06,2023-07-10,5,paid leave,Oui,Direction
11317,1214,2024,8,2024-08-28,2024-09-14,18,Congé payé,Oui,R&D
15652,2684,2023,8,2023-08-07,2023-08-14,8,paid leave,Oui,Direction
13648,2535,2022,10,2022-10-05,2022-10-08,4,Maternité/Paternité,Oui,Direction
12541,2945,2022,8,2022-08-11,2022-08-13,3,Maternité/Paternité,Oui,R&D
16070,1735,2022,1,2022-01-10,2022-01-17,8,paid leave,Oui,Juridique
13270,2061,2023,5,2023-05-20,2023-06-08,20,Enfant malade,Oui,Direction
14449,1843,2024,12,2024-12-21,2025-01-06,17,Accident du travail,Oui,Opérations
14727,2712,2023,2,2023-02-14,2023-02-18,5,Enfant malade,Oui,Logistique
12156,3288,2024,10,2024-10-09,2024-10-12,4,Enfant malade,Oui,RH
10996,2132,2023,2,2023-02-05,2023-02-25,21,sick leave,Oui,RH
16113,1709,2024,11,2024-11-03,2024-11-17,15,Maternité/Paternité,Oui,R&D
15149,1155,2023,2,2023-02-02,2023-02-05,4,RTT,Oui,Direction
11023,2721,2024,1,2024-01-18,2024-02-06,20,Formation,Oui,Opérations
14058,1427,2023,2,2023-02-07,2023-02-11,5,RTT,Oui,Legal
14752,2097,2023,4,2023-04-12,2023-04-12,1,Maladie,Oui,Logistique
11064,2173,2022,5,2022-05-14,2022-05-24,11,Maladie,Oui,Direction
14257,1403,2022,6,2022-06-14,2022-06-23,10,Maladie,Oui,Opérations
12331,1421,2022,12,2022-12-01,2022-12-01,1,RTT,Oui,Finance
12639,1957,2024,7,2024-07-13,2024-07-21,9,Accident du travail,Oui,Finance
12415,1709,2023,4,2023-04-09,2023-04-23,15,paid leave,Oui,R&D
13377,2956,2022,8,2022-08-17,2022-08-23,7,Enfant malade,Oui,Informatique
11446,2625,2024,3,2024-03-27,2024-04-15,20,Maladie,Oui,Commercial
10933,2046,2023,7,2023-07-18,2023-08-05,19,RTT,Oui,Direction
14228,3173,2024,9,2024-09-17,2024-10-07,21,Maternité/Paternité,Oui,Commercial
15530,1217,2024,10,2024-10-23,2024-11-02,11,Accident du travail,Oui,Direction
16116,3293,2023,5,2023-05-07,2023-05-07,2,Maladie,Oui,Finance
11498,3264,2022,3,2022-03-10,2022-03-13,4,Maladie,Oui,R&D
16040,2155,2023,1,2023-01-06,2023-01-17,12,Congé sans solde,Oui,Informatique
15729,3245,2024,5,2024-05-16,2024-05-19,4,Maladie,Oui,Marketing
14131,2414,2024,6,2024-06-18,2024-06-19,2,Maladie,Oui,Finance
13370,1548,2022,3,2022-03-28,2022-04-16,20,Congé payé,Oui,Commercial
10997,1770,2023,7,2023-07-04,2023-07-21,18,RTT,Oui,R&D
15771,1399,2023,7,2023-07-15,2023-07-25,11,paid leave,Oui,Juridique
10121,2535,2023,11,2023-11-26,2023-12-12,17,Maladie,Oui,Direction
13437,3096,2023,7,2023-07-18,2023-08-05,19,Congé payé,Oui,Logistique
14647,1669,2024,6,2024-06-23,2024-07-02,10,Congé payé,Oui,Juridique
12100,2330,2023,10,2023-10-16,2023-10-20,5,Accident du travail,Oui,RH
12907,1619,2024,2,2024-02-07,2024-02-23,17,RTT,Oui,Opérations
14942,1271,2024,12,2024-12-07,2024-12-18,12,Maladie,Oui,Juridique
13856,1335,2022,8,2022-08-15,2022-08-31,17,RTT,Oui,Sales
14704,1734,2023,8,2023-08-22,2023-09-01,11,sick leave,Oui,Commercial
13852,1743,2024,10,2024-10-18,2024-10-23,6,Congé payé,Oui,Marketing
15772,2453,2022,12,2022-12-11,2022-12-13,3,Formation,Oui,RH
11124,2189,2023,8,2023-08-04,2023-08-12,9,RTT,Oui,RH
10898,1266,2022,7,2022-07-09,2022-07-09,1,Absence injustifiée,Non,RH
15697,1513,2024,11,2024-11-20,2024-12-04,15,Accident du travail,Oui,Informatique
11209,2879,2022,11,2022-11-20,2022-12-05,16,Accident du travail,Oui,Finance
15167,1761,2022,6,2022-06-08,2022-06-27,20,Maladie,Oui,Logistique
15247,1081,2023,9,2023-09-24,2023-10-10,17,Accident du travail,Oui,Juridique
14649,2488,2024,5,2024-05-11,2024-05-25,15,Maladie,Oui,Finance
13211,2221,2024,9,2024-09-02,2024-09-08,7,paid leave,Oui,R&D
10217,1576,2022,2,2022-02-04,2022-02-22,19,RTT,Oui,Juridique
14849,3106,2023,10,2023-10-23,2023-10-26,4,Congé payé,Oui,R&D
11826,3056,2023,3,2023-03-12,2023-03-24,13,Accident du travail,Oui,Marketing
12029,1663,2023,5,2023-05-17,2023-05-31,15,Maladie,Oui,Opérations
14996,1070,2023,5,2023-05-11,2023-05-11,1,Maladie,Oui,Opérations
12558,1681,2023,5,2023-05-09,2023-05-16,8,Formation,Oui,Logistique
14235,3239,2023,8,2023-08-04,2023-08-15,12,paid leave,Oui,Finance
13325,1756,2022,6,2022-06-24,2022-06-24,1,Absence injustifiée,Non,Finance
15018,2165,2022,7,2022-07-26,2022-08-15,21,RTT,Oui,RH
15287,2135,2023,9,2023-09-22,2023-10-10,19,Congé payé,Oui,Finance
15349,1921,2024,7,2024-07-11,2024-07-28,18,Congé sans solde,Oui,Opérations
11070,1561,2023,12,2023-12-16,2024-01-01,17,Congé payé,Oui,Legal
15239,3321,2023,9,2023-09-27,2023-10-07,11,Accident du travail,Oui,Juridique
15291,1425,2024,11,2024-11-01,2024-11-03,3,Congé payé,Oui,Juridique
11271,3152,2022,4,2022-04-10,2022-04-10,1,RTT,Oui,Informatique
11298,2081,2022,1,2022-01-14,2022-02-02,20,Enfant malade,Oui,Finance
14280,1744,2022,5,2022-05-19,2022-05-27,9,RTT,Oui,Direction
15258,1743,2022,3,2022-03-08,2022-03-23,16,RTT,Oui,Marketing
15215,3153,2023,9,2023-09-05,2023-09-15,11,Formation,Oui,Direction
11963,2525,2024,9,2024-09-20,2024-10-10,21,paid leave,Oui,Operations
11684,1290,2023,9,2023-09-25,2023-10-06,12,Congé payé,Oui,Informatique
10644,1782,2022,1,2022-01-01,2022-01-09,9,Formation,Oui,Juridique
12298,1782,2022,12,2022-12-23,2022-12-30,8,Congé payé,Oui,Juridique
13150,1254,2024,1,2024-01-15,2024-01-15,1,Absence injustifiée,Non,Finance
16047,1642,2023,4,2023-04-17,2023-05-04,18,Congé payé,Oui,Juridique
13807,3371,2023,8,2023-08-15,2023-08-18,4,Maternité/Paternité,Oui,Direction
13770,2192,2022,1,2022-01-20,2022-02-03,15,Maladie,Oui,Logistique
12498,2523,2023,7,2023-07-01,2023-07-06,6,RTT,Oui,Marketing
14834,1347,2024,4,2024-04-09,2024-04-16,8,Congé payé,Oui,Marketing
13806,2009,2023,11,2023-11-17,2023-11-25,9,RTT,Oui,Finance
11438,2426,2024,9,2024-09-09,2024-09-17,9,Formation,Oui,Finance
10440,1626,2023,4,2023-04-15,2023-04-25,11,Congé payé,Oui,Commercial
12407,3117,2024,2,2024-02-19,2024-02-22,4,paid leave,Oui,Commercial
10112,3371,2022,8,2022-08-20,2022-09-09,21,RTT,Oui,Direction
13128,2574,2024,8,2024-08-13,2024-08-19,7,Formation,Oui,Juridique
13014,2333,2023,11,2023-11-20,2023-11-25,6,Congé sans solde,Oui,Marketing
13413,3204,2023,8,2023-08-24,2023-09-06,14,Congé sans solde,Oui,Direction
12877,2242,2023,3,2023-03-02,2023-03-10,9,Maternité/Paternité,Oui,Commercial
15248,1273,2024,6,2024-06-28,2024-07-11,14,RTT,Oui,Informatique
15366,1691,2023,3,2023-03-21,2023-03-29,9,Congé payé,Oui,Opérations
14363,1548,2024,8,2024-08-26,2024-09-02,8,sick leave,Oui,Commercial
15975,3024,2024,7,2024-07-28,2024-07-30,3,Maladie,Oui,RH
14192,3392,2024,1,2024-01-09,2024-01-20,12,Congé payé,Oui,Marketing
11394,2565,2022,3,2022-03-23,2022-04-10,19,Enfant malade,Oui,Informatique
15103,2009,2023,3,2023-03-05,2023-03-20,16,Maladie,Oui,Finance
11320,1306,2022,4,2022-04-28,2022-05-07,10,Congé payé,Oui,Informatique
12126,1756,2023,12,2023-12-22,2023-12-28,7,Congé payé,Oui,Finance
11862,1721,2024,5,2024-05-13,2024-05-20,8,paid leave,Oui,Juridique
11563,1812,2024,5,2024-05-25,2024-06-06,13,sick leave,Oui,Juridique
12937,2981,2022,4,2022-04-07,2022-04-20,14,Formation,Oui,Marketing
11612,2351,2024,6,2024-06-21,2024-06-21,1,Formation,Oui,Logistique
15992,1290,2023,3,2023-03-20,2023-03-22,3,Maternité/Paternité,Oui,Informatique
10684,3056,2024,10,2024-10-01,2024-10-02,2,sick leave,Oui,Marketing
11487,2157,2023,11,2023-11-17,2023-11-23,7,Absence injustifiée,Non,Logistique
10650,1469,2023,9,2023-09-02,2023-09-22,21,sick leave,Oui,Direction
10966,1934,2024,1,2024-01-26,2024-02-01,7,Enfant malade,Oui,Direction
15227,3061,2023,10,2023-10-06,2023-10-10,5,Maternité/Paternité,Oui,R&D
14802,1765,2023,3,2023-03-06,2023-03-06,1,RTT,Oui,Commercial
14775,1214,2023,7,2023-07-06,2023-07-23,18,sick leave,Oui,R&D
12736,3056,2023,2,2023-02-05,2023-02-19,15,paid leave,Oui,Marketing
13759,2289,2024,1,2024-01-07,2024-01-20,14,paid leave,Oui,Marketing
11673,3362,2023,1,2023-01-25,2023-02-04,11,RTT,Oui,Marketing
12023,1566,2022,9,2022-09-22,2022-09-30,9,Enfant malade,Oui,Informatique
14969,1596,2023,2,2023-02-23,2023-03-03,9,Congé payé,Oui,R&D
14252,1550,2024,12,2024-12-07,2024-12-09,3,Maladie,Oui,Marketing
11462,3148,2023,1,2023-01-19,2023-02-03,16,paid leave,Oui,R&D
15918,1712,2024,7,2024-07-28,2024-07-31,4,RTT,Oui,Juridique
11750,3315,2022,2,2022-02-04,2022-02-22,19,Maladie,Oui,Commercial
10801,2153,2024,5,2024-05-10,2024-05-28,19,RTT,Oui,Commercial
15347,2038,2022,12,2022-12-15,2022-12-21,7,RTT,Oui,Informatique
13620,3154,2024,2,2024-02-21,2024-02-23,3,Congé payé,Oui,R&D
13308,1862,2022,1,2022-01-01,2022-01-03,3,paid leave,Oui,RH
13490,2761,2022,1,2022-01-15,2022-01-29,15,paid leave,Oui,Informatique
13168,1609,2024,10,2024-10-28,2024-11-01,5,Maladie,Oui,Direction
12034,2414,2024,7,2024-07-10,2024-07-11,2,RTT,Oui,Finance
16132,2659,2022,2,2022-02-22,2022-03-09,16,RTT,Oui,Opérations
12570,1301,2023,9,2023-09-14,2023-09-16,3,Congé payé,Oui,Commercial
14332,2016,2022,1,2022-01-22,2022-02-02,12,Congé payé,Oui,RH
12049,3315,2022,6,2022-06-15,2022-06-29,15,RTT,Oui,Commercial
11042,2036,2023,2,2023-02-12,2023-02-21,10,Maladie,Oui,Informatique
14690,2976,2023,4,2023-04-21,2023-05-05,15,Absence injustifiée,Non,RH
10506,3123,2023,1,2023-01-05,2023-01-12,8,Accident du travail,Oui,Commercial
14980,3106,2024,12,2024-12-07,2024-12-15,9,Enfant malade,Oui,R&D
11685,2659,2022,2,2022-02-22,2022-03-09,16,RTT,Oui,Opérations
13926,1794,2024,8,2024-08-22,2024-09-04,14,Congé payé,Oui,Opérations
10037,1633,2024,6,2024-06-06,2024-06-02,-5,Maladie,Oui,Opérations
14636,2684,2024,2,2024-02-28,2024-03-02,4,Enfant malade,Oui,Direction
10017,1271,2024,2,2024-02-05,2024-02-01,-5,paid leave,Oui,Juridique
13985,1669,2022,3,2022-03-28,2022-03-29,2,Maladie,Oui,Juridique
15670,2120,2023,11,2023-11-10,2023-11-29,20,Accident du travail,Oui,RH
12788,1331,2022,5,2022-05-20,2022-06-09,21,RTT,Oui,Juridique
11627,3204,2023,2,2023-02-23,2023-03-09,15,Congé payé,Oui,Direction
11154,1966,2023,5,2023-05-20,2023-06-01,13,Enfant malade,Oui,Logistique
10722,1194,2023,9,2023-09-08,2023-09-16,9,Accident du travail,Oui,R&D
13077,3394,2024,2,2024-02-20,2024-02-21,2,RTT,Oui,Commercial
15112,1812,2024,8,2024-08-16,2024-08-18,3,RTT,Oui,Juridique
14961,2009,2023,4,2023-04-25,2023-04-27,3,Congé payé,Oui,Finance
11955,3276,2023,6,2023-06-02,2023-06-19,18,Maladie,Oui,Informatique
14183,1983,2023,10,2023-10-12,2023-10-15,4,Formation,Oui,Finance
15250,3327,2022,2,2022-02-24,2022-03-06,11,Absence injustifiée,Non,Commercial
12686,1177,2022,2,2022-02-09,2022-02-09,1,Congé sans solde,Oui,RH
12753,2810,2022,1,2022-01-15,2022-01-17,3,Maladie,Oui,RH
11162,2981,2023,6,2023-06-05,2023-06-18,14,Absence injustifiée,Non,Marketing
16139,3341,2022,6,2022-06-12,2022-06-21,9,Formation,Oui,RH
15678,2445,2024,7,2024-07-05,2024-07-18,14,sick leave,Oui,Logistique
13166,1128,2022,10,2022-10-05,2022-10-25,21,Maladie,Oui,Direction
12865,3154,2024,4,2024-04-08,2024-04-18,11,Congé sans solde,Oui,R&D
13672,2015,2022,10,2022-10-16,2022-10-27,12,Accident du travail,Oui,RH
15476,2445,2024,11,2024-11-17,2024-11-22,6,Maternité/Paternité,Oui,Logistique
14987,1444,2023,9,2023-09-04,2023-09-15,12,Congé payé,Oui,Commercial
14107,2243,2024,8,2024-08-02,2024-08-12,11,Enfant malade,Oui,Direction
10909,1904,2024,12,2024-12-19,2024-12-28,10,Congé sans solde,Oui,Marketing
12868,2015,2024,7,2024-07-19,2024-08-05,18,Maladie,Oui,RH
13629,2243,2023,9,2023-09-10,2023-09-17,8,RTT,Oui,Direction
10516,1742,2023,3,2023-03-08,2023-03-20,13,Absence injustifiée,Non,Informatique
12255,1576,2023,12,2023-12-07,2023-12-19,13,Maladie,Oui,Juridique
13511,2911,2022,8,2022-08-22,2022-09-06,16,Accident du travail,Oui,Direction
12003,1320,2022,5,2022-05-05,2022-05-11,7,Maternité/Paternité,Oui,Commercial
11729,1681,2022,7,2022-07-27,2022-08-13,18,Congé payé,Oui,Logistique
15837,3288,2022,2,2022-02-06,2022-02-22,17,Absence injustifiée,Non,RH
13026,1744,2023,6,2023-06-21,2023-06-27,7,Congé payé,Oui,Direction
11547,1331,2023,5,2023-05-22,2023-05-25,4,RTT,Oui,Juridique
15885,1529,2023,3,2023-03-17,2023-03-17,1,paid leave,Oui,Logistique
10893,1229,2023,10,2023-10-07,2023-10-25,19,RTT,Oui,Informatique
14224,3251,2024,2,2024-02-08,2024-02-15,8,paid leave,Oui,R&D
12426,2755,2023,7,2023-07-26,2023-07-31,6,Congé payé,Oui,Informatique
13928,1949,2023,2,2023-02-03,2023-02-19,17,Congé payé,Oui,Marketing
15289,3184,2024,7,2024-07-02,2024-07-07,6,RTT,Oui,Juridique
10505,1635,2022,4,2022-04-20,2022-05-10,21,RTT,Oui,Informatique
13487,1256,2023,1,2023-01-25,2023-02-05,12,Congé payé,Oui,Logistique
11639,2046,2024,5,2024-05-19,2024-05-20,2,Congé sans solde,Oui,Direction
15159,1754,2023,8,2023-08-25,2023-09-05,12,sick leave,Oui,Finance
13049,1655,2024,9,2024-09-19,2024-09-29,11,Enfant malade,Oui,Commercial
13700,1921,2024,8,2024-08-16,2024-09-01,17,Congé sans solde,Oui,Opérations
12111,1138,2023,7,2023-07-12,2023-07-15,4,Congé payé,Oui,Juridique
12305,1191,2023,10,2023-10-26,2023-10-31,6,Maladie,Oui,R&D
14662,3321,2024,4,2024-04-01,2024-04-19,19,paid leave,Oui,Juridique
15202,1081,2024,2,2024-02-23,2024-03-13,20,Enfant malade,Oui,Juridique
12811,3173,2023,1,2023-01-10,2023-01-13,4,RTT,Oui,Commercial
10076,1138,2024,6,2024-06-26,2024-07-09,-14,paid leave,Oui,Juridique
11074,3256,2022,12,2022-12-23,2023-01-08,17,Enfant malade,Oui,Opérations
10924,1843,2022,2,2022-02-14,2022-02-17,4,Maternité/Paternité,Oui,Opérations
13433,1824,2024,11,2024-11-21,2024-11-23,3,Enfant malade,Oui,Marketing
12387,1544,2024,11,2024-11-18,2024-11-25,8,Maladie,Oui,Direction
10629,3173,2023,2,2023-02-06,2023-02-18,13,Absence injustifiée,Non,Commercial
15923,1796,2024,5,2024-05-13,2024-05-24,12,Congé payé,Oui,Marketing
13145,2406,2024,4,2024-04-10,2024-04-12,3,Maternité/Paternité,Oui,Finance
14588,1550,2023,6,2023-06-21,2023-07-10,20,sick leave,Oui,Marketing
12112,2806,2022,5,2022-05-07,2022-05-15,9,Formation,Oui,Direction
15834,3184,2024,6,2024-06-14,2024-07-04,21,Accident du travail,Oui,Juridique
11859,1063,2024,7,2024-07-21,2024-08-08,19,Formation,Oui,Finance
14946,1663,2022,7,2022-07-26,2022-08-10,16,Absence injustifiée,Non,Opérations
10641,2068,2023,11,2023-11-03,2023-11-12,10,Congé payé,Oui,R&D
11460,1214,2022,10,2022-10-16,2022-10-30,15,Maternité/Paternité,Oui,R&D
14745,1194,2023,4,2023-04-11,2023-04-16,6,RTT,Oui,R&D
15226,2414,2024,5,2024-05-18,2024-05-27,10,Maladie,Oui,Finance
14639,2060,2022,3,2022-03-13,2022-03-31,19,Enfant malade,Oui,Logistique
11049,3111,2024,1,2024-01-07,2024-01-20,14,Maladie,Oui,Opérations
13180,3276,2024,12,2024-12-09,2024-12-22,14,Maladie,Oui,Informatique
16120,2454,2023,10,2023-10-23,2023-11-08,18,Maladie,Oui,Informatique
13122,1232,2024,11,2024-11-25,2024-12-03,9,Maternité/Paternité,Oui,Marketing
16110,1898,2022,2,2022-02-23,2022-03-09,15,Congé payé,Oui,Opérations
11620,2613,2022,2,2022-02-10,2022-02-22,13,Maladie,Oui,Marketing
12542,2764,2022,5,2022-05-13,2022-05-13,1,Maternité/Paternité,Oui,Opérations
11512,2659,2023,9,2023-09-24,2023-09-27,4,paid leave,Oui,Opérations
10610,2243,2024,5,2024-05-14,2024-05-19,6,Congé payé,Oui,Direction
15603,2673,2024,1,2024-01-02,2024-01-06,5,RTT,Oui,Logistique
14781,3148,2024,3,2024-03-27,2024-03-30,4,Enfant malade,Oui,R&D
11243,3029,2023,6,2023-06-27,2023-07-08,12,Congé payé,Oui,Commercial
10878,1744,2023,3,2023-03-17,2023-03-22,6,Enfant malade,Oui,Direction
11628,1051,2024,5,2024-05-11,2024-05-25,15,Formation,Oui,Opérations
10720,2831,2022,12,2022-12-04,2022-12-24,21,Maladie,Oui,Logistique
11832,1345,2023,12,2023-12-16,2023-12-20,5,Congé payé,Oui,Informatique
13779,2853,2024,10,2024-10-04,2024-10-04,1,Enfant malade,Oui,RH
15493,3327,2024,8,2024-08-25,2024-09-04,11,Accident du travail,Oui,Commercial
12668,1366,2024,9,2024-09-23,2024-10-06,14,Maladie,Oui,Commercial
12969,3281,2022,9,2022-09-13,2022-09-16,4,Congé payé,Oui,Finance
11672,1744,2022,2,2022-02-14,2022-02-22,9,RTT,Oui,Direction
10340,1155,2022,6,2022-06-19,2022-06-30,12,Maladie,Oui,Direction
12867,3264,2022,9,2022-09-09,2022-09-15,7,sick leave,Oui,R&D
15568,1494,2022,4,2022-04-27,2022-05-03,7,RTT,Oui,Opérations
14992,1421,2022,5,2022-05-09,2022-05-20,12,Absence injustifiée,Non,Finance
15952,2351,2023,12,2023-12-23,2024-01-06,15,Maladie,Oui,Logistique
13071,2283,2024,7,2024-07-07,2024-07-23,17,Accident du travail,Oui,Opérations
11000,1494,2022,11,2022-11-23,2022-11-29,7,Congé payé,Oui,Opérations
16117,2502,2024,3,2024-03-15,2024-03-19,4,Congé payé,Oui,RH
15429,3096,2023,7,2023-07-13,2023-07-20,8,Maternité/Paternité,Oui,Logistique
13917,3394,2024,6,2024-06-15,2024-06-28,14,Maladie,Oui,Commercial
11921,2333,2023,3,2023-03-09,2023-03-11,3,Absence injustifiée,Non,Marketing
16124,1301,2023,3,2023-03-27,2023-04-06,12,Congé payé,Oui,Commercial
15231,2012,2024,4,2024-04-18,2024-04-19,2,Congé sans solde,Oui,R&D
10946,1482,2023,10,2023-10-24,2023-10-26,3,Absence injustifiée,Non,Juridique
13107,2909,2022,4,2022-04-15,2022-04-23,9,Maladie,Oui,RH
11456,2183,2023,3,2023-03-17,2023-03-22,6,Congé payé,Oui,Direction
14084,2009,2023,6,2023-06-14,2023-06-24,11,Congé payé,Oui,Finance
14530,1254,2024,12,2024-12-13,2024-12-23,11,Congé payé,Oui,Finance
13345,1599,2023,3,2023-03-22,2023-04-09,19,Congé payé,Oui,Commercial
12410,1301,2022,9,2022-09-02,2022-09-04,3,Accident du travail,Oui,Commercial
15966,2018,2022,8,2022-08-01,2022-08-09,9,Absence injustifiée,Non,Direction
10517,2218,2023,11,2023-11-13,2023-11-17,5,sick leave,Oui,Logistique
10988,1743,2023,9,2023-09-28,2023-10-06,9,RTT,Oui,Marketing
14468,1843,2022,12,2022-12-13,2023-01-01,20,Congé payé,Oui,Opérations
12552,1550,2024,7,2024-07-03,2024-07-15,13,Maternité/Paternité,Oui,Marketing
14840,2495,2024,12,2024-12-24,2024-12-25,2,Maternité/Paternité,Oui,Juridique
12768,1070,2024,8,2024-08-12,2024-08-18,7,Maladie,Oui,Opérations
13427,3276,2022,1,2022-01-22,2022-01-27,6,Congé sans solde,Oui,Informatique
10578,1749,2023,6,2023-06-10,2023-06-18,9,Congé payé,Oui,Logistique
11278,1749,2024,2,2024-02-05,2024-02-16,12,Accident du travail,Oui,Logistique
15371,1252,2023,12,2023-12-15,2023-12-17,3,Maladie,Oui,Juridique
10992,2296,2023,1,2023-01-25,2023-01-26,2,Maladie,Oui,RH
15022,2132,2024,4,2024-04-19,2024-04-23,5,Absence injustifiée,Non,RH
14720,1754,2022,4,2022-04-22,2022-05-12,21,Maladie,Oui,Finance
10580,1460,2022,7,2022-07-20,2022-07-25,6,sick leave,Oui,R&D
15097,2656,2022,3,2022-03-06,2022-03-22,17,RTT,Oui,Commercial
11636,1966,2022,1,2022-01-13,2022-01-26,14,RTT,Oui,Logistique
14950,3223,2023,7,2023-07-02,2023-07-03,2,RTT,Oui,Finance
11647,1469,2023,12,2023-12-26,2024-01-11,17,RTT,Oui,Direction
12909,3148,2022,8,2022-08-22,2022-08-22,1,RTT,Oui,R&D
11238,1470,2023,4,2023-04-11,2023-04-18,8,Congé payé,Oui,RH
12038,1765,2022,8,2022-08-04,2022-08-08,5,Absence injustifiée,Non,Commercial
15764,1599,2024,7,2024-07-24,2024-08-13,21,RTT,Oui,Commercial
14488,3029,2024,7,2024-07-18,2024-07-31,14,Congé payé,Oui,Commercial
11063,2221,2024,4,2024-04-17,2024-04-23,7,Maladie,Oui,R&D
11676,1217,2022,11,2022-11-04,2022-11-04,1,paid leave,Oui,Direction
10002,1271,2022,8,2022-08-07,2022-07-28,-11,paid leave,Oui,Juridique
13853,3173,2023,6,2023-06-23,2023-07-02,10,Maladie,Oui,Commercial
16008,1255,2023,6,2023-06-13,2023-06-14,2,Congé sans solde,Oui,R&D
15509,1770,2023,11,2023-11-18,2023-12-02,15,Accident du travail,Oui,R&D
15379,2360,2022,2,2022-02-26,2022-02-28,3,Enfant malade,Oui,RH
10967,2189,2023,7,2023-07-08,2023-07-20,13,RTT,Oui,RH
10377,2605,2024,8,2024-08-05,2024-08-07,3,paid leave,Oui,Commercial
13105,2120,2023,7,2023-07-11,2023-07-19,9,Maladie,Oui,RH
15318,1301,2022,3,2022-03-12,2022-03-22,11,Accident du travail,Oui,Commercial
14694,1898,2022,11,2022-11-19,2022-11-22,4,RTT,Oui,Opérations
12769,2831,2024,3,2024-03-19,2024-04-01,14,Maladie,Oui,Logistique
13206,1796,2024,6,2024-06-05,2024-06-07,3,RTT,Oui,Marketing
13550,2510,2023,1,2023-01-21,2023-01-22,2,paid leave,Oui,Marketing
10911,3239,2024,12,2024-12-19,2024-12-27,9,RTT,Oui,Finance
14957,1482,2023,5,2023-05-17,2023-06-03,18,Maladie,Oui,Juridique
14922,1467,2024,5,2024-05-18,2024-05-25,8,Maternité/Paternité,Oui,Logistique
12195,1721,2024,7,2024-07-18,2024-07-31,14,Congé payé,Oui,Juridique
14809,2219,2024,9,2024-09-06,2024-09-11,6,Maladie,Oui,R&D
13017,2575,2024,12,2024-12-10,2024-12-12,3,Congé payé,Oui,Commercial
14759,2844,2022,12,2022-12-20,2023-01-06,18,Congé payé,Oui,Commercial
12759,2135,2024,5,2024-05-28,2024-06-01,5,Absence injustifiée,Non,Finance
15701,2527,2023,11,2023-11-04,2023-11-16,13,Absence injustifiée,Non,Opérations
10792,2502,2023,11,2023-11-06,2023-11-07,2,Congé payé,Oui,RH
11187,2196,2022,5,2022-05-25,2022-05-27,3,Congé payé,Oui,Commercial
10816,3271,2024,11,2024-11-27,2024-12-09,13,Congé payé,Oui,Finance
15747,2060,2024,4,2024-04-28,2024-04-28,1,Enfant malade,Oui,Logistique
15126,1966,2022,6,2022-06-04,2022-06-05,2,Absence injustifiée,Non,Logistique
12632,2140,2023,5,2023-05-16,2023-05-18,3,Maladie,Oui,R&D
12724,1225,2022,9,2022-09-22,2022-09-29,8,Congé payé,Oui,R&D
14898,2187,2023,4,2023-04-18,2023-05-07,20,sick leave,Oui,RH
10357,1669,2023,4,2023-04-03,2023-04-05,3,RTT,Oui,Juridique
11222,2196,2023,3,2023-03-23,2023-04-06,15,Congé payé,Oui,Commercial
11435,2503,2023,4,2023-04-20,2023-05-04,15,Congé sans solde,Oui,Informatique
15535,1662,2022,10,2022-10-25,2022-11-03,10,Formation,Oui,Direction
11030,3398,2024,10,2024-10-10,2024-10-12,3,Congé payé,Oui,Informatique
10306,2705,2022,4,2022-04-02,2022-04-18,17,RTT,Oui,Logistique
12254,2454,2023,3,2023-03-21,2023-04-10,21,Congé sans solde,Oui,Informatique
13520,1450,2024,3,2024-03-26,2024-04-06,12,sick leave,Oui,Finance
15444,1481,2023,2,2023-02-06,2023-02-14,9,Accident du travail,Oui,Marketing
10919,3239,2024,11,2024-11-25,2024-12-02,8,Absence injustifiée,Non,Finance
15427,2239,2022,8,2022-08-28,2022-09-07,11,RTT,Oui,Marketing
12231,2776,2024,10,2024-10-02,2024-10-04,3,Maladie,Oui,Juridique
12649,1663,2022,11,2022-11-04,2022-11-18,15,Maladie,Oui,Opérations
15763,1655,2023,11,2023-11-27,2023-12-03,7,Congé payé,Oui,Commercial
10482,3357,2024,3,2024-03-18,2024-04-06,20,Congé payé,Oui,Juridique
12718,3179,2023,6,2023-06-03,2023-06-17,15,Congé payé,Oui,Direction
10293,1779,2024,10,2024-10-20,2024-10-28,9,Congé payé,Oui,R&D
12932,2296,2022,2,2022-02-24,2022-02-25,2,Congé sans solde,Oui,RH
14079,2613,2023,9,2023-09-28,2023-09-30,3,Congé payé,Oui,Marketing
10405,1633,2022,5,2022-05-13,2022-05-16,4,sick leave,Oui,Opérations
15716,1138,2023,5,2023-05-27,2023-06-08,13,Absence injustifiée,Non,Juridique
10139,3289,2024,2,2024-02-28,2024-03-10,12,Congé payé,Oui,Marketing
16082,2217,2022,3,2022-03-02,2022-03-02,1,Congé sans solde,Oui,Commercial
15064,2939,2023,12,2023-12-01,2023-12-17,17,Maladie,Oui,R&D
11774,3316,2024,10,2024-10-22,2024-10-29,8,Maladie,Oui,RH
14414,1191,2024,10,2024-10-10,2024-10-14,5,RTT,Oui,R&D
13758,3096,2024,8,2024-08-06,2024-08-24,19,RTT,Oui,Logistique
12628,1877,2022,3,2022-03-02,2022-03-08,7,Enfant malade,Oui,R&D
10297,1070,2022,1,2022-01-04,2022-01-09,6,Maladie,Oui,Opérations
15407,1981,2023,10,2023-10-28,2023-11-11,15,Congé payé,Oui,Direction
13746,1735,2022,6,2022-06-08,2022-06-09,2,Congé payé,Oui,Juridique
15736,2615,2023,6,2023-06-06,2023-06-10,5,Maladie,Oui,Commercial
12895,1710,2024,10,2024-10-28,2024-11-11,15,sick leave,Oui,Opérations
13381,1300,2022,1,2022-01-01,2022-01-02,2,Congé payé,Oui,Commercial
13942,3315,2024,7,2024-07-12,2024-07-13,2,Absence injustifiée,Non,Commercial
11858,3318,2024,12,2024-12-02,2024-12-13,12,Enfant malade,Oui,Juridique
14398,2118,2024,6,2024-06-08,2024-06-18,11,Enfant malade,Oui,Opérations
10701,2125,2022,11,2022-11-26,2022-12-16,21,Congé sans solde,Oui,Marketing
15390,2762,2024,12,2024-12-04,2024-12-10,7,Maladie,Oui,RH
15164,2296,2024,9,2024-09-16,2024-09-19,4,Absence injustifiée,Non,RH
13279,1971,2022,7,2022-07-03,2022-07-16,14,Enfant malade,Oui,Logistique
12398,1796,2022,10,2022-10-13,2022-10-18,6,Absence injustifiée,Non,Marketing
10618,2755,2024,5,2024-05-07,2024-05-18,12,Maladie,Oui,Informatique
12996,3056,2024,2,2024-02-01,2024-02-16,16,Maladie,Oui,Marketing
16022,3024,2022,7,2022-07-06,2022-07-09,4,Maladie,Oui,RH
15610,3176,2023,3,2023-03-04,2023-03-24,21,RTT,Oui,Finance
14592,1469,2023,5,2023-05-11,2023-05-30,20,Absence injustifiée,Non,Direction
10821,1636,2024,2,2024-02-26,2024-03-01,5,Maladie,Oui,Marketing
14114,1501,2023,11,2023-11-12,2023-11-26,15,Absence injustifiée,Non,R&D
12739,3223,2023,5,2023-05-09,2023-05-24,16,Formation,Oui,Finance
14911,2018,2023,6,2023-06-11,2023-06-27,17,Maladie,Oui,Direction
10351,1533,2023,12,2023-12-16,2024-01-01,17,sick leave,Oui,Logistique
15968,2321,2024,7,2024-07-05,2024-07-08,4,Maladie,Oui,Informatique
11569,2485,2024,7,2024-07-15,2024-08-04,21,Accident du travail,Oui,R&D
14208,2822,2024,12,2024-12-08,2024-12-11,4,Enfant malade,Oui,Marketing
14687,3139,2022,12,2022-12-27,2023-01-03,8,Congé payé,Oui,Finance
15306,1331,2024,7,2024-07-27,2024-07-31,5,Congé payé,Oui,Juridique
10133,2351,2024,8,2024-08-21,2024-09-03,14,Formation,Oui,Logistique
10108,2452,2024,7,2024-07-14,2024-07-23,10,paid leave,Oui,Direction
15160,1124,2023,8,2023-08-15,2023-08-18,4,Formation,Oui,Finance
13269,1824,2022,4,2022-04-12,2022-04-12,1,sick leave,Oui,Marketing
12508,2040,2023,9,2023-09-18,2023-09-19,2,RTT,Oui,Opérations
15938,3271,2022,11,2022-11-16,2022-11-27,12,Maternité/Paternité,Oui,Finance
11091,1599,2022,2,2022-02-07,2022-02-11,5,Congé sans solde,Oui,Commercial
15925,2077,2024,10,2024-10-23,2024-11-09,18,Formation,Oui,Logistique
12324,3324,2022,4,2022-04-22,2022-04-26,5,Maladie,Oui,R&D
15100,1298,2022,2,2022-02-08,2022-02-28,21,Maternité/Paternité,Oui,R&D
15195,2452,2022,10,2022-10-03,2022-10-20,18,Congé payé,Oui,Direction
12892,2761,2022,11,2022-11-16,2022-11-29,14,Congé payé,Oui,Informatique
16000,1812,2024,11,2024-11-23,2024-11-28,6,Congé payé,Oui,Juridique
13467,2746,2023,11,2023-11-11,2023-11-16,6,Congé payé,Oui,Finance
15505,3156,2024,9,2024-09-22,2024-09-25,4,Accident du travail,Oui,Informatique
11322,1533,2023,3,2023-03-12,2023-03-27,16,paid leave,Oui,Logistique
11161,2613,2023,1,2023-01-05,2023-01-17,13,RTT,Oui,Marketing
12471,1794,2023,9,2023-09-12,2023-09-30,19,Congé payé,Oui,Opérations
11360,2009,2022,4,2022-04-11,2022-04-18,8,Absence injustifiée,Non,Finance
11740,2038,2023,9,2023-09-24,2023-09-27,4,Congé payé,Oui,Informatique
10099,2485,2023,1,2023-01-02,2023-01-21,20,Accident du travail,Oui,R&D
14827,1399,2024,7,2024-07-13,2024-07-14,2,Maladie,Oui,Juridique
15607,1481,2024,10,2024-10-16,2024-10-27,12,paid leave,Oui,Marketing
10845,1561,2022,5,2022-05-27,2022-06-03,8,Maladie,Oui,Legal
14181,1742,2022,8,2022-08-04,2022-08-22,19,Congé sans solde,Oui,Informatique
12479,1044,2022,12,2022-12-01,2022-12-08,8,sick leave,Oui,Marketing
11800,2314,2024,2,2024-02-28,2024-03-01,3,Maternité/Paternité,Oui,Finance
10760,3271,2022,2,2022-02-20,2022-03-11,20,Maladie,Oui,Finance
15778,2136,2022,1,2022-01-25,2022-02-04,11,Enfant malade,Oui,Juridique
12093,1485,2023,5,2023-05-24,2023-05-31,8,Maladie,Oui,Direction
13614,1445,2024,12,2024-12-25,2025-01-06,13,Congé payé,Oui,Informatique
13250,2218,2023,5,2023-05-08,2023-05-28,21,RTT,Oui,Logistique
13089,3239,2023,8,2023-08-26,2023-09-15,21,Enfant malade,Oui,Finance
14063,1996,2024,11,2024-11-23,2024-12-04,12,Maladie,Oui,Marketing
13457,2295,2024,8,2024-08-11,2024-08-28,18,Enfant malade,Oui,Informatique
13102,3276,2023,11,2023-11-17,2023-11-23,7,RTT,Oui,Informatique
12296,1335,2024,2,2024-02-18,2024-02-19,2,Maladie,Oui,Sales
13428,2574,2022,12,2022-12-18,2022-12-28,11,Maladie,Oui,Juridique
12916,1298,2024,8,2024-08-09,2024-08-12,4,Congé sans solde,Oui,R&D
13773,2705,2022,9,2022-09-11,2022-09-18,8,sick leave,Oui,Logistique
13315,2632,2023,3,2023-03-21,2023-04-02,13,RTT,Oui,Logistique
12584,1765,2024,10,2024-10-04,2024-10-13,10,Accident du travail,Oui,Commercial
13830,1371,2023,9,2023-09-15,2023-09-27,13,RTT,Oui,Commercial
12237,1655,2022,9,2022-09-21,2022-09-21,1,Congé payé,Oui,Commercial
13909,1298,2024,7,2024-07-17,2024-07-26,10,Accident du travail,Oui,R&D
15187,1127,2022,7,2022-07-07,2022-07-17,11,Congé payé,Oui,Marketing
12922,1673,2024,12,2024-12-06,2024-12-17,12,paid leave,Oui,Direction
14973,1232,2022,9,2022-09-05,2022-09-19,15,Enfant malade,Oui,Marketing
14842,1796,2022,2,2022-02-21,2022-03-08,16,Congé payé,Oui,Marketing
11974,1501,2022,9,2022-09-11,2022-09-11,1,sick leave,Oui,R&D
11698,3189,2024,4,2024-04-03,2024-04-06,4,Congé payé,Oui,Finance
13159,1106,2023,1,2023-01-12,2023-01-25,14,Congé payé,Oui,Marketing
15705,1412,2022,10,2022-10-13,2022-10-25,13,Maternité/Paternité,Oui,Opérations
11142,2118,2022,1,2022-01-17,2022-01-30,14,Formation,Oui,Opérations
10737,3398,2023,8,2023-08-22,2023-08-22,1,Congé payé,Oui,Informatique
10344,1217,2023,10,2023-10-03,2023-10-14,12,RTT,Oui,Direction
14100,2157,2022,12,2022-12-04,2022-12-22,19,Congé payé,Oui,Logistique
10651,1155,2023,11,2023-11-16,2023-11-19,4,Maladie,Oui,Direction
13941,1271,2022,6,2022-06-03,2022-06-09,7,RTT,Oui,Juridique
11787,1576,2022,3,2022-03-22,2022-03-25,4,Enfant malade,Oui,Juridique
15802,3362,2023,3,2023-03-28,2023-04-03,7,RTT,Oui,Marketing
13344,1335,2022,2,2022-02-26,2022-03-04,7,Maladie,Oui,Sales
12521,2810,2023,2,2023-02-08,2023-02-20,13,paid leave,Oui,RH
13513,2715,2024,11,2024-11-02,2024-11-16,15,Congé payé,Oui,Direction
12979,3076,2024,7,2024-07-24,2024-07-25,2,Absence injustifiée,Non,Commercial
12300,1636,2023,1,2023-01-07,2023-01-08,2,Congé payé,Oui,Marketing
11819,2283,2022,1,2022-01-21,2022-02-01,12,Absence injustifiée,Non,Opérations
12179,1300,2022,8,2022-08-08,2022-08-08,1,RTT,Oui,Commercial
10960,3239,2023,3,2023-03-22,2023-03-29,8,RTT,Oui,Finance
12159,1450,2024,12,2024-12-27,2024-12-31,5,paid leave,Oui,Finance
14903,2081,2024,8,2024-08-01,2024-08-13,13,Congé sans solde,Oui,Finance
12949,2911,2023,3,2023-03-17,2023-03-30,14,Maternité/Paternité,Oui,Direction
15179,3289,2023,1,2023-01-14,2023-01-26,13,Enfant malade,Oui,Marketing
14104,1544,2024,4,2024-04-18,2024-05-01,14,Congé sans solde,Oui,Direction
12295,2806,2023,9,2023-09-23,2023-10-01,9,Congé payé,Oui,Direction
10231,1937,2023,10,2023-10-19,2023-11-06,19,paid leave,Oui,Informatique
10406,1445,2024,8,2024-08-18,2024-08-18,1,Formation,Oui,Informatique
12382,2916,2024,6,2024-06-05,2024-06-05,1,Maternité/Paternité,Oui,Commercial
13450,1897,2022,3,2022-03-16,2022-03-24,9,paid leave,Oui,Opérations
10796,2012,2022,7,2022-07-06,2022-07-22,17,Absence injustifiée,Non,R&D
15139,2806,2024,9,2024-09-16,2024-09-27,12,sick leave,Oui,Direction
12576,1281,2024,7,2024-07-10,2024-07-12,3,Maladie,Oui,Direction
11047,1548,2022,4,2022-04-02,2022-04-06,5,sick leave,Oui,Commercial
11050,3392,2023,8,2023-08-17,2023-09-01,16,Congé payé,Oui,Marketing
11095,2630,2022,10,2022-10-06,2022-10-17,12,sick leave,Oui,Finance
14660,2091,2024,3,2024-03-28,2024-03-30,3,Maladie,Oui,Direction
16065,1225,2022,4,2022-04-08,2022-04-10,3,Absence injustifiée,Non,R&D
16130,1403,2023,5,2023-05-21,2023-05-25,4,Congé payé,Oui,Opérations
15367,1673,2023,1,2023-01-12,2023-02-01,21,Maladie,Oui,Direction
14009,1255,2024,8,2024-08-19,2024-09-01,14,Congé payé,Oui,R&D
12438,1684,2022,6,2022-06-12,2022-06-18,7,Congé payé,Oui,R&D
11171,3316,2024,8,2024-08-08,2024-08-17,10,Maladie,Oui,RH
12170,2525,2022,7,2022-07-21,2022-08-01,12,RTT,Oui,Operations
11803,3239,2024,6,2024-06-19,2024-06-21,3,Formation,Oui,Finance
10938,2452,2022,5,2022-05-12,2022-05-14,3,Congé payé,Oui,Direction
16041,1374,2022,1,2022-01-17,2022-02-02,17,Congé payé,Oui,Marketing
14865,2036,2023,10,2023-10-11,2023-10-23,13,Maladie,Oui,Informatique
12391,1550,2022,6,2022-06-01,2022-06-16,16,Congé payé,Oui,Marketing
15071,2525,2023,12,2023-12-06,2023-12-24,19,sick leave,Oui,Operations
15465,2129,2023,1,2023-01-18,2023-01-21,4,Maladie,Oui,Informatique
14240,1754,2024,9,2024-09-08,2024-09-12,5,Accident du travail,Oui,Finance
11570,1548,2022,1,2022-01-07,2022-01-09,3,Enfant malade,Oui,Commercial
10469,2765,2024,4,2024-04-14,2024-04-16,3,paid leave,Oui,RH
14051,2949,2024,8,2024-08-09,2024-08-22,14,Maternité/Paternité,Oui,Opérations
10081,1609,2024,8,2024-08-13,2024-08-24,-12,Accident du travail,Oui,Direction
11080,2764,2022,3,2022-03-24,2022-04-11,19,Formation,Oui,Opérations
12559,1743,2024,6,2024-06-10,2024-06-13,4,Congé payé,Oui,Marketing
13116,3295,2022,6,2022-06-09,2022-06-17,9,paid leave,Oui,RH
15504,2535,2022,12,2022-12-13,2022-12-19,7,Enfant malade,Oui,Direction
11892,1881,2023,10,2023-10-06,2023-10-19,14,Congé payé,Oui,Direction
10635,1469,2023,10,2023-10-28,2023-11-14,18,RTT,Oui,Direction
14573,2406,2023,4,2023-04-10,2023-04-24,15,RTT,Oui,Finance
13797,2754,2024,7,2024-07-15,2024-07-28,14,sick leave,Oui,Opérations
10202,1952,2022,12,2022-12-11,2022-12-29,19,Accident du travail,Oui,Informatique
12280,2244,2024,6,2024-06-21,2024-07-11,21,Absence injustifiée,Non,RH
10813,2690,2023,9,2023-09-06,2023-09-14,9,RTT,Oui,Commercial
10749,2165,2024,5,2024-05-14,2024-05-29,16,sick leave,Oui,RH
11184,2097,2024,11,2024-11-26,2024-12-12,17,sick leave,Oui,Logistique
15864,1460,2024,7,2024-07-11,2024-07-23,13,Congé payé,Oui,R&D
15424,1409,2024,6,2024-06-28,2024-07-01,4,Maternité/Paternité,Oui,Logistique
15515,3184,2022,12,2022-12-10,2022-12-20,11,paid leave,Oui,Juridique
12306,2012,2022,1,2022-01-28,2022-02-05,9,Congé payé,Oui,R&D
11638,1488,2023,8,2023-08-15,2023-08-29,15,RTT,Oui,Finance
13906,1937,2023,12,2023-12-07,2023-12-11,5,Enfant malade,Oui,Informatique
13574,1576,2024,3,2024-03-17,2024-03-28,12,Maladie,Oui,Juridique
10624,1712,2023,12,2023-12-23,2023-12-30,8,Congé payé,Oui,Juridique
14724,1898,2022,2,2022-02-23,2022-03-09,15,Congé payé,Oui,Opérations
10600,1051,2023,11,2023-11-16,2023-11-29,14,Congé payé,Oui,Opérations
13895,1320,2022,1,2022-01-15,2022-02-04,21,RTT,Oui,Commercial
12898,2442,2024,1,2024-01-13,2024-01-20,8,Maternité/Paternité,Oui,Logistique
12359,1470,2024,3,2024-03-09,2024-03-19,11,Maladie,Oui,RH
12307,1927,2023,3,2023-03-28,2023-04-11,15,Congé payé,Oui,Informatique
13628,1081,2022,9,2022-09-05,2022-09-10,6,Maladie,Oui,Juridique
11726,1673,2024,10,2024-10-10,2024-10-16,7,Congé payé,Oui,Direction
16033,2755,2022,12,2022-12-15,2022-12-29,15,Maladie,Oui,Informatique
11164,1412,2022,7,2022-07-16,2022-08-01,17,Maladie,Oui,Opérations
13189,2721,2023,9,2023-09-21,2023-09-27,7,Enfant malade,Oui,Opérations
12189,3187,2024,7,2024-07-22,2024-07-23,2,sick leave,Oui,Juridique
12528,1481,2022,3,2022-03-18,2022-04-06,20,Formation,Oui,Marketing
10389,1214,2024,11,2024-11-26,2024-11-29,4,Congé sans solde,Oui,R&D
15317,2831,2022,11,2022-11-15,2022-11-27,13,Congé payé,Oui,Logistique
10303,3056,2024,6,2024-06-20,2024-06-23,4,Absence injustifiée,Non,Marketing
14020,1081,2023,9,2023-09-12,2023-09-21,10,RTT,Oui,Juridique
14664,1371,2023,10,2023-10-28,2023-11-01,5,Absence injustifiée,Non,Commercial
14551,1796,2024,4,2024-04-12,2024-04-30,19,Maladie,Oui,Marketing
14299,1252,2023,1,2023-01-06,2023-01-06,1,sick leave,Oui,Juridique
10559,3327,2022,5,2022-05-06,2022-05-21,16,Congé sans solde,Oui,Commercial
11709,1662,2023,10,2023-10-08,2023-10-23,16,Formation,Oui,Direction
14031,3223,2024,1,2024-01-16,2024-01-18,3,Maladie,Oui,Finance
11126,3315,2022,5,2022-05-15,2022-06-02,19,RTT,Oui,Commercial
13751,1746,2023,3,2023-03-07,2023-03-21,15,Congé payé,Oui,Finance
12269,2317,2022,3,2022-03-05,2022-03-05,1,Accident du travail,Oui,Opérations
15023,2126,2024,10,2024-10-17,2024-10-17,1,Congé payé,Oui,Opérations
14026,2243,2022,12,2022-12-26,2023-01-06,12,Maladie,Oui,Direction
11010,2776,2023,5,2023-05-24,2023-06-12,20,Maladie,Oui,Juridique
13226,2140,2024,12,2024-12-25,2025-01-12,19,sick leave,Oui,R&D
14695,2988,2023,12,2023-12-23,2023-12-26,4,Congé payé,Oui,RH
11212,2254,2023,2,2023-02-02,2023-02-12,11,Accident du travail,Oui,R&D
12337,2126,2024,5,2024-05-21,2024-05-26,6,Maladie,Oui,Opérations
13199,2945,2024,12,2024-12-11,2024-12-21,11,Congé sans solde,Oui,R&D
15486,1345,2024,9,2024-09-09,2024-09-24,16,Congé sans solde,Oui,Informatique
13568,3287,2023,2,2023-02-04,2023-02-15,12,Maladie,Oui,Commercial
15162,1707,2023,11,2023-11-15,2023-11-24,10,Maladie,Oui,Opérations
10034,1217,2024,4,2024-04-01,2024-03-28,-5,Congé payé,Oui,Direction
15994,3154,2023,10,2023-10-02,2023-10-13,12,Congé payé,Oui,R&D
12926,3189,2024,8,2024-08-10,2024-08-24,15,Congé sans solde,Oui,Finance
15208,2135,2023,1,2023-01-04,2023-01-05,2,sick leave,Oui,Finance
11491,1743,2023,8,2023-08-26,2023-09-02,8,RTT,Oui,Marketing
11756,1494,2023,2,2023-02-26,2023-03-15,18,Congé payé,Oui,Opérations
12104,2192,2022,10,2022-10-17,2022-10-22,6,Maternité/Paternité,Oui,Logistique
12303,2556,2024,4,2024-04-28,2024-05-02,5,paid leave,Oui,Direction
11071,2488,2022,9,2022-09-18,2022-09-18,1,Accident du travail,Oui,Finance
14845,2187,2022,2,2022-02-22,2022-03-14,21,Formation,Oui,RH
10284,2016,2024,2,2024-02-17,2024-02-27,11,Formation,Oui,RH
10555,2448,2024,8,2024-08-14,2024-08-19,6,Maladie,Oui,Logistique
12555,3333,2024,10,2024-10-17,2024-10-30,14,RTT,Oui,Juridique
10568,2956,2023,11,2023-11-23,2023-12-05,13,Enfant malade,Oui,Informatique
11596,1281,2024,11,2024-11-15,2024-11-17,3,Formation,Oui,Direction
13110,2254,2023,8,2023-08-12,2023-08-24,13,Congé payé,Oui,R&D
10386,1177,2024,7,2024-07-17,2024-07-19,3,sick leave,Oui,RH
11281,2018,2023,1,2023-01-28,2023-02-15,19,Congé payé,Oui,Direction
10152,1742,2024,1,2024-01-11,2024-01-15,5,paid leave,Oui,Informatique
11479,3065,2023,10,2023-10-14,2023-10-28,15,Congé payé,Oui,RH
13841,3293,2023,4,2023-04-03,2023-04-04,2,sick leave,Oui,Finance
12222,1752,2022,5,2022-05-22,2022-05-22,1,Formation,Oui,Juridique
14595,2721,2022,4,2022-04-28,2022-05-09,12,Congé sans solde,Oui,Opérations
15695,1631,2023,11,2023-11-28,2023-12-16,19,paid leave,Oui,Opérations
10756,1663,2022,9,2022-09-06,2022-09-24,19,Maladie,Oui,Opérations
11483,1371,2023,12,2023-12-19,2023-12-24,6,RTT,Oui,Commercial
13348,2060,2024,1,2024-01-13,2024-02-02,21,Maternité/Paternité,Oui,Logistique
15949,1427,2022,1,2022-01-02,2022-01-15,14,paid leave,Oui,Legal
13275,3251,2022,2,2022-02-03,2022-02-07,5,paid leave,Oui,R&D
14787,1093,2024,12,2024-12-07,2024-12-19,13,Maladie,Oui,Juridique
10188,3153,2024,5,2024-05-04,2024-05-16,13,Formation,Oui,Direction
14913,3129,2023,3,2023-03-27,2023-04-10,15,Maladie,Oui,Marketing
15609,1635,2022,11,2022-11-18,2022-11-19,2,Congé payé,Oui,Informatique
13254,2140,2022,1,2022-01-05,2022-01-24,20,Maladie,Oui,R&D
13738,1513,2024,11,2024-11-08,2024-11-21,14,Formation,Oui,Informatique
10432,3061,2022,1,2022-01-13,2022-01-13,1,paid leave,Oui,R&D
13354,1124,2022,5,2022-05-22,2022-06-03,13,Maladie,Oui,Finance
16071,1877,2024,9,2024-09-18,2024-09-26,9,Congé payé,Oui,R&D
10860,1976,2024,3,2024-03-11,2024-03-13,3,Congé payé,Oui,Marketing
14542,1225,2023,9,2023-09-08,2023-09-12,5,Maladie,Oui,R&D
10939,2879,2023,10,2023-10-13,2023-10-15,3,Congé payé,Oui,Finance
12215,2218,2024,3,2024-03-14,2024-03-31,18,Maladie,Oui,Logistique
11285,1971,2022,5,2022-05-19,2022-06-07,20,Congé sans solde,Oui,Logistique
10823,3148,2023,1,2023-01-14,2023-01-16,3,Formation,Oui,R&D
10309,1976,2022,3,2022-03-24,2022-04-01,9,Enfant malade,Oui,Marketing
13546,2061,2023,2,2023-02-24,2023-02-25,2,Maternité/Paternité,Oui,Direction
15503,1862,2023,6,2023-06-13,2023-06-23,11,Absence injustifiée,Non,RH
15213,2853,2023,11,2023-11-25,2023-12-13,19,Congé sans solde,Oui,RH
10208,2426,2024,7,2024-07-26,2024-07-28,3,Congé payé,Oui,Finance
12825,1467,2023,7,2023-07-23,2023-08-08,17,Accident du travail,Oui,Logistique
12210,1812,2022,1,2022-01-09,2022-01-23,15,Maladie,Oui,Juridique
15590,1121,2024,6,2024-06-03,2024-06-09,7,Congé payé,Oui,Direction
10695,2556,2022,11,2022-11-22,2022-11-29,8,Formation,Oui,Direction
13567,2360,2023,10,2023-10-24,2023-11-11,19,Absence injustifiée,Non,RH
13336,1232,2024,4,2024-04-09,2024-04-14,6,Congé payé,Oui,Marketing
15611,2575,2022,9,2022-09-23,2022-10-09,17,RTT,Oui,Commercial
15724,1128,2023,5,2023-05-06,2023-05-20,15,Accident du travail,Oui,Direction
14463,1761,2024,7,2024-07-09,2024-07-25,17,Accident du travail,Oui,Logistique
14458,1609,2023,8,2023-08-18,2023-09-02,16,Maladie,Oui,Direction
12964,3024,2023,7,2023-07-01,2023-07-14,14,sick leave,Oui,RH
15322,1721,2022,8,2022-08-08,2022-08-12,5,Maternité/Paternité,Oui,Juridique
15072,2445,2022,4,2022-04-23,2022-04-26,4,sick leave,Oui,Logistique
12397,1068,2023,7,2023-07-20,2023-07-30,11,sick leave,Oui,Commercial
13976,2574,2023,11,2023-11-22,2023-12-10,19,Congé payé,Oui,Juridique
10766,2428,2024,2,2024-02-06,2024-02-14,9,Maladie,Oui,Juridique
13782,2046,2023,4,2023-04-27,2023-05-02,6,Congé payé,Oui,Direction
12282,3145,2023,2,2023-02-05,2023-02-11,7,RTT,Oui,Commercial
13338,2097,2022,8,2022-08-15,2022-08-20,6,Congé payé,Oui,Logistique
12480,3117,2023,4,2023-04-25,2023-04-30,6,RTT,Oui,Commercial
10068,2193,2023,11,2023-11-16,2023-12-01,-16,Formation,Oui,Marketing
12741,2040,2024,10,2024-10-24,2024-10-29,6,Congé payé,Oui,Opérations
15392,1752,2024,1,2024-01-25,2024-02-08,15,Congé payé,Oui,Juridique
12080,2715,2022,2,2022-02-27,2022-03-14,16,Maladie,Oui,Direction
15651,3117,2023,7,2023-07-04,2023-07-11,8,Accident du travail,Oui,Commercial
15133,2157,2022,4,2022-04-10,2022-04-13,4,paid leave,Oui,Logistique
11400,2776,2023,8,2023-08-16,2023-08-18,3,Congé payé,Oui,Juridique
11556,1501,2023,11,2023-11-17,2023-11-22,6,Maladie,Oui,R&D
16012,1928,2024,5,2024-05-15,2024-05-21,7,Congé payé,Oui,Informatique
11279,1044,2022,1,2022-01-15,2022-01-23,9,Formation,Oui,Marketing
15234,2879,2024,4,2024-04-03,2024-04-17,15,Congé payé,Oui,Finance
12115,2764,2024,5,2024-05-08,2024-05-18,11,sick leave,Oui,Opérations
15101,2193,2024,6,2024-06-23,2024-06-28,6,Maladie,Oui,Marketing
15898,2132,2023,10,2023-10-06,2023-10-26,21,Formation,Oui,RH
15218,3184,2023,2,2023-02-14,2023-02-20,7,Maladie,Oui,Juridique
14518,1655,2023,6,2023-06-05,2023-06-10,6,paid leave,Oui,Commercial
14147,2242,2024,4,2024-04-09,2024-04-18,10,Congé payé,Oui,Commercial
12294,2806,2024,8,2024-08-19,2024-09-03,16,RTT,Oui,Direction
14040,3392,2023,3,2023-03-24,2023-03-28,5,Maternité/Paternité,Oui,Marketing
14873,1527,2024,3,2024-03-27,2024-03-27,1,Enfant malade,Oui,Informatique
10793,2196,2023,4,2023-04-08,2023-04-16,9,Maladie,Oui,Commercial
14541,3245,2023,9,2023-09-15,2023-09-21,7,RTT,Oui,Marketing
15671,2360,2023,8,2023-08-08,2023-08-18,11,Congé payé,Oui,RH
14247,2454,2022,11,2022-11-04,2022-11-24,21,Congé sans solde,Oui,Informatique
13248,2879,2023,6,2023-06-03,2023-06-20,18,RTT,Oui,Finance
14461,1232,2023,4,2023-04-13,2023-05-02,20,Maladie,Oui,Marketing
14907,1550,2024,1,2024-01-28,2024-01-31,4,Congé payé,Oui,Marketing
15989,2135,2023,11,2023-11-03,2023-11-06,4,Maternité/Paternité,Oui,Finance
14047,2762,2024,11,2024-11-14,2024-11-19,6,Maladie,Oui,RH
11081,1655,2024,3,2024-03-23,2024-03-30,8,Congé payé,Oui,Commercial
14500,1769,2023,12,2023-12-15,2023-12-20,6,paid leave,Oui,Opérations
10204,2595,2022,10,2022-10-09,2022-10-21,13,Congé payé,Oui,Opérations
12828,3327,2024,6,2024-06-17,2024-06-18,2,RTT,Oui,Commercial
12516,1296,2024,10,2024-10-01,2024-10-02,2,paid leave,Oui,Juridique
12707,1051,2024,4,2024-04-05,2024-04-17,13,Maternité/Paternité,Oui,Opérations
10343,1862,2022,4,2022-04-27,2022-05-03,7,Maladie,Oui,RH
11779,2036,2022,1,2022-01-02,2022-01-11,10,Maladie,Oui,Informatique
14511,2613,2023,9,2023-09-10,2023-09-14,5,Absence injustifiée,Non,Marketing
14433,1796,2022,2,2022-02-15,2022-02-16,2,Enfant malade,Oui,Marketing
12472,1981,2024,5,2024-05-11,2024-05-27,17,Maternité/Paternité,Oui,Direction
10857,1897,2023,12,2023-12-19,2023-12-29,11,Maladie,Oui,Opérations
15970,2153,2023,12,2023-12-11,2023-12-27,17,Maternité/Paternité,Oui,Commercial
10240,2879,2022,4,2022-04-11,2022-04-21,11,Congé payé,Oui,Finance
15368,2754,2022,7,2022-07-20,2022-08-04,16,Absence injustifiée,Non,Opérations
12281,2556,2023,11,2023-11-02,2023-11-20,19,Enfant malade,Oui,Direction
15400,1232,2023,2,2023-02-23,2023-03-13,19,Maladie,Oui,Marketing
10496,1775,2024,8,2024-08-08,2024-08-08,1,Congé sans solde,Oui,R&D
14465,1068,2024,4,2024-04-13,2024-04-27,15,paid leave,Oui,Commercial
10999,3271,2022,8,2022-08-05,2022-08-05,1,Congé payé,Oui,Finance
14211,3245,2022,11,2022-11-25,2022-11-30,6,Congé sans solde,Oui,Marketing
16078,2445,2023,4,2023-04-06,2023-04-22,17,Accident du travail,Oui,Logistique
11763,2865,2022,7,2022-07-26,2022-08-09,15,Congé payé,Oui,Marketing
14218,1934,2023,3,2023-03-20,2023-03-28,9,sick leave,Oui,Direction
14826,2613,2023,2,2023-02-25,2023-03-02,6,Congé payé,Oui,Marketing
10196,1177,2022,12,2022-12-25,2023-01-12,19,Maternité/Paternité,Oui,RH
15900,1862,2024,11,2024-11-17,2024-11-24,8,Congé payé,Oui,RH
11204,1976,2023,5,2023-05-25,2023-05-26,2,sick leave,Oui,Marketing
12158,2556,2024,5,2024-05-22,2024-05-28,7,Formation,Oui,Direction
12790,2613,2024,12,2024-12-02,2024-12-14,13,sick leave,Oui,Marketing
15170,2613,2024,3,2024-03-24,2024-04-06,14,Accident du travail,Oui,Marketing
14822,3256,2024,2,2024-02-16,2024-02-19,4,Congé sans solde,Oui,Opérations
16090,1444,2022,2,2022-02-17,2022-03-05,17,RTT,Oui,Commercial
15664,2879,2022,8,2022-08-04,2022-08-09,6,Congé payé,Oui,Finance
12162,2036,2024,8,2024-08-02,2024-08-12,11,Congé payé,Oui,Informatique
13864,1898,2024,12,2024-12-07,2024-12-10,4,Congé payé,Oui,Opérations
13309,1298,2022,5,2022-05-04,2022-05-08,5,paid leave,Oui,R&D
15587,1862,2023,9,2023-09-11,2023-09-12,2,Congé payé,Oui,RH
10177,1374,2023,1,2023-01-15,2023-02-02,19,RTT,Oui,Marketing
10775,2981,2023,1,2023-01-05,2023-01-09,5,Accident du travail,Oui,Marketing
11168,2813,2022,10,2022-10-25,2022-11-05,12,Maternité/Paternité,Oui,Finance
11778,1543,2023,7,2023-07-12,2023-07-21,10,Formation,Oui,Finance
14698,2605,2022,10,2022-10-16,2022-11-02,18,Enfant malade,Oui,Commercial
11034,2535,2023,1,2023-01-21,2023-02-02,13,Congé payé,Oui,Direction
16125,3189,2023,6,2023-06-11,2023-06-19,9,sick leave,Oui,Finance
10714,1761,2022,10,2022-10-18,2022-10-23,6,Maladie,Oui,Logistique
12037,1106,2022,8,2022-08-17,2022-08-22,6,RTT,Oui,Marketing
12323,1934,2022,1,2022-01-12,2022-01-14,3,RTT,Oui,Direction
12191,2445,2024,9,2024-09-08,2024-09-08,1,paid leave,Oui,Logistique
11416,2414,2024,6,2024-06-18,2024-06-21,4,Maladie,Oui,Finance
12458,1228,2024,1,2024-01-09,2024-01-18,10,sick leave,Oui,Informatique
15111,2414,2024,7,2024-07-16,2024-07-27,12,Congé sans solde,Oui,Finance
12588,2239,2024,9,2024-09-03,2024-09-10,8,RTT,Oui,Marketing
10566,3245,2023,9,2023-09-09,2023-09-20,12,Absence injustifiée,Non,Marketing
10319,1271,2024,1,2024-01-26,2024-02-06,12,Maladie,Oui,Juridique
13900,1298,2022,6,2022-06-15,2022-06-26,12,sick leave,Oui,R&D
13607,1467,2023,10,2023-10-27,2023-11-07,12,Congé payé,Oui,Logistique
14599,2535,2023,3,2023-03-04,2023-03-04,1,Congé payé,Oui,Direction
10022,1691,2022,11,2022-11-26,2022-11-19,-8,Congé sans solde,Oui,Opérations
13999,2140,2024,5,2024-05-19,2024-05-31,13,Maladie,Oui,R&D
14608,2656,2022,1,2022-01-02,2022-01-19,18,Congé payé,Oui,Commercial
13626,3274,2022,12,2022-12-17,2023-01-01,16,Maladie,Oui,Marketing
14737,3096,2024,2,2024-02-16,2024-02-23,8,RTT,Oui,Logistique
11749,2404,2024,11,2024-11-23,2024-12-05,13,Accident du travail,Oui,R&D
11382,2370,2024,1,2024-01-19,2024-01-29,11,Maladie,Oui,Informatique
15225,3106,2023,7,2023-07-11,2023-07-11,1,RTT,Oui,R&D
14404,2354,2024,9,2024-09-18,2024-09-26,9,sick leave,Oui,Marketing
15336,1416,2023,6,2023-06-01,2023-06-03,3,Accident du travail,Oui,R&D
11364,2322,2022,11,2022-11-03,2022-11-03,1,RTT,Oui,RH
10012,1266,2023,11,2023-11-25,2023-11-22,-4,Absence injustifiée,Non,RH
11197,1765,2023,4,2023-04-15,2023-04-28,14,Accident du travail,Oui,Commercial
13665,1467,2023,12,2023-12-20,2024-01-08,20,paid leave,Oui,Logistique
12206,2140,2022,11,2022-11-04,2022-11-15,12,Absence injustifiée,Non,R&D
10292,2575,2022,11,2022-11-22,2022-11-25,4,RTT,Oui,Commercial
10239,1070,2024,7,2024-07-17,2024-07-21,5,paid leave,Oui,Opérations
14284,1561,2022,5,2022-05-24,2022-05-27,4,RTT,Oui,Legal
15044,2235,2024,10,2024-10-04,2024-10-13,10,Congé payé,Oui,Informatique
13702,3271,2022,1,2022-01-12,2022-01-20,9,RTT,Oui,Finance
11738,2077,2023,1,2023-01-15,2023-01-30,16,Maladie,Oui,Logistique
13514,3076,2024,3,2024-03-27,2024-03-30,4,Congé payé,Oui,Commercial
10575,2191,2023,5,2023-05-11,2023-05-21,11,Congé payé,Oui,R&D
14786,1333,2023,3,2023-03-28,2023-04-10,14,Accident du travail,Oui,R&D
10690,1300,2024,7,2024-07-06,2024-07-24,19,paid leave,Oui,Commercial
13653,1425,2023,11,2023-11-24,2023-12-12,19,Formation,Oui,Juridique
15908,2171,2024,4,2024-04-08,2024-04-20,13,Enfant malade,Oui,Juridique
12445,1721,2024,2,2024-02-01,2024-02-11,11,Maladie,Oui,Juridique
14782,3156,2023,3,2023-03-20,2023-04-04,16,Maladie,Oui,Informatique
11220,3295,2022,3,2022-03-15,2022-04-02,19,sick leave,Oui,RH
13998,3356,2022,4,2022-04-05,2022-04-13,9,Maladie,Oui,Finance
13438,1981,2024,3,2024-03-02,2024-03-14,13,Congé payé,Oui,Direction
14742,3129,2023,7,2023-07-07,2023-07-07,1,Accident du travail,Oui,Marketing
12279,2187,2024,4,2024-04-21,2024-04-21,1,Congé sans solde,Oui,RH
10422,1673,2022,9,2022-09-14,2022-09-23,10,Maternité/Paternité,Oui,Direction
13621,3117,2022,4,2022-04-26,2022-05-11,16,RTT,Oui,Commercial
11007,1949,2023,8,2023-08-26,2023-09-04,10,Accident du travail,Oui,Marketing
14229,1742,2023,9,2023-09-07,2023-09-24,18,Congé payé,Oui,Informatique
12132,3156,2023,10,2023-10-26,2023-10-29,4,RTT,Oui,Informatique
14617,1301,2024,7,2024-07-25,2024-07-26,2,Congé payé,Oui,Commercial
11136,1981,2022,6,2022-06-02,2022-06-07,6,paid leave,Oui,Direction
14593,3318,2024,5,2024-05-14,2024-05-30,17,RTT,Oui,Juridique
13282,1371,2024,9,2024-09-26,2024-10-14,19,RTT,Oui,Commercial
10032,2414,2024,9,2024-09-27,2024-09-22,-6,Formation,Oui,Finance
11669,1880,2024,6,2024-06-20,2024-06-24,5,Maternité/Paternité,Oui,Operations
15739,1609,2024,1,2024-01-06,2024-01-17,12,Formation,Oui,Direction
14150,3145,2024,2,2024-02-17,2024-03-08,21,Enfant malade,Oui,Commercial
10497,2810,2023,10,2023-10-07,2023-10-14,8,sick leave,Oui,RH
15183,1093,2023,2,2023-02-27,2023-03-16,18,Congé payé,Oui,Juridique
12092,1721,2024,3,2024-03-25,2024-04-01,8,Maladie,Oui,Juridique
13871,1752,2023,9,2023-09-16,2023-09-18,3,sick leave,Oui,Juridique
11980,2330,2023,2,2023-02-07,2023-02-26,20,Congé payé,Oui,RH
15943,2081,2022,7,2022-07-27,2022-08-01,6,Absence injustifiée,Non,Finance
13742,2426,2024,11,2024-11-02,2024-11-11,10,Accident du travail,Oui,Finance
11970,2656,2022,6,2022-06-21,2022-06-22,2,Congé payé,Oui,Commercial
10135,2370,2022,8,2022-08-02,2022-08-13,12,Absence injustifiée,Non,Informatique
11752,1862,2024,4,2024-04-01,2024-04-20,20,Maternité/Paternité,Oui,RH
14077,1523,2024,1,2024-01-11,2024-01-14,4,Formation,Oui,Marketing
14729,2165,2024,11,2024-11-16,2024-11-17,2,Maladie,Oui,RH
12980,2393,2024,3,2024-03-11,2024-03-18,8,Maternité/Paternité,Oui,Logistique
10122,3149,2024,9,2024-09-06,2024-09-10,5,Congé payé,Oui,Direction
14767,2406,2023,3,2023-03-28,2023-04-04,8,Congé payé,Oui,Finance
12246,2495,2023,10,2023-10-14,2023-10-24,11,Absence injustifiée,Non,Juridique
16039,2016,2023,3,2023-03-22,2023-03-29,8,Accident du travail,Oui,RH
13792,2262,2022,4,2022-04-12,2022-04-17,6,Maternité/Paternité,Oui,Commercial
13251,1229,2022,2,2022-02-16,2022-02-22,7,Congé payé,Oui,Informatique
13542,1544,2022,11,2022-11-05,2022-11-10,6,Congé payé,Oui,Direction
15612,1496,2023,12,2023-12-08,2023-12-16,9,RTT,Oui,Finance
11112,2535,2022,5,2022-05-14,2022-06-01,19,Maladie,Oui,Direction
13599,1070,2023,10,2023-10-02,2023-10-16,15,sick leave,Oui,Opérations
11060,3318,2024,6,2024-06-03,2024-06-13,11,sick leave,Oui,Juridique
13644,1254,2023,8,2023-08-01,2023-08-21,21,Maladie,Oui,Finance
11484,1677,2022,8,2022-08-04,2022-08-19,16,Maternité/Paternité,Oui,RH
15699,1444,2024,5,2024-05-15,2024-06-03,20,Formation,Oui,Commercial
12946,1015,2022,12,2022-12-28,2023-01-09,13,Formation,Oui,Logistique
14503,3154,2022,10,2022-10-23,2022-10-23,1,RTT,Oui,R&D
14631,1735,2023,3,2023-03-21,2023-03-25,5,Accident du travail,Oui,Juridique
10045,2192,2022,4,2022-04-03,2022-03-25,-10,Congé payé,Oui,Logistique
15913,3176,2024,2,2024-02-04,2024-02-14,11,Congé sans solde,Oui,Finance
11377,1599,2024,5,2024-05-26,2024-06-09,15,Enfant malade,Oui,Commercial
13488,2115,2024,12,2024-12-16,2025-01-05,21,sick leave,Oui,Juridique
13622,2122,2022,4,2022-04-07,2022-04-10,4,Formation,Oui,Management
15807,2721,2022,5,2022-05-08,2022-05-26,19,paid leave,Oui,Opérations
12924,2036,2023,1,2023-01-18,2023-01-31,14,Maladie,Oui,Informatique
15906,2295,2022,6,2022-06-09,2022-06-26,18,Accident du travail,Oui,Informatique
12863,2565,2023,11,2023-11-06,2023-11-12,7,Formation,Oui,Informatique
11233,1775,2022,5,2022-05-01,2022-05-20,20,paid leave,Oui,R&D
16036,1117,2023,5,2023-05-03,2023-05-10,8,Congé payé,Oui,Marketing
15511,3318,2022,6,2022-06-25,2022-07-09,15,Accident du travail,Oui,Juridique
11181,2810,2024,12,2024-12-01,2024-12-10,10,Congé payé,Oui,RH
13461,3062,2022,7,2022-07-04,2022-07-13,10,Maternité/Paternité,Oui,Informatique
11507,1266,2023,10,2023-10-20,2023-10-21,2,Enfant malade,Oui,RH
13245,1677,2022,12,2022-12-17,2023-01-01,16,Congé payé,Oui,RH
14700,1275,2024,10,2024-10-04,2024-10-16,13,Congé payé,Oui,Logistique
10021,2135,2024,1,2024-01-16,2024-01-06,-11,Maladie,Oui,Finance
12252,1445,2024,6,2024-06-17,2024-07-01,15,Congé payé,Oui,Informatique
10420,2155,2023,10,2023-10-06,2023-10-15,10,sick leave,Oui,Informatique
13215,2653,2024,1,2024-01-15,2024-01-23,9,sick leave,Oui,Finance
13812,1070,2023,12,2023-12-18,2024-01-07,21,RTT,Oui,Opérations
12420,2488,2022,8,2022-08-21,2022-08-21,1,Maladie,Oui,Finance
10944,2617,2023,3,2023-03-16,2023-04-05,21,Maladie,Oui,Opérations
14401,1862,2023,4,2023-04-26,2023-04-28,3,Enfant malade,Oui,RH
11663,1881,2024,2,2024-02-27,2024-03-01,4,Formation,Oui,Direction
10362,1331,2023,5,2023-05-18,2023-05-29,12,Maladie,Oui,Juridique
11549,2135,2022,4,2022-04-12,2022-04-18,7,RTT,Oui,Finance
15031,1616,2024,10,2024-10-08,2024-10-27,20,sick leave,Oui,Finance
14391,2068,2023,9,2023-09-03,2023-09-06,4,Absence injustifiée,Non,R&D
13646,1124,2023,1,2023-01-15,2023-01-27,13,Absence injustifiée,Non,Finance
14253,3015,2023,2,2023-02-19,2023-03-05,15,Maternité/Paternité,Oui,Commercial
11811,2684,2022,10,2022-10-04,2022-10-21,18,sick leave,Oui,Direction
11426,1482,2022,8,2022-08-10,2022-08-16,7,paid leave,Oui,Juridique
10508,2684,2022,8,2022-08-12,2022-08-26,15,Maladie,Oui,Direction
12219,1983,2023,8,2023-08-22,2023-08-26,5,Formation,Oui,Finance
11379,3223,2023,2,2023-02-09,2023-02-28,20,Accident du travail,Oui,Finance
11194,1796,2023,1,2023-01-21,2023-02-06,17,RTT,Oui,Marketing
15125,2651,2024,7,2024-07-15,2024-07-29,15,RTT,Oui,R&D
10538,1212,2023,8,2023-08-04,2023-08-08,5,Congé sans solde,Oui,R&D
12847,3047,2024,12,2024-12-03,2024-12-04,2,Enfant malade,Oui,Juridique
12394,2503,2024,2,2024-02-10,2024-02-17,8,sick leave,Oui,Informatique
14481,3152,2023,7,2023-07-06,2023-07-15,10,paid leave,Oui,Informatique
13460,1877,2023,6,2023-06-11,2023-06-11,1,Formation,Oui,R&D
10871,3263,2022,12,2022-12-18,2022-12-28,11,Maladie,Oui,Informatique
10372,1775,2022,1,2022-01-10,2022-01-22,13,Maladie,Oui,R&D
10179,1256,2022,5,2022-05-06,2022-05-18,13,Formation,Oui,Logistique
13800,2333,2023,10,2023-10-14,2023-10-21,8,Maladie,Oui,Marketing
15329,1548,2022,10,2022-10-18,2022-10-19,2,Maternité/Paternité,Oui,Commercial
15011,1345,2023,4,2023-04-09,2023-04-15,7,Absence injustifiée,Non,Informatique
11801,3184,2024,3,2024-03-09,2024-03-17,9,paid leave,Oui,Juridique
10778,2469,2024,3,2024-03-11,2024-03-17,7,Congé payé,Oui,Logistique
13783,1217,2022,6,2022-06-04,2022-06-22,19,Enfant malade,Oui,Direction
15574,3287,2022,12,2022-12-10,2022-12-28,19,Congé payé,Oui,Commercial
15067,2762,2024,5,2024-05-06,2024-05-16,11,Formation,Oui,RH
14815,3398,2023,2,2023-02-01,2023-02-01,1,Congé payé,Oui,Informatique
13134,1320,2022,5,2022-05-01,2022-05-21,21,Accident du travail,Oui,Commercial
15021,1281,2023,3,2023-03-05,2023-03-22,18,RTT,Oui,Direction
11608,1273,2023,10,2023-10-09,2023-10-23,15,Maladie,Oui,Informatique
14589,1957,2022,4,2022-04-27,2022-04-30,4,Congé sans solde,Oui,Finance
15573,3000,2023,2,2023-02-10,2023-02-17,8,RTT,Oui,Opérations
11510,1138,2022,11,2022-11-13,2022-11-19,7,Accident du travail,Oui,Juridique
12352,2656,2024,8,2024-08-10,2024-08-20,11,Accident du travail,Oui,Commercial
11644,1147,2024,9,2024-09-28,2024-10-05,8,Congé payé,Oui,Direction
10768,1340,2023,9,2023-09-22,2023-09-24,3,Maternité/Paternité,Oui,RH
11572,2981,2023,10,2023-10-01,2023-10-11,11,Maternité/Paternité,Oui,Marketing
11151,1934,2023,12,2023-12-01,2023-12-01,1,Accident du travail,Oui,Direction
10198,2081,2022,7,2022-07-20,2022-08-06,18,Accident du travail,Oui,Finance
12379,2058,2022,10,2022-10-19,2022-10-24,6,Absence injustifiée,Non,Juridique
12592,2122,2023,1,2023-01-25,2023-02-05,12,RTT,Oui,Management
15737,1051,2023,2,2023-02-06,2023-02-14,9,RTT,Oui,Opérations
13118,3179,2024,12,2024-12-21,2025-01-04,15,Enfant malade,Oui,Direction
10820,3392,2024,11,2024-11-14,2024-11-21,8,sick leave,Oui,Marketing
13752,2134,2022,12,2022-12-05,2022-12-24,20,Congé sans solde,Oui,Direction
13067,3047,2024,6,2024-06-28,2024-07-11,14,Congé sans solde,Oui,Juridique
13709,1445,2024,2,2024-02-28,2024-03-11,13,Maternité/Paternité,Oui,Informatique
13369,1812,2022,7,2022-07-20,2022-07-29,10,Congé payé,Oui,Juridique
13307,1616,2024,1,2024-01-27,2024-02-05,10,Congé sans solde,Oui,Finance
15036,1340,2022,5,2022-05-04,2022-05-13,10,paid leave,Oui,RH
12067,1256,2022,12,2022-12-03,2022-12-07,5,Absence injustifiée,Non,Logistique
10956,1775,2022,5,2022-05-01,2022-05-02,2,Accident du travail,Oui,R&D
12624,1966,2023,4,2023-04-20,2023-04-25,6,Maladie,Oui,Logistique
14583,1550,2024,3,2024-03-23,2024-03-29,7,Maladie,Oui,Marketing
10455,1155,2023,3,2023-03-24,2023-04-07,15,Congé sans solde,Oui,Direction
14188,1927,2024,5,2024-05-17,2024-05-21,5,sick leave,Oui,Informatique
12226,2414,2024,7,2024-07-03,2024-07-17,15,Congé sans solde,Oui,Finance
11635,2949,2022,3,2022-03-23,2022-03-28,6,Enfant malade,Oui,Opérations
14013,2187,2023,7,2023-07-11,2023-07-29,19,RTT,Oui,RH
14383,2665,2022,9,2022-09-24,2022-10-10,17,RTT,Oui,Direction
14015,1409,2024,12,2024-12-27,2025-01-05,10,paid leave,Oui,Logistique
16104,2046,2022,5,2022-05-27,2022-05-30,3,Accident du travail,Oui,Direction
10659,2351,2022,4,2022-04-06,2022-04-15,10,Enfant malade,Oui,Logistique
10746,1320,2022,10,2022-10-17,2022-10-25,9,Maladie,Oui,Commercial
14531,1635,2022,2,2022-02-05,2022-02-07,3,RTT,Oui,Informatique
14450,2715,2022,5,2022-05-07,2022-05-15,9,Congé payé,Oui,Direction
10865,1345,2022,10,2022-10-13,2022-10-28,16,Formation,Oui,Informatique
10732,2153,2024,2,2024-02-18,2024-02-25,8,Congé payé,Oui,Commercial
12784,2150,2022,12,2022-12-23,2023-01-09,18,Formation,Oui,Finance
14567,3129,2022,3,2022-03-21,2022-04-06,17,Congé sans solde,Oui,Marketing
14793,2909,2023,10,2023-10-10,2023-10-11,2,Enfant malade,Oui,RH
14212,3173,2022,7,2022-07-02,2022-07-03,2,Absence injustifiée,Non,Commercial
13268,2684,2023,11,2023-11-19,2023-12-02,14,RTT,Oui,Direction
10148,1147,2022,12,2022-12-26,2023-01-11,17,Maladie,Oui,Direction
13012,3264,2024,1,2024-01-21,2024-01-22,2,RTT,Oui,R&D
10683,1949,2024,5,2024-05-25,2024-06-09,16,Enfant malade,Oui,Marketing
12362,1450,2023,5,2023-05-04,2023-05-19,16,Maladie,Oui,Finance
12762,1399,2024,5,2024-05-20,2024-05-30,11,Congé sans solde,Oui,Juridique
15712,2981,2024,10,2024-10-22,2024-11-07,17,Enfant malade,Oui,Marketing
10494,2239,2022,6,2022-06-12,2022-06-27,16,Maternité/Paternité,Oui,Marketing
12448,2764,2024,4,2024-04-20,2024-05-10,21,RTT,Oui,Opérations
15013,3394,2022,7,2022-07-16,2022-08-05,21,RTT,Oui,Commercial
13834,2404,2022,11,2022-11-19,2022-11-27,9,RTT,Oui,R&D
12997,1501,2024,3,2024-03-09,2024-03-10,2,Maternité/Paternité,Oui,R&D
14226,1496,2023,5,2023-05-24,2023-06-09,17,Accident du travail,Oui,Finance
11195,3324,2024,12,2024-12-12,2024-12-29,18,RTT,Oui,R&D
13011,2438,2022,12,2022-12-11,2022-12-22,12,Maladie,Oui,Informatique
14560,2189,2023,7,2023-07-24,2023-08-03,11,paid leave,Oui,RH
11649,1843,2022,8,2022-08-03,2022-08-18,16,Formation,Oui,Opérations
10189,3172,2023,8,2023-08-02,2023-08-22,21,Congé payé,Oui,Marketing
15679,2046,2024,9,2024-09-20,2024-10-10,21,Congé payé,Oui,Direction
14509,2977,2023,10,2023-10-09,2023-10-21,13,Enfant malade,Oui,Commercial
13485,2132,2023,8,2023-08-27,2023-09-08,13,Congé payé,Oui,RH
10968,1966,2022,9,2022-09-03,2022-09-23,21,Maternité/Paternité,Oui,Logistique
12702,1616,2024,11,2024-11-25,2024-12-02,8,RTT,Oui,Finance
14382,2393,2023,10,2023-10-07,2023-10-20,14,Congé payé,Oui,Logistique
14479,1796,2024,9,2024-09-28,2024-10-07,10,Accident du travail,Oui,Marketing
14032,1959,2022,5,2022-05-11,2022-05-27,17,Absence injustifiée,Non,Commercial
13525,2243,2022,11,2022-11-06,2022-11-13,8,Formation,Oui,Direction
13523,1924,2023,8,2023-08-23,2023-08-28,6,Enfant malade,Oui,Informatique
14308,2916,2022,4,2022-04-08,2022-04-08,1,Maladie,Oui,Commercial
14712,2155,2023,1,2023-01-24,2023-02-04,12,Congé payé,Oui,Informatique
10402,1306,2024,12,2024-12-05,2024-12-08,4,Maladie,Oui,Informatique
13867,3184,2023,2,2023-02-16,2023-02-23,8,Accident du travail,Oui,Juridique
15436,2705,2022,7,2022-07-16,2022-08-05,21,Formation,Oui,Logistique
15719,1403,2023,6,2023-06-16,2023-06-17,2,RTT,Oui,Opérations
13470,1679,2024,12,2024-12-22,2025-01-02,12,Congé payé,Oui,Finance
10551,1402,2022,4,2022-04-28,2022-05-12,15,Maladie,Oui,Logistique
13981,1300,2023,11,2023-11-11,2023-11-23,13,Maladie,Oui,Commercial
13459,2221,2022,11,2022-11-12,2022-11-23,12,Maternité/Paternité,Oui,R&D
10986,1331,2023,2,2023-02-27,2023-03-17,19,RTT,Oui,Juridique
14788,1779,2023,5,2023-05-04,2023-05-13,10,RTT,Oui,R&D
15440,2254,2024,6,2024-06-14,2024-06-24,11,Congé payé,Oui,R&D
13667,1898,2023,8,2023-08-05,2023-08-19,15,Congé payé,Oui,Opérations
15292,1775,2024,10,2024-10-22,2024-11-09,19,Maladie,Oui,R&D
10626,2321,2023,6,2023-06-11,2023-06-19,9,sick leave,Oui,Informatique
14254,2556,2022,12,2022-12-18,2022-12-21,4,Congé sans solde,Oui,Direction
13762,2442,2022,2,2022-02-15,2022-02-17,3,Accident du travail,Oui,Logistique
14287,2428,2023,12,2023-12-06,2023-12-25,20,Enfant malade,Oui,Juridique
10180,1068,2024,9,2024-09-26,2024-10-06,11,RTT,Oui,Commercial
14092,2196,2022,11,2022-11-26,2022-11-28,3,Congé payé,Oui,Commercial
14554,1501,2023,6,2023-06-14,2023-06-18,5,paid leave,Oui,R&D
10862,3056,2024,11,2024-11-02,2024-11-04,3,paid leave,Oui,Marketing
10824,3295,2022,6,2022-06-19,2022-06-19,1,Congé payé,Oui,RH
11852,1485,2024,1,2024-01-03,2024-01-15,13,Congé sans solde,Oui,Direction
10653,2442,2022,1,2022-01-19,2022-01-20,2,Maladie,Oui,Logistique
14719,3295,2024,12,2024-12-19,2024-12-21,3,Maladie,Oui,RH
12696,2314,2024,12,2024-12-25,2025-01-10,17,Maladie,Oui,Finance
13489,2134,2022,6,2022-06-09,2022-06-23,15,Absence injustifiée,Non,Direction
14846,2254,2022,9,2022-09-15,2022-09-16,2,Enfant malade,Oui,R&D
14439,2317,2024,5,2024-05-04,2024-05-17,14,RTT,Oui,Opérations
14841,1445,2022,4,2022-04-13,2022-04-20,8,Congé sans solde,Oui,Informatique
13793,2613,2024,8,2024-08-21,2024-08-31,11,RTT,Oui,Marketing
15042,2393,2022,5,2022-05-23,2022-06-07,16,Enfant malade,Oui,Logistique
15617,2865,2022,12,2022-12-24,2022-12-31,8,Maladie,Oui,Marketing
10305,2077,2022,3,2022-03-24,2022-03-27,4,Maladie,Oui,Logistique
14843,1178,2023,1,2023-01-11,2023-01-31,21,Maladie,Oui,Marketing
15024,1770,2023,11,2023-11-22,2023-12-02,11,Congé payé,Oui,R&D
10876,1266,2023,4,2023-04-07,2023-04-15,9,Absence injustifiée,Non,RH
15545,3274,2023,2,2023-02-01,2023-02-05,5,RTT,Oui,Marketing
15045,2077,2024,10,2024-10-06,2024-10-22,17,RTT,Oui,Logistique
13819,3357,2022,5,2022-05-26,2022-06-05,11,Maternité/Paternité,Oui,Juridique
10155,2333,2023,1,2023-01-21,2023-02-05,16,paid leave,Oui,Marketing
11306,1533,2024,1,2024-01-03,2024-01-17,15,paid leave,Oui,Logistique
12238,1877,2023,11,2023-11-28,2023-12-08,11,paid leave,Oui,R&D
16060,2762,2023,2,2023-02-20,2023-02-26,7,Maladie,Oui,RH
10111,2454,2024,3,2024-03-25,2024-04-09,16,Absence injustifiée,Non,Informatique
15996,3189,2023,7,2023-07-16,2023-07-21,6,Congé payé,Oui,Finance
11841,2120,2023,8,2023-08-22,2023-09-07,17,Formation,Oui,RH
12663,2911,2024,2,2024-02-14,2024-02-20,7,Congé payé,Oui,Direction
14251,2764,2024,1,2024-01-07,2024-01-13,7,Enfant malade,Oui,Opérations
10228,2344,2024,8,2024-08-10,2024-08-25,16,sick leave,Oui,R&D
10085,2911,2023,6,2023-06-20,2023-06-30,-11,Congé sans solde,Oui,Direction
12196,2193,2023,9,2023-09-06,2023-09-13,8,Maladie,Oui,Marketing
12731,3371,2022,5,2022-05-04,2022-05-07,4,Congé payé,Oui,Direction
10127,2038,2024,7,2024-07-16,2024-07-25,10,RTT,Oui,Informatique
14482,1191,2023,11,2023-11-24,2023-11-30,7,Congé sans solde,Oui,R&D
10806,3288,2024,7,2024-07-10,2024-07-15,6,sick leave,Oui,RH
12380,1877,2022,3,2022-03-17,2022-03-28,12,RTT,Oui,R&D
12310,1957,2023,10,2023-10-22,2023-10-27,6,RTT,Oui,Finance
13149,1684,2022,10,2022-10-11,2022-10-13,3,sick leave,Oui,R&D
10666,1769,2024,4,2024-04-23,2024-04-30,8,sick leave,Oui,Opérations
12599,1232,2022,9,2022-09-01,2022-09-11,11,Formation,Oui,Marketing
13321,1393,2023,9,2023-09-15,2023-09-28,14,Maladie,Oui,Logistique
14622,2648,2024,7,2024-07-20,2024-07-28,9,RTT,Oui,Direction
10809,2879,2024,10,2024-10-26,2024-10-29,4,Congé sans solde,Oui,Finance
11641,3251,2024,8,2024-08-28,2024-09-16,20,paid leave,Oui,R&D
12708,2217,2023,9,2023-09-16,2023-09-16,1,Congé payé,Oui,Commercial
12326,1194,2022,8,2022-08-10,2022-08-12,3,Accident du travail,Oui,R&D
14975,2956,2024,6,2024-06-11,2024-06-19,9,Congé sans solde,Oui,Informatique
11028,1679,2024,2,2024-02-04,2024-02-06,3,Maladie,Oui,Finance
11421,2317,2024,5,2024-05-13,2024-05-23,11,Maternité/Paternité,Oui,Opérations
11311,1770,2024,4,2024-04-06,2024-04-13,8,Congé payé,Oui,R&D
13962,2475,2024,6,2024-06-15,2024-07-03,19,paid leave,Oui,R&D
12490,2488,2023,8,2023-08-12,2023-08-23,12,RTT,Oui,Finance
10762,2068,2022,2,2022-02-22,2022-03-09,16,Formation,Oui,R&D
13933,3149,2022,6,2022-06-01,2022-06-07,7,Accident du travail,Oui,Direction
10931,1347,2024,2,2024-02-12,2024-02-23,12,sick leave,Oui,Marketing
10434,1281,2022,6,2022-06-28,2022-07-02,5,Congé payé,Oui,Direction
13556,2510,2023,6,2023-06-19,2023-06-30,12,Congé payé,Oui,Marketing
11775,1709,2022,4,2022-04-09,2022-04-29,21,Maladie,Oui,R&D
10627,1044,2022,8,2022-08-05,2022-08-19,15,Congé sans solde,Oui,Marketing
16080,1496,2022,11,2022-11-22,2022-12-09,18,paid leave,Oui,Finance
12052,2426,2022,6,2022-06-11,2022-06-20,10,Congé payé,Oui,Finance
13169,2648,2024,3,2024-03-09,2024-03-23,15,Formation,Oui,Direction
14568,3139,2022,7,2022-07-17,2022-07-25,9,Maladie,Oui,Finance
11188,1256,2023,9,2023-09-28,2023-10-08,11,sick leave,Oui,Logistique
13592,1281,2023,11,2023-11-01,2023-11-10,10,RTT,Oui,Direction
10761,1015,2022,3,2022-03-10,2022-03-11,2,Enfant malade,Oui,Logistique
15210,1311,2022,6,2022-06-16,2022-06-26,11,Maladie,Oui,Opérations
12750,1450,2024,4,2024-04-01,2024-04-01,1,RTT,Oui,Finance
12893,2081,2023,12,2023-12-23,2024-01-08,17,Formation,Oui,Finance
13202,2040,2024,5,2024-05-04,2024-05-06,3,Accident du travail,Oui,Opérations
13446,2370,2023,8,2023-08-23,2023-09-01,10,Enfant malade,Oui,Informatique
10602,1333,2023,9,2023-09-28,2023-10-09,12,Congé payé,Oui,R&D
14615,1761,2022,8,2022-08-07,2022-08-25,19,Maladie,Oui,Logistique
13043,3287,2022,10,2022-10-10,2022-10-22,13,Maladie,Oui,Commercial
15675,2976,2024,12,2024-12-23,2025-01-04,13,Formation,Oui,RH
14347,1494,2023,9,2023-09-06,2023-09-11,6,sick leave,Oui,Opérations
13675,3289,2022,4,2022-04-12,2022-04-17,6,Congé payé,Oui,Marketing
16072,3394,2022,12,2022-12-13,2023-01-01,20,Absence injustifiée,Non,Commercial
13212,1709,2022,8,2022-08-16,2022-08-22,7,Maladie,Oui,R&D
15986,2317,2022,1,2022-01-25,2022-01-31,7,Congé payé,Oui,Opérations
14159,2981,2023,2,2023-02-20,2023-03-05,14,Congé payé,Oui,Marketing
12148,1374,2022,8,2022-08-27,2022-09-08,13,Accident du travail,Oui,Marketing
12774,3154,2024,2,2024-02-16,2024-03-07,21,Congé payé,Oui,R&D
13329,3288,2024,5,2024-05-03,2024-05-06,4,Maladie,Oui,RH
10550,2333,2022,8,2022-08-09,2022-08-21,13,Congé payé,Oui,Marketing
10041,1669,2022,8,2022-08-20,2022-08-10,-11,Congé payé,Oui,Juridique
11587,1412,2024,2,2024-02-26,2024-03-04,8,RTT,Oui,Opérations
15253,2040,2024,10,2024-10-18,2024-10-20,3,Maladie,Oui,Opérations
11898,1409,2024,1,2024-01-27,2024-02-04,9,paid leave,Oui,Logistique
13617,2038,2023,6,2023-06-19,2023-07-05,17,Formation,Oui,Informatique
11003,3152,2022,11,2022-11-15,2022-11-22,8,RTT,Oui,Informatique
15325,1051,2023,12,2023-12-10,2023-12-12,3,RTT,Oui,Opérations
13064,2488,2024,1,2024-01-27,2024-02-12,17,Absence injustifiée,Non,Finance
12243,1301,2023,3,2023-03-27,2023-04-06,11,Congé payé,Oui,Commercial
12812,1937,2022,6,2022-06-22,2022-07-04,13,Accident du travail,Oui,Informatique
12258,2762,2023,6,2023-06-28,2023-06-28,1,Maladie,Oui,RH
13589,3076,2022,8,2022-08-22,2022-08-31,10,sick leave,Oui,Commercial
15576,3327,2023,11,2023-11-11,2023-11-25,15,RTT,Oui,Commercial
13595,1445,2024,4,2024-04-09,2024-04-18,10,Congé sans solde,Oui,Informatique
11825,1742,2023,1,2023-01-21,2023-02-09,20,RTT,Oui,Informatique
11478,2495,2024,1,2024-01-12,2024-01-14,3,Accident du travail,Oui,Juridique
12272,2630,2024,1,2024-01-15,2024-01-17,3,Enfant malade,Oui,Finance
10645,2118,2023,5,2023-05-07,2023-05-19,13,Formation,Oui,Opérations
12396,1669,2022,12,2022-12-21,2022-12-31,11,Congé sans solde,Oui,Juridique
10810,3274,2022,1,2022-01-15,2022-01-25,11,Congé payé,Oui,Marketing
14187,2645,2022,9,2022-09-09,2022-09-16,8,Maladie,Oui,Finance
16064,1345,2024,5,2024-05-07,2024-05-17,11,Congé sans solde,Oui,Informatique
11540,1782,2023,12,2023-12-20,2023-12-29,10,Congé sans solde,Oui,Juridique
15439,1068,2022,10,2022-10-07,2022-10-14,8,RTT,Oui,Commercial
15784,1124,2024,9,2024-09-07,2024-09-08,2,Congé payé,Oui,Finance
13848,1273,2022,6,2022-06-18,2022-06-27,10,paid leave,Oui,Informatique
12278,2573,2023,2,2023-02-25,2023-02-26,2,Maternité/Paternité,Oui,RH
11297,2988,2024,6,2024-06-19,2024-07-06,18,Congé payé,Oui,RH
11757,2810,2022,5,2022-05-12,2022-05-28,17,Congé payé,Oui,RH
15354,2607,2024,6,2024-06-17,2024-06-20,4,Formation,Oui,Operations
15481,1662,2023,10,2023-10-21,2023-10-27,7,paid leave,Oui,Direction
10458,2134,2024,2,2024-02-05,2024-02-08,4,Maladie,Oui,Direction
10841,2120,2024,8,2024-08-22,2024-09-10,20,Accident du travail,Oui,RH
15888,2115,2022,11,2022-11-08,2022-11-14,7,Enfant malade,Oui,Juridique
13294,1921,2024,10,2024-10-09,2024-10-14,6,Formation,Oui,Opérations
13847,1068,2023,5,2023-05-23,2023-05-27,5,RTT,Oui,Commercial
10655,2988,2024,7,2024-07-21,2024-08-05,16,sick leave,Oui,RH
11712,1959,2024,6,2024-06-19,2024-06-23,5,RTT,Oui,Commercial
10157,2442,2023,2,2023-02-01,2023-02-20,20,Congé payé,Oui,Logistique
15780,2321,2022,5,2022-05-02,2022-05-14,13,paid leave,Oui,Informatique
12962,1924,2023,1,2023-01-07,2023-01-09,3,Congé sans solde,Oui,Informatique
12344,1340,2023,1,2023-01-09,2023-01-21,13,Congé payé,Oui,RH
14713,2046,2023,4,2023-04-05,2023-04-07,3,Maternité/Paternité,Oui,Direction
12166,2400,2023,12,2023-12-12,2023-12-25,14,Absence injustifiée,Non,Finance
12643,1177,2023,5,2023-05-16,2023-05-19,4,Maladie,Oui,RH
11414,3264,2024,1,2024-01-18,2024-02-02,16,RTT,Oui,R&D
11352,1470,2024,7,2024-07-15,2024-07-18,4,Maladie,Oui,RH
12692,1106,2022,6,2022-06-21,2022-07-11,21,Congé sans solde,Oui,Marketing
14797,1976,2023,2,2023-02-19,2023-03-09,19,Congé sans solde,Oui,Marketing
16136,3288,2024,5,2024-05-03,2024-05-20,19,Maternité/Paternité,Oui,RH
12018,2502,2024,9,2024-09-22,2024-10-12,21,Absence injustifiée,Non,RH
10585,3156,2022,9,2022-09-23,2022-09-29,7,Maternité/Paternité,Oui,Informatique
10828,1501,2022,11,2022-11-05,2022-11-08,4,Congé payé,Oui,R&D
13042,1642,2023,5,2023-05-10,2023-05-18,9,Maladie,Oui,Juridique
15848,1469,2023,1,2023-01-17,2023-02-02,17,Congé payé,Oui,Direction
11213,2191,2024,12,2024-12-05,2024-12-16,12,Maladie,Oui,R&D
11902,2617,2022,8,2022-08-13,2022-09-01,20,Accident du travail,Oui,Opérations
11417,3263,2024,1,2024-01-04,2024-01-04,1,Absence injustifiée,Non,Informatique
14527,3362,2023,11,2023-11-23,2023-11-23,1,RTT,Oui,Marketing
15383,2475,2022,2,2022-02-18,2022-02-21,4,Maternité/Paternité,Oui,R&D
14163,2354,2023,5,2023-05-15,2023-05-23,9,Maladie,Oui,Marketing
10271,2452,2023,6,2023-06-11,2023-06-20,10,Absence injustifiée,Non,Direction
13147,3251,2023,8,2023-08-27,2023-08-30,4,Maladie,Oui,R&D
13373,2879,2024,8,2024-08-06,2024-08-11,6,Formation,Oui,Finance
14315,2653,2024,11,2024-11-10,2024-11-28,19,Congé payé,Oui,Finance
14594,1937,2024,4,2024-04-23,2024-04-26,4,Maladie,Oui,Informatique
13486,1273,2022,9,2022-09-12,2022-09-27,16,Formation,Oui,Informatique
11600,2949,2023,8,2023-08-10,2023-08-26,17,RTT,Oui,Opérations
11343,2510,2023,8,2023-08-19,2023-09-01,14,Congé payé,Oui,Marketing
15552,1596,2022,10,2022-10-16,2022-10-27,12,Maladie,Oui,R&D
14362,1767,2024,2,2024-02-08,2024-02-28,21,paid leave,Oui,Informatique
15922,1178,2022,2,2022-02-27,2022-03-17,19,Absence injustifiée,Non,Marketing
15851,1138,2023,4,2023-04-05,2023-04-12,8,paid leave,Oui,Juridique
14791,3394,2023,12,2023-12-03,2023-12-17,15,Absence injustifiée,Non,Commercial
12876,3239,2024,12,2024-12-05,2024-12-10,6,Accident du travail,Oui,Finance
10764,2122,2023,5,2023-05-18,2023-05-29,12,sick leave,Oui,Management
14351,1469,2024,6,2024-06-15,2024-07-01,17,Maladie,Oui,Direction
15120,2574,2022,10,2022-10-26,2022-11-14,20,Congé sans solde,Oui,Juridique
10606,1138,2024,6,2024-06-28,2024-07-02,5,Maladie,Oui,Juridique
11355,1949,2022,8,2022-08-28,2022-09-17,21,RTT,Oui,Marketing
15926,1298,2024,7,2024-07-18,2024-07-27,10,RTT,Oui,R&D
13050,2574,2024,7,2024-07-09,2024-07-28,20,Accident du travail,Oui,Juridique
10576,2289,2023,6,2023-06-02,2023-06-11,10,paid leave,Oui,Marketing
10118,1273,2024,3,2024-03-07,2024-03-26,20,Formation,Oui,Informatique
10680,1533,2024,5,2024-05-01,2024-05-15,15,Absence injustifiée,Non,Logistique
10807,2018,2023,8,2023-08-24,2023-08-30,7,RTT,Oui,Direction
12043,2126,2022,5,2022-05-16,2022-06-04,20,Formation,Oui,Opérations
10993,2831,2023,10,2023-10-12,2023-10-24,13,sick leave,Oui,Logistique
14650,1775,2023,8,2023-08-08,2023-08-15,8,paid leave,Oui,R&D
12770,2665,2024,10,2024-10-20,2024-10-21,2,RTT,Oui,Direction
15720,1271,2024,9,2024-09-07,2024-09-13,7,Congé payé,Oui,Juridique
14663,1070,2022,4,2022-04-23,2022-05-05,13,Accident du travail,Oui,Opérations
12109,1897,2024,10,2024-10-19,2024-10-21,3,Congé sans solde,Oui,Opérations
13939,1767,2022,6,2022-06-11,2022-06-27,17,paid leave,Oui,Informatique
15776,2565,2024,12,2024-12-13,2024-12-16,4,sick leave,Oui,Informatique
13137,1273,2024,11,2024-11-22,2024-12-04,13,Absence injustifiée,Non,Informatique
12412,1744,2023,11,2023-11-16,2023-11-19,4,Absence injustifiée,Non,Direction
15397,3000,2024,1,2024-01-14,2024-01-27,14,paid leave,Oui,Opérations
11716,3029,2024,3,2024-03-16,2024-03-22,7,sick leave,Oui,Commercial
13193,1015,2024,4,2024-04-21,2024-04-29,9,paid leave,Oui,Logistique
12505,3356,2024,9,2024-09-06,2024-09-26,21,RTT,Oui,Finance
12507,3392,2024,1,2024-01-18,2024-01-21,4,sick leave,Oui,Marketing
12274,1252,2024,5,2024-05-11,2024-05-13,3,Maladie,Oui,Juridique
11895,1824,2022,9,2022-09-13,2022-09-23,11,Formation,Oui,Marketing
15449,2607,2023,11,2023-11-21,2023-11-26,6,Maladie,Oui,Operations
15136,2118,2023,5,2023-05-07,2023-05-10,4,Maternité/Paternité,Oui,Opérations
15976,1229,2022,4,2022-04-28,2022-04-28,1,Congé sans solde,Oui,Informatique
15038,1898,2024,6,2024-06-28,2024-06-30,3,RTT,Oui,Opérations
12393,1194,2023,6,2023-06-23,2023-07-01,9,Maladie,Oui,R&D
10487,2607,2022,11,2022-11-15,2022-11-21,7,Congé payé,Oui,Operations
14065,3176,2024,12,2024-12-19,2024-12-24,6,Formation,Oui,Finance
11276,3123,2023,7,2023-07-01,2023-07-05,5,Maladie,Oui,Commercial
12951,1117,2022,12,2022-12-02,2022-12-04,3,Maladie,Oui,Marketing
15565,3029,2022,4,2022-04-08,2022-04-14,7,RTT,Oui,Commercial
14853,2648,2022,8,2022-08-09,2022-08-09,1,Maladie,Oui,Direction
11392,2523,2023,8,2023-08-23,2023-08-24,2,RTT,Oui,Marketing
12244,3223,2024,4,2024-04-05,2024-04-13,9,Maternité/Paternité,Oui,Finance
11323,1121,2022,8,2022-08-15,2022-08-23,9,Congé sans solde,Oui,Direction
15955,2192,2022,7,2022-07-09,2022-07-21,13,Maladie,Oui,Logistique
11816,2761,2023,3,2023-03-11,2023-03-29,19,Accident du travail,Oui,Informatique
10380,1550,2023,6,2023-06-28,2023-06-30,3,Accident du travail,Oui,Marketing
15599,1178,2022,2,2022-02-12,2022-02-23,12,Maternité/Paternité,Oui,Marketing
14271,3148,2022,2,2022-02-02,2022-02-14,13,Congé sans solde,Oui,R&D
15788,2475,2023,4,2023-04-02,2023-04-15,14,Congé payé,Oui,R&D
15865,2605,2022,7,2022-07-02,2022-07-10,9,Enfant malade,Oui,Commercial
11603,1374,2022,3,2022-03-20,2022-03-26,7,Congé payé,Oui,Marketing
15982,2010,2022,11,2022-11-15,2022-11-26,12,Enfant malade,Oui,Informatique
11959,1427,2022,1,2022-01-21,2022-01-21,1,Absence injustifiée,Non,Legal
13814,2438,2024,5,2024-05-11,2024-05-31,21,Formation,Oui,Informatique
14837,1707,2024,12,2024-12-25,2025-01-04,11,RTT,Oui,Opérations
10026,2813,2022,5,2022-05-17,2022-05-11,-7,sick leave,Oui,Finance
12819,1301,2024,2,2024-02-03,2024-02-19,17,Maladie,Oui,Commercial
15872,3256,2024,3,2024-03-09,2024-03-14,6,paid leave,Oui,Opérations
12870,1178,2024,1,2024-01-15,2024-02-03,20,Congé payé,Oui,Marketing
12510,2370,2023,9,2023-09-15,2023-09-23,9,RTT,Oui,Informatique
10709,1655,2024,3,2024-03-06,2024-03-06,1,Maladie,Oui,Commercial
12527,1124,2022,10,2022-10-10,2022-10-20,11,Formation,Oui,Finance
14869,2193,2023,1,2023-01-11,2023-01-29,19,Maladie,Oui,Marketing
13698,3024,2023,7,2023-07-19,2023-08-06,19,Maladie,Oui,RH
11039,1501,2022,7,2022-07-08,2022-07-13,6,Accident du travail,Oui,R&D
14350,1957,2024,6,2024-06-20,2024-06-25,6,Accident du travail,Oui,Finance
11929,3024,2022,8,2022-08-14,2022-08-14,1,Maladie,Oui,RH
13144,1460,2022,4,2022-04-11,2022-04-15,5,Maladie,Oui,R&D
15666,2129,2022,10,2022-10-11,2022-10-27,17,Accident du travail,Oui,Informatique
15184,1561,2024,10,2024-10-28,2024-11-03,7,Maladie,Oui,Legal
10617,1775,2024,5,2024-05-06,2024-05-07,2,Congé payé,Oui,R&D
15270,3062,2022,8,2022-08-23,2022-09-07,16,Absence injustifiée,Non,Informatique
14909,1255,2022,10,2022-10-21,2022-10-28,8,Congé sans solde,Oui,R&D
14642,1566,2023,6,2023-06-15,2023-06-25,11,Congé payé,Oui,Informatique
15148,2009,2023,5,2023-05-19,2023-05-21,3,Congé payé,Oui,Finance
14126,1485,2023,6,2023-06-06,2023-06-13,8,paid leave,Oui,Direction
15475,1402,2024,1,2024-01-27,2024-02-08,13,Formation,Oui,Logistique
14818,2651,2024,12,2024-12-26,2025-01-03,9,Accident du travail,Oui,R&D
12413,3239,2024,3,2024-03-14,2024-03-17,4,Maladie,Oui,Finance
14300,2191,2024,1,2024-01-20,2024-02-02,14,Maternité/Paternité,Oui,R&D
13420,3029,2024,2,2024-02-28,2024-03-12,14,Congé payé,Oui,Commercial
15165,2135,2023,7,2023-07-26,2023-07-31,6,Congé payé,Oui,Finance
15582,1051,2022,6,2022-06-27,2022-07-14,18,Maladie,Oui,Opérations
13577,3061,2024,3,2024-03-06,2024-03-16,11,Congé payé,Oui,R&D
10906,1024,2024,6,2024-06-17,2024-07-06,20,Accident du travail,Oui,Juridique
13931,1897,2022,6,2022-06-09,2022-06-26,18,Accident du travail,Oui,Opérations
13543,3117,2024,8,2024-08-15,2024-08-25,11,Maladie,Oui,Commercial
11659,2324,2022,2,2022-02-19,2022-02-21,3,RTT,Oui,Commercial
10706,2360,2024,12,2024-12-07,2024-12-15,9,paid leave,Oui,RH
15500,3139,2023,2,2023-02-18,2023-03-03,14,RTT,Oui,Finance
14614,2344,2023,6,2023-06-19,2023-07-08,20,Congé payé,Oui,R&D
14563,1229,2024,1,2024-01-19,2024-01-24,6,sick leave,Oui,Informatique
13873,1924,2024,11,2024-11-17,2024-12-05,19,Maladie,Oui,Informatique
12353,3204,2023,6,2023-06-19,2023-06-30,12,Congé sans solde,Oui,Direction
15401,2485,2023,8,2023-08-10,2023-08-30,21,Congé payé,Oui,R&D
10450,3287,2024,12,2024-12-16,2024-12-31,16,paid leave,Oui,Commercial
12098,1460,2024,12,2024-12-10,2024-12-11,2,RTT,Oui,R&D
15095,2040,2024,10,2024-10-21,2024-11-09,20,Formation,Oui,Opérations
10637,1744,2022,12,2022-12-27,2023-01-14,19,Maladie,Oui,Direction
11216,2930,2023,4,2023-04-23,2023-04-23,1,Formation,Oui,Logistique
15171,2120,2024,5,2024-05-03,2024-05-21,19,paid leave,Oui,RH
12076,1482,2024,3,2024-03-11,2024-03-28,18,sick leave,Oui,Juridique
13983,2495,2022,11,2022-11-17,2022-12-07,21,Accident du travail,Oui,Juridique
11437,3129,2023,8,2023-08-04,2023-08-11,8,Congé payé,Oui,Marketing
13965,2244,2024,12,2024-12-06,2024-12-13,8,Congé sans solde,Oui,RH
10765,3187,2023,9,2023-09-18,2023-09-30,13,Accident du travail,Oui,Juridique
11430,1796,2023,11,2023-11-19,2023-12-02,14,Congé payé,Oui,Marketing
12351,2016,2023,3,2023-03-24,2023-04-08,16,Congé payé,Oui,RH
15613,2977,2023,11,2023-11-19,2023-11-24,6,paid leave,Oui,Commercial
12544,2077,2023,9,2023-09-20,2023-10-09,20,Congé payé,Oui,Logistique
14120,2406,2022,8,2022-08-14,2022-08-22,9,paid leave,Oui,Finance
11059,1371,2023,12,2023-12-14,2023-12-29,16,Maternité/Paternité,Oui,Commercial
10795,1044,2024,4,2024-04-09,2024-04-19,11,Congé payé,Oui,Marketing
10910,1127,2023,11,2023-11-24,2023-12-04,11,Maladie,Oui,Marketing
12443,2488,2022,3,2022-03-17,2022-04-01,16,RTT,Oui,Finance
15625,2324,2023,6,2023-06-12,2023-06-30,19,sick leave,Oui,Commercial
13869,1743,2024,3,2024-03-04,2024-03-14,11,Maladie,Oui,Marketing
14456,1550,2024,10,2024-10-22,2024-10-22,1,Congé payé,Oui,Marketing
13857,3287,2023,4,2023-04-19,2023-05-09,21,Maladie,Oui,Commercial
13034,2239,2022,9,2022-09-04,2022-09-09,6,Maladie,Oui,Marketing
14769,1015,2022,7,2022-07-16,2022-08-03,19,Maladie,Oui,Logistique
15487,1596,2024,8,2024-08-02,2024-08-03,2,Absence injustifiée,Non,R&D
13057,3028,2023,8,2023-08-11,2023-08-18,8,sick leave,Oui,Finance
11088,2632,2023,4,2023-04-11,2023-04-20,10,Maladie,Oui,Logistique
13259,3117,2023,4,2023-04-02,2023-04-08,7,Maladie,Oui,Commercial
13187,3356,2023,5,2023-05-03,2023-05-18,16,Absence injustifiée,Non,Finance
10230,3129,2024,5,2024-05-07,2024-05-24,18,Maternité/Paternité,Oui,Marketing
13076,2909,2024,4,2024-04-01,2024-04-16,16,Maladie,Oui,RH
13786,1934,2022,3,2022-03-27,2022-04-06,11,Formation,Oui,Direction
13680,3315,2024,10,2024-10-23,2024-11-10,19,Maladie,Oui,Commercial
11085,3204,2024,10,2024-10-06,2024-10-16,11,Maternité/Paternité,Oui,Direction
10591,2221,2023,5,2023-05-12,2023-05-26,15,Accident du travail,Oui,R&D
10181,1177,2022,10,2022-10-01,2022-10-05,5,Maladie,Oui,RH
11449,1024,2023,6,2023-06-18,2023-06-29,12,RTT,Oui,Juridique
12054,2343,2022,10,2022-10-06,2022-10-24,19,Maladie,Oui,Marketing
11380,2874,2023,11,2023-11-08,2023-11-11,4,Enfant malade,Oui,Commercial
15997,2400,2022,3,2022-03-17,2022-03-29,13,RTT,Oui,Finance
10253,1957,2024,6,2024-06-16,2024-06-27,12,Maladie,Oui,Finance
10206,1609,2024,12,2024-12-06,2024-12-20,15,Congé payé,Oui,Direction
15650,1749,2023,1,2023-01-14,2023-01-18,5,Maladie,Oui,Logistique
15059,2046,2024,8,2024-08-26,2024-09-04,10,sick leave,Oui,Direction
10607,1744,2024,11,2024-11-15,2024-11-20,6,Congé payé,Oui,Direction
14979,2475,2024,8,2024-08-18,2024-08-18,1,Maternité/Paternité,Oui,R&D
14532,2289,2024,4,2024-04-23,2024-05-09,17,Congé payé,Oui,Marketing
14478,2015,2022,1,2022-01-04,2022-01-11,8,Formation,Oui,RH
12518,1124,2022,1,2022-01-13,2022-02-02,21,Accident du travail,Oui,Finance
11568,1218,2024,1,2024-01-22,2024-02-01,11,Maternité/Paternité,Oui,Juridique
12108,2645,2024,2,2024-02-01,2024-02-11,11,Congé sans solde,Oui,Finance
11621,1655,2024,11,2024-11-07,2024-11-13,7,RTT,Oui,Commercial
14068,2414,2022,6,2022-06-24,2022-07-13,20,paid leave,Oui,Finance
11706,1749,2022,6,2022-06-21,2022-07-06,16,Maternité/Paternité,Oui,Logistique
11834,1673,2024,9,2024-09-19,2024-09-27,9,Congé payé,Oui,Direction
13153,2077,2022,9,2022-09-07,2022-09-13,7,Enfant malade,Oui,Logistique
12818,1214,2024,3,2024-03-10,2024-03-12,3,sick leave,Oui,R&D
13359,1320,2023,8,2023-08-28,2023-08-29,2,Congé payé,Oui,Commercial
12933,1952,2024,7,2024-07-06,2024-07-26,21,RTT,Oui,Informatique
11432,1121,2022,7,2022-07-13,2022-07-13,1,RTT,Oui,Direction
13619,1765,2024,8,2024-08-28,2024-08-28,1,Congé payé,Oui,Commercial
11891,1340,2024,1,2024-01-03,2024-01-03,1,Congé payé,Oui,RH
15841,3123,2023,9,2023-09-24,2023-09-27,4,Absence injustifiée,Non,Commercial
10054,2503,2023,3,2023-03-19,2023-03-13,-7,Congé payé,Oui,Informatique
10574,2625,2022,9,2022-09-22,2022-10-02,11,Congé payé,Oui,Commercial
14785,3318,2022,12,2022-12-06,2022-12-12,7,Congé payé,Oui,Juridique
14000,2218,2023,12,2023-12-21,2024-01-10,21,RTT,Oui,Logistique
13630,1371,2024,8,2024-08-17,2024-09-03,18,Congé payé,Oui,Commercial
10739,1371,2023,8,2023-08-26,2023-09-12,18,Absence injustifiée,Non,Commercial
11759,1403,2023,8,2023-08-23,2023-09-01,10,Congé payé,Oui,Opérations
12775,3028,2023,6,2023-06-26,2023-07-12,17,RTT,Oui,Finance
14027,2183,2023,6,2023-06-12,2023-07-02,21,sick leave,Oui,Direction
11229,2625,2023,7,2023-07-02,2023-07-11,10,Enfant malade,Oui,Commercial
13046,3015,2023,11,2023-11-26,2023-11-27,2,Congé payé,Oui,Commercial
11144,3251,2024,11,2024-11-02,2024-11-18,17,RTT,Oui,R&D
12178,2772,2022,7,2022-07-27,2022-07-30,4,Enfant malade,Oui,Marketing
16092,1403,2022,9,2022-09-11,2022-09-22,12,Absence injustifiée,Non,Opérations
12941,1673,2024,11,2024-11-27,2024-12-03,7,paid leave,Oui,Direction
15683,1106,2024,11,2024-11-15,2024-12-05,21,sick leave,Oui,Marketing
14309,1524,2022,6,2022-06-13,2022-07-01,19,Absence injustifiée,Non,Marketing
12118,1619,2022,2,2022-02-21,2022-02-24,4,Maladie,Oui,Opérations
13904,2125,2024,6,2024-06-23,2024-06-27,5,Absence injustifiée,Non,Marketing
14825,2283,2022,11,2022-11-02,2022-11-19,18,RTT,Oui,Opérations
15653,1673,2022,6,2022-06-11,2022-06-22,12,Enfant malade,Oui,Direction
12634,1616,2023,7,2023-07-12,2023-07-16,5,Maladie,Oui,Finance
11662,3287,2022,5,2022-05-25,2022-05-30,6,RTT,Oui,Commercial
10844,1252,2023,12,2023-12-22,2024-01-08,18,Congé payé,Oui,Juridique
15062,1744,2024,1,2024-01-06,2024-01-08,3,Congé payé,Oui,Direction
12257,1712,2022,7,2022-07-05,2022-07-11,7,Maladie,Oui,Juridique
13219,1218,2024,7,2024-07-03,2024-07-18,16,Maladie,Oui,Juridique
15277,1971,2024,1,2024-01-04,2024-01-05,2,paid leave,Oui,Logistique
11463,2448,2023,6,2023-06-01,2023-06-02,2,RTT,Oui,Logistique
16122,2746,2024,9,2024-09-27,2024-10-09,14,Formation,Oui,Finance
10437,2157,2023,11,2023-11-05,2023-11-15,11,Absence injustifiée,Non,Logistique
10329,2645,2022,8,2022-08-24,2022-08-25,2,Formation,Oui,Finance
14106,2673,2022,11,2022-11-12,2022-11-20,9,sick leave,Oui,Logistique
10130,2140,2023,11,2023-11-27,2023-12-08,12,sick leave,Oui,R&D
10711,1770,2022,11,2022-11-05,2022-11-12,8,Congé payé,Oui,R&D
10735,2648,2022,2,2022-02-04,2022-02-17,14,sick leave,Oui,Direction
15156,2754,2024,11,2024-11-05,2024-11-12,8,Maladie,Oui,Opérations
12106,3251,2024,3,2024-03-14,2024-03-25,12,Congé sans solde,Oui,R&D
10025,2523,2024,12,2024-12-09,2024-11-30,-10,Accident du travail,Oui,Marketing
13911,3179,2024,11,2024-11-22,2024-11-26,5,Maladie,Oui,Direction
14050,2776,2024,2,2024-02-20,2024-02-21,2,Congé sans solde,Oui,Juridique
13374,1015,2024,9,2024-09-28,2024-10-05,8,Absence injustifiée,Non,Logistique
11856,1782,2022,5,2022-05-14,2022-05-25,12,Congé sans solde,Oui,Juridique
12504,1921,2022,7,2022-07-01,2022-07-12,12,Accident du travail,Oui,Opérations
12423,2565,2024,12,2024-12-04,2024-12-16,13,Congé sans solde,Oui,Informatique
11135,3318,2024,5,2024-05-08,2024-05-09,2,Maternité/Paternité,Oui,Juridique
13434,1024,2022,6,2022-06-09,2022-06-23,15,Maladie,Oui,Juridique
13163,2503,2024,7,2024-07-08,2024-07-21,14,RTT,Oui,Informatique
11304,3106,2024,10,2024-10-23,2024-11-03,12,RTT,Oui,R&D
12464,2764,2024,11,2024-11-11,2024-12-01,21,Maladie,Oui,Opérations
10751,1093,2024,8,2024-08-02,2024-08-02,1,Maternité/Paternité,Oui,Juridique
13087,1616,2024,7,2024-07-15,2024-07-29,15,RTT,Oui,Finance
15541,2173,2022,9,2022-09-22,2022-10-12,21,Accident du travail,Oui,Direction
13821,1124,2024,10,2024-10-24,2024-11-06,14,Congé sans solde,Oui,Finance
10753,2442,2023,9,2023-09-08,2023-09-18,11,RTT,Oui,Logistique
15822,2605,2022,8,2022-08-09,2022-08-14,6,Congé payé,Oui,Commercial
15127,2343,2024,5,2024-05-28,2024-06-06,10,Formation,Oui,Marketing
10779,1673,2024,6,2024-06-21,2024-07-09,19,Congé payé,Oui,Direction
12831,3061,2022,6,2022-06-07,2022-06-09,3,Congé payé,Oui,R&D
10404,2945,2022,10,2022-10-10,2022-10-25,16,Maladie,Oui,R&D
12899,2244,2022,3,2022-03-16,2022-03-22,7,Congé payé,Oui,RH
15950,3136,2024,10,2024-10-15,2024-10-20,6,Absence injustifiée,Non,Finance
12983,2406,2024,10,2024-10-22,2024-11-07,17,Congé payé,Oui,Finance
12648,2448,2024,5,2024-05-16,2024-06-04,20,Maladie,Oui,Logistique
12906,2452,2022,9,2022-09-28,2022-10-05,8,Accident du travail,Oui,Direction
14157,3327,2023,10,2023-10-26,2023-11-01,7,sick leave,Oui,Commercial
11876,2475,2023,6,2023-06-06,2023-06-15,10,Congé payé,Oui,R&D
14023,2653,2022,9,2022-09-04,2022-09-11,8,Congé payé,Oui,Finance
10905,2120,2022,6,2022-06-06,2022-06-07,2,Congé payé,Oui,RH
10495,1371,2022,6,2022-06-06,2022-06-06,1,Accident du travail,Oui,Commercial
13265,2565,2022,11,2022-11-05,2022-11-18,14,Maladie,Oui,Informatique
14390,3264,2023,2,2023-02-26,2023-03-11,14,Maternité/Paternité,Oui,R&D
15688,3341,2023,3,2023-03-15,2023-03-27,13,Congé payé,Oui,RH
13109,1425,2024,7,2024-07-11,2024-07-16,6,Maternité/Paternité,Oui,Juridique
11111,2414,2022,12,2022-12-22,2022-12-23,2,Congé payé,Oui,Finance
14983,1449,2024,11,2024-11-19,2024-11-25,7,Congé payé,Oui,Juridique
10914,1770,2023,2,2023-02-12,2023-02-17,6,RTT,Oui,R&D
10089,1691,2022,5,2022-05-26,2022-06-13,-19,Maladie,Oui,Opérations
11330,1301,2023,12,2023-12-21,2024-01-08,19,Maternité/Paternité,Oui,Commercial
10289,2527,2024,2,2024-02-22,2024-03-04,12,paid leave,Oui,Opérations
11840,1051,2023,2,2023-02-14,2023-02-25,12,Maternité/Paternité,Oui,Opérations
11494,2442,2022,6,2022-06-23,2022-07-10,18,Maladie,Oui,Logistique
11675,2370,2024,11,2024-11-10,2024-11-30,21,Absence injustifiée,Non,Informatique
10288,2632,2024,6,2024-06-18,2024-06-21,4,sick leave,Oui,Logistique
10145,2605,2023,12,2023-12-07,2023-12-12,6,paid leave,Oui,Commercial
11251,2317,2024,3,2024-03-11,2024-03-22,12,Maladie,Oui,Opérations
13385,3356,2022,8,2022-08-26,2022-08-28,3,Formation,Oui,Finance
14678,2150,2022,9,2022-09-03,2022-09-15,13,paid leave,Oui,Finance
12304,2068,2024,9,2024-09-18,2024-09-20,3,Maladie,Oui,R&D
15691,1212,2024,4,2024-04-21,2024-05-08,18,Maladie,Oui,R&D
13020,2523,2023,2,2023-02-19,2023-02-22,4,Congé payé,Oui,Marketing
15457,1794,2022,6,2022-06-08,2022-06-26,19,sick leave,Oui,Opérations
11901,1957,2024,2,2024-02-19,2024-02-29,11,Absence injustifiée,Non,Finance
12754,1409,2022,7,2022-07-19,2022-07-24,6,Congé payé,Oui,Logistique
10740,1081,2022,10,2022-10-01,2022-10-06,6,RTT,Oui,Juridique
10103,1928,2022,11,2022-11-03,2022-11-20,18,Accident du travail,Oui,Informatique
14237,1290,2022,1,2022-01-26,2022-02-01,7,Maladie,Oui,Informatique
13010,2333,2023,7,2023-07-23,2023-08-04,13,paid leave,Oui,Marketing
11457,2219,2023,1,2023-01-17,2023-02-01,16,paid leave,Oui,R&D
13990,2038,2023,11,2023-11-05,2023-11-14,10,Maladie,Oui,Informatique
11758,3065,2023,3,2023-03-26,2023-03-29,4,Enfant malade,Oui,RH
12593,1761,2023,7,2023-07-23,2023-08-03,12,Maladie,Oui,Logistique
14854,2573,2022,10,2022-10-18,2022-10-19,2,Congé payé,Oui,RH
15933,2625,2024,4,2024-04-28,2024-05-03,6,paid leave,Oui,Commercial
12309,2283,2023,4,2023-04-04,2023-04-05,2,Maladie,Oui,Opérations
14220,2165,2024,9,2024-09-22,2024-10-11,20,RTT,Oui,RH
12008,1921,2024,7,2024-07-13,2024-07-26,14,RTT,Oui,Opérations
15377,1527,2023,12,2023-12-09,2023-12-15,7,Maladie,Oui,Informatique
13919,2097,2023,12,2023-12-05,2023-12-09,5,Absence injustifiée,Non,Logistique
12172,2262,2024,7,2024-07-12,2024-07-26,15,Accident du travail,Oui,Commercial
14269,2762,2023,9,2023-09-14,2023-10-01,18,Congé sans solde,Oui,RH
15740,2527,2022,10,2022-10-09,2022-10-12,4,Maladie,Oui,Opérations
14232,2018,2022,6,2022-06-03,2022-06-18,16,Accident du travail,Oui,Direction
15092,1416,2022,4,2022-04-10,2022-04-18,9,Congé payé,Oui,R&D
13085,3056,2023,4,2023-04-17,2023-04-21,5,Maladie,Oui,Marketing
12288,1576,2024,6,2024-06-18,2024-07-04,17,RTT,Oui,Juridique
11885,1501,2023,6,2023-06-13,2023-06-27,15,Maternité/Paternité,Oui,R&D
14881,1331,2024,11,2024-11-08,2024-11-13,6,Maladie,Oui,Juridique
11632,2351,2023,3,2023-03-26,2023-04-08,14,Maternité/Paternité,Oui,Logistique
12497,2393,2022,11,2022-11-11,2022-11-17,7,Maladie,Oui,Logistique
12948,2404,2023,8,2023-08-21,2023-09-10,21,Enfant malade,Oui,R&D
10446,1399,2022,9,2022-09-17,2022-09-17,1,RTT,Oui,Juridique
12207,3061,2022,8,2022-08-18,2022-08-20,3,Maternité/Paternité,Oui,R&D
10885,3293,2022,8,2022-08-18,2022-09-04,18,Maladie,Oui,Finance
10365,1128,2022,3,2022-03-17,2022-03-25,9,Absence injustifiée,Non,Direction
14967,1340,2024,5,2024-05-09,2024-05-23,15,RTT,Oui,RH
12403,2153,2022,11,2022-11-08,2022-11-17,10,Accident du travail,Oui,Commercial
11149,2016,2023,5,2023-05-16,2023-06-03,19,Maternité/Paternité,Oui,RH
15838,1366,2023,7,2023-07-15,2023-07-29,15,Congé sans solde,Oui,Commercial
11473,1481,2022,9,2022-09-22,2022-10-08,17,RTT,Oui,Marketing
15438,3324,2022,9,2022-09-08,2022-09-16,9,Congé sans solde,Oui,R&D
10540,2036,2022,9,2022-09-25,2022-10-05,11,sick leave,Oui,Informatique
14361,3153,2024,10,2024-10-22,2024-11-02,12,Maladie,Oui,Direction
11844,3223,2023,10,2023-10-11,2023-10-11,1,paid leave,Oui,Finance
11751,3245,2023,12,2023-12-03,2023-12-06,4,RTT,Oui,Marketing
14447,2844,2024,4,2024-04-07,2024-04-18,12,Formation,Oui,Commercial
14893,2523,2024,11,2024-11-26,2024-12-07,12,Maladie,Oui,Marketing
15917,1494,2024,2,2024-02-16,2024-03-04,18,Congé payé,Oui,Opérations
12625,2445,2023,11,2023-11-26,2023-12-04,9,Formation,Oui,Logistique
13551,1548,2024,7,2024-07-25,2024-08-14,21,Accident du travail,Oui,Commercial
10724,2010,2024,8,2024-08-10,2024-08-23,14,Congé payé,Oui,Informatique
11607,3356,2024,2,2024-02-17,2024-03-05,18,Enfant malade,Oui,Finance
11637,1217,2023,1,2023-01-06,2023-01-15,10,Congé payé,Oui,Direction
15912,3076,2024,5,2024-05-26,2024-06-05,11,Enfant malade,Oui,Commercial
14153,1949,2023,4,2023-04-07,2023-04-09,3,Congé sans solde,Oui,Marketing
15413,2120,2022,6,2022-06-17,2022-07-02,16,paid leave,Oui,RH
14172,1450,2022,7,2022-07-28,2022-07-30,3,sick leave,Oui,Finance
13521,2221,2023,4,2023-04-26,2023-05-07,12,Absence injustifiée,Non,R&D
13158,2183,2023,8,2023-08-02,2023-08-09,8,Congé payé,Oui,Direction
15770,2015,2022,2,2022-02-03,2022-02-12,10,sick leave,Oui,RH
15681,2632,2022,10,2022-10-03,2022-10-16,14,Enfant malade,Oui,Logistique
10088,2746,2022,9,2022-09-27,2022-10-16,-20,Congé sans solde,Oui,Finance
13710,2322,2022,2,2022-02-06,2022-02-24,19,Maladie,Oui,RH
14521,2400,2023,9,2023-09-16,2023-10-01,16,sick leave,Oui,Finance
13300,3173,2024,7,2024-07-15,2024-07-31,17,RTT,Oui,Commercial
15663,2930,2024,4,2024-04-14,2024-04-23,10,Accident du travail,Oui,Logistique
14680,1450,2022,5,2022-05-02,2022-05-07,6,Maladie,Oui,Finance
10770,1633,2022,5,2022-05-27,2022-06-06,11,Absence injustifiée,Non,Opérations
14231,1444,2024,4,2024-04-11,2024-04-18,8,RTT,Oui,Commercial
14926,2129,2024,4,2024-04-23,2024-04-24,2,Accident du travail,Oui,Informatique
14579,1523,2022,2,2022-02-20,2022-03-05,14,Formation,Oui,Marketing
14091,2136,2022,1,2022-01-27,2022-02-09,14,Accident du travail,Oui,Juridique
13654,1550,2024,8,2024-08-05,2024-08-16,12,RTT,Oui,Marketing
10275,1127,2023,4,2023-04-22,2023-05-01,10,Maternité/Paternité,Oui,Marketing
10213,1642,2024,7,2024-07-22,2024-07-27,6,Maladie,Oui,Juridique
14490,2235,2024,1,2024-01-19,2024-02-07,20,Maladie,Oui,Informatique
11566,1496,2022,7,2022-07-16,2022-07-27,12,paid leave,Oui,Finance
13860,2971,2022,10,2022-10-11,2022-10-18,8,Maladie,Oui,Opérations
14006,1775,2024,10,2024-10-19,2024-10-25,7,Maladie,Oui,R&D
14445,2762,2022,6,2022-06-24,2022-07-04,11,Congé payé,Oui,RH
11776,3333,2022,6,2022-06-24,2022-07-14,21,Maladie,Oui,Juridique
10333,2393,2022,11,2022-11-07,2022-11-17,11,Maternité/Paternité,Oui,Logistique
15586,3145,2022,12,2022-12-17,2022-12-29,13,Congé sans solde,Oui,Commercial
10962,2324,2022,9,2022-09-01,2022-09-14,14,RTT,Oui,Commercial
15874,3061,2023,2,2023-02-05,2023-02-21,17,Congé payé,Oui,R&D
14549,1024,2024,2,2024-02-07,2024-02-11,5,Maladie,Oui,Juridique
10383,3145,2023,11,2023-11-21,2023-11-26,6,Maladie,Oui,Commercial
10609,1340,2023,6,2023-06-24,2023-07-06,13,Congé payé,Oui,RH
15620,2645,2023,5,2023-05-10,2023-05-17,8,Maternité/Paternité,Oui,Finance
11274,1904,2024,1,2024-01-21,2024-01-26,6,Congé payé,Oui,Marketing
15718,2831,2023,9,2023-09-14,2023-09-26,13,Absence injustifiée,Non,Logistique
10604,1470,2024,10,2024-10-02,2024-10-04,3,Maladie,Oui,RH
11733,1232,2024,10,2024-10-18,2024-11-04,18,Maternité/Paternité,Oui,Marketing
15135,2712,2024,4,2024-04-02,2024-04-09,8,Maladie,Oui,Logistique
14919,3172,2022,2,2022-02-11,2022-02-23,13,RTT,Oui,Marketing
10660,1952,2024,11,2024-11-14,2024-11-30,17,RTT,Oui,Informatique
11580,1743,2023,9,2023-09-04,2023-09-15,12,paid leave,Oui,Marketing
11818,1544,2024,6,2024-06-14,2024-06-28,15,RTT,Oui,Direction
11525,2125,2022,11,2022-11-18,2022-11-27,10,Enfant malade,Oui,Marketing
13410,2765,2022,12,2022-12-19,2022-12-22,4,Maladie,Oui,RH
15902,1767,2023,9,2023-09-24,2023-10-06,13,Enfant malade,Oui,Informatique
12422,3076,2022,1,2022-01-04,2022-01-13,10,Congé sans solde,Oui,Commercial
15223,2781,2022,5,2022-05-21,2022-06-01,12,RTT,Oui,Logistique
12756,3398,2022,6,2022-06-09,2022-06-11,3,Congé sans solde,Oui,Informatique
12939,1709,2023,6,2023-06-09,2023-06-16,8,Congé payé,Oui,R&D
12137,1311,2023,5,2023-05-15,2023-06-01,18,paid leave,Oui,Opérations
10327,1501,2024,4,2024-04-13,2024-05-03,21,Accident du travail,Oui,R&D
14710,1642,2024,9,2024-09-13,2024-09-23,11,sick leave,Oui,Juridique
11557,3295,2022,8,2022-08-03,2022-08-07,5,Enfant malade,Oui,RH
13683,2060,2022,11,2022-11-01,2022-11-14,14,Formation,Oui,Logistique
15967,1754,2024,8,2024-08-21,2024-08-21,1,Congé payé,Oui,Finance
12647,1673,2023,3,2023-03-26,2023-04-14,20,Maladie,Oui,Direction
13062,1469,2022,5,2022-05-13,2022-05-15,3,RTT,Oui,Direction
10441,1147,2024,3,2024-03-24,2024-04-13,21,Congé sans solde,Oui,Direction
13079,1266,2022,6,2022-06-02,2022-06-18,17,Maternité/Paternité,Oui,RH
13401,3111,2022,6,2022-06-02,2022-06-05,4,Enfant malade,Oui,Opérations
11018,3148,2022,6,2022-06-20,2022-07-04,15,Maladie,Oui,R&D
14943,1782,2024,10,2024-10-15,2024-11-04,21,Congé payé,Oui,Juridique
12538,1333,2023,5,2023-05-09,2023-05-19,11,Congé payé,Oui,R&D
11616,3184,2022,2,2022-02-21,2022-02-23,3,Maternité/Paternité,Oui,Juridique
13580,1533,2023,7,2023-07-08,2023-07-18,11,Congé payé,Oui,Logistique
13365,2607,2023,12,2023-12-08,2023-12-13,6,Congé payé,Oui,Operations
13465,2648,2023,3,2023-03-12,2023-03-13,2,Congé sans solde,Oui,Direction
15080,1742,2023,2,2023-02-22,2023-03-03,10,sick leave,Oui,Informatique
15830,2705,2024,5,2024-05-21,2024-06-02,13,Maladie,Oui,Logistique
11744,1735,2024,9,2024-09-25,2024-09-30,6,RTT,Oui,Juridique
14748,3189,2024,7,2024-07-20,2024-08-02,14,paid leave,Oui,Finance
15199,2242,2024,12,2024-12-09,2024-12-10,2,Accident du travail,Oui,Commercial
12509,3096,2023,11,2023-11-01,2023-11-07,7,Absence injustifiée,Non,Logistique
11536,1402,2022,7,2022-07-27,2022-07-29,3,Formation,Oui,Logistique
15988,3136,2023,3,2023-03-13,2023-03-28,16,Maladie,Oui,Finance
13232,1124,2022,7,2022-07-27,2022-08-09,14,RTT,Oui,Finance
16025,3153,2022,9,2022-09-26,2022-10-04,9,Maladie,Oui,Direction
15869,2040,2024,4,2024-04-15,2024-04-24,10,paid leave,Oui,Opérations
12356,1298,2023,7,2023-07-09,2023-07-13,5,sick leave,Oui,R&D
15172,1138,2024,1,2024-01-07,2024-01-12,6,Congé payé,Oui,Juridique
15134,1877,2023,12,2023-12-11,2023-12-11,1,Accident du travail,Oui,R&D
15145,1298,2022,4,2022-04-18,2022-04-20,3,Enfant malade,Oui,R&D
10337,1470,2023,11,2023-11-19,2023-12-08,20,Enfant malade,Oui,RH
14256,2503,2024,3,2024-03-21,2024-04-02,13,Maladie,Oui,Informatique
14674,3172,2023,9,2023-09-18,2023-09-25,8,Maladie,Oui,Marketing
12441,3371,2022,11,2022-11-08,2022-11-15,8,RTT,Oui,Direction
12833,2404,2022,11,2022-11-26,2022-12-13,18,RTT,Oui,R&D
12202,2945,2022,9,2022-09-06,2022-09-23,18,Congé payé,Oui,R&D
10236,2575,2024,4,2024-04-07,2024-04-18,12,Maternité/Paternité,Oui,Commercial
11009,2155,2023,8,2023-08-07,2023-08-26,20,Maternité/Paternité,Oui,Informatique
10840,2138,2022,1,2022-01-11,2022-01-21,11,paid leave,Oui,Direction
11266,1128,2023,9,2023-09-22,2023-10-12,21,Congé payé,Oui,Direction
10290,3076,2022,10,2022-10-02,2022-10-12,11,Congé payé,Oui,Commercial
12450,2314,2023,11,2023-11-17,2023-11-20,4,Formation,Oui,Finance
11842,1229,2023,8,2023-08-04,2023-08-17,14,RTT,Oui,Informatique
14455,1214,2023,7,2023-07-12,2023-07-29,18,RTT,Oui,R&D
13119,3256,2024,10,2024-10-06,2024-10-20,15,Maladie,Oui,Opérations
12004,1866,2024,9,2024-09-17,2024-10-07,21,Maternité/Paternité,Oui,Informatique
14717,2651,2023,7,2023-07-20,2023-07-26,7,Maladie,Oui,R&D
13504,2077,2023,9,2023-09-10,2023-09-19,10,Congé payé,Oui,Logistique
11648,1015,2023,7,2023-07-15,2023-07-21,7,Maladie,Oui,Logistique
15158,1976,2023,7,2023-07-28,2023-08-04,8,Congé payé,Oui,Marketing
11968,3129,2024,10,2024-10-01,2024-10-06,6,sick leave,Oui,Marketing
10168,2428,2023,12,2023-12-02,2023-12-06,5,sick leave,Oui,Juridique
12781,2060,2022,11,2022-11-22,2022-12-02,11,sick leave,Oui,Logistique
14829,3153,2023,2,2023-02-04,2023-02-18,15,Congé payé,Oui,Direction
11453,2764,2022,4,2022-04-02,2022-04-15,14,RTT,Oui,Opérations
12260,2414,2022,4,2022-04-27,2022-05-06,10,Congé payé,Oui,Finance
11019,2442,2022,2,2022-02-19,2022-02-20,2,Maladie,Oui,Logistique
10433,1983,2022,12,2022-12-13,2023-01-02,21,Accident du travail,Oui,Finance
15542,2046,2022,10,2022-10-03,2022-10-14,12,sick leave,Oui,Direction
14017,1450,2022,12,2022-12-19,2022-12-23,5,Congé payé,Oui,Finance
15197,1742,2023,11,2023-11-14,2023-11-27,14,sick leave,Oui,Informatique
12144,1642,2024,7,2024-07-10,2024-07-29,20,Congé sans solde,Oui,Juridique
15909,1548,2024,5,2024-05-10,2024-05-28,19,Accident du travail,Oui,Commercial
12968,3056,2023,1,2023-01-22,2023-01-26,5,Maladie,Oui,Marketing
13750,1068,2023,2,2023-02-21,2023-03-13,21,Congé payé,Oui,Commercial
11493,1735,2024,3,2024-03-12,2024-03-12,1,RTT,Oui,Juridique
10247,1300,2022,4,2022-04-19,2022-05-09,21,Formation,Oui,Commercial
12522,3289,2023,7,2023-07-16,2023-08-04,20,Congé sans solde,Oui,Marketing
12264,2061,2023,4,2023-04-17,2023-04-22,6,Maladie,Oui,Direction
11942,2060,2024,8,2024-08-21,2024-09-02,13,Maladie,Oui,Logistique
14307,2058,2022,8,2022-08-05,2022-08-06,2,Congé payé,Oui,Juridique
16134,2314,2023,7,2023-07-16,2023-07-31,15,Congé payé,Oui,Finance
12911,2776,2022,5,2022-05-11,2022-05-16,6,Congé payé,Oui,Juridique
10444,3136,2023,10,2023-10-08,2023-10-19,12,Maladie,Oui,Finance
12562,1721,2024,4,2024-04-09,2024-04-25,17,Congé payé,Oui,Juridique
11928,3288,2022,8,2022-08-26,2022-08-28,3,RTT,Oui,RH
14492,1044,2023,7,2023-07-03,2023-07-17,15,Maladie,Oui,Marketing
13247,2684,2024,8,2024-08-28,2024-09-15,19,Maladie,Oui,Direction
12900,3117,2023,7,2023-07-16,2023-07-21,6,Absence injustifiée,Non,Commercial
14528,1897,2024,5,2024-05-13,2024-05-18,6,Congé payé,Oui,Opérations
14982,1971,2024,2,2024-02-27,2024-03-17,20,Maladie,Oui,Logistique
10504,1677,2022,2,2022-02-17,2022-03-07,19,Formation,Oui,RH
14115,1626,2023,9,2023-09-19,2023-09-25,7,paid leave,Oui,Commercial
13366,1843,2023,8,2023-08-20,2023-08-22,3,Congé payé,Oui,Opérations
13883,2956,2024,6,2024-06-28,2024-07-10,13,RTT,Oui,Informatique
12082,1679,2022,1,2022-01-14,2022-01-22,9,Congé payé,Oui,Finance
10376,2097,2024,3,2024-03-22,2024-03-29,8,Congé sans solde,Oui,Logistique
13953,1178,2024,8,2024-08-04,2024-08-07,4,Congé payé,Oui,Marketing
11957,2157,2023,4,2023-04-27,2023-05-17,21,paid leave,Oui,Logistique
12817,2165,2022,10,2022-10-17,2022-10-20,4,Accident du travail,Oui,RH
13186,1734,2023,10,2023-10-26,2023-10-27,2,Maladie,Oui,Commercial
14940,3047,2022,5,2022-05-06,2022-05-10,5,Maternité/Paternité,Oui,Juridique
11481,3076,2022,9,2022-09-15,2022-09-15,1,Congé payé,Oui,Commercial
15286,2015,2022,7,2022-07-09,2022-07-26,18,Absence injustifiée,Non,RH
15409,1311,2022,6,2022-06-28,2022-07-05,8,RTT,Oui,Opérations
15787,2527,2024,7,2024-07-01,2024-07-16,16,Congé payé,Oui,Opérations
12626,2324,2024,8,2024-08-08,2024-08-28,21,Congé payé,Oui,Commercial
15140,1996,2022,12,2022-12-06,2022-12-26,21,Congé payé,Oui,Marketing
10055,1421,2023,3,2023-03-28,2023-04-08,-12,Congé sans solde,Oui,Finance
12844,1983,2023,10,2023-10-05,2023-10-21,17,Absence injustifiée,Non,Finance
12224,1106,2023,3,2023-03-10,2023-03-10,1,Maladie,Oui,Marketing
12722,1275,2023,12,2023-12-17,2023-12-18,2,paid leave,Oui,Logistique
12361,1616,2022,3,2022-03-27,2022-04-02,7,Absence injustifiée,Non,Finance
14264,2018,2022,11,2022-11-03,2022-11-22,20,Maladie,Oui,Direction
12783,1374,2023,12,2023-12-25,2024-01-05,12,Absence injustifiée,Non,Marketing
14692,1412,2024,10,2024-10-04,2024-10-15,12,Accident du travail,Oui,Opérations
11655,2653,2024,1,2024-01-04,2024-01-07,4,Congé payé,Oui,Finance
16102,1300,2022,1,2022-01-25,2022-02-04,11,Accident du travail,Oui,Commercial
10008,2930,2024,11,2024-11-16,2024-11-12,-5,Accident du travail,Oui,Logistique
14471,3000,2024,3,2024-03-09,2024-03-19,11,Congé payé,Oui,Opérations
14335,2485,2023,11,2023-11-11,2023-11-20,10,Accident du travail,Oui,R&D
10137,2016,2022,1,2022-01-02,2022-01-11,10,Congé payé,Oui,RH
12912,1904,2022,5,2022-05-26,2022-06-06,12,Enfant malade,Oui,Marketing
12673,2525,2024,9,2024-09-04,2024-09-18,15,Absence injustifiée,Non,Operations
10826,2046,2023,1,2023-01-01,2023-01-09,9,Maladie,Oui,Direction
10399,2330,2023,4,2023-04-22,2023-05-02,11,Formation,Oui,RH
15594,1225,2024,5,2024-05-02,2024-05-16,15,Maternité/Paternité,Oui,R&D
14701,2217,2024,8,2024-08-28,2024-09-11,15,Maladie,Oui,Commercial
13979,1044,2022,3,2022-03-23,2022-04-10,19,sick leave,Oui,Marketing
15730,1106,2023,7,2023-07-18,2023-07-19,2,paid leave,Oui,Marketing
12719,1214,2023,12,2023-12-22,2023-12-26,5,RTT,Oui,R&D
14070,3356,2023,5,2023-05-20,2023-06-07,19,Enfant malade,Oui,Finance
12033,1481,2024,12,2024-12-01,2024-12-14,14,Absence injustifiée,Non,Marketing
11573,1596,2022,4,2022-04-18,2022-05-05,18,Maternité/Paternité,Oui,R&D
14743,1927,2022,4,2022-04-17,2022-04-30,14,RTT,Oui,Informatique
13126,1596,2024,7,2024-07-17,2024-08-02,17,Enfant malade,Oui,R&D
15548,2157,2023,5,2023-05-03,2023-05-20,18,sick leave,Oui,Logistique
14651,1881,2022,2,2022-02-02,2022-02-15,14,Congé sans solde,Oui,Direction
10408,2762,2023,2,2023-02-17,2023-03-02,14,Formation,Oui,RH
15655,1225,2024,6,2024-06-15,2024-06-29,15,Congé payé,Oui,R&D
12971,1663,2023,2,2023-02-09,2023-02-15,7,Congé sans solde,Oui,Opérations
11263,1232,2024,12,2024-12-04,2024-12-09,6,sick leave,Oui,Marketing
12459,2677,2022,1,2022-01-18,2022-01-24,7,Absence injustifiée,Non,Informatique
12444,1782,2022,8,2022-08-06,2022-08-19,14,Formation,Oui,Juridique
10973,1340,2024,4,2024-04-22,2024-04-25,4,Accident du travail,Oui,RH
15327,2677,2022,2,2022-02-23,2022-02-23,1,Formation,Oui,Informatique
12155,2956,2022,5,2022-05-28,2022-06-17,21,RTT,Oui,Informatique
13491,1070,2022,11,2022-11-21,2022-11-21,1,Maladie,Oui,Opérations
10266,2510,2022,11,2022-11-19,2022-11-26,8,Congé sans solde,Oui,Marketing
13312,2061,2022,5,2022-05-02,2022-05-13,12,Congé sans solde,Oui,Direction
14574,3274,2022,7,2022-07-15,2022-07-23,9,RTT,Oui,Marketing
12409,2438,2024,4,2024-04-15,2024-04-23,9,Accident du travail,Oui,Informatique
14199,1374,2024,1,2024-01-09,2024-01-23,15,Maternité/Paternité,Oui,Marketing
14428,1631,2023,8,2023-08-25,2023-09-08,15,Congé payé,Oui,Opérations
10018,1301,2023,6,2023-06-20,2023-06-10,-11,RTT,Oui,Commercial
11927,3062,2023,12,2023-12-04,2023-12-05,2,RTT,Oui,Informatique
12350,2010,2023,7,2023-07-25,2023-08-03,10,Maladie,Oui,Informatique
11041,1482,2023,7,2023-07-08,2023-07-24,17,Congé payé,Oui,Juridique
14039,1128,2022,9,2022-09-28,2022-10-11,14,Congé payé,Oui,Direction
15990,1117,2024,4,2024-04-22,2024-04-23,2,Maladie,Oui,Marketing
11965,1937,2024,1,2024-01-10,2024-01-19,10,sick leave,Oui,Informatique
12366,2452,2024,1,2024-01-19,2024-01-30,12,RTT,Oui,Direction
10442,1673,2024,2,2024-02-09,2024-02-28,20,RTT,Oui,Direction
13448,2665,2022,4,2022-04-15,2022-04-15,1,paid leave,Oui,Direction
12032,2126,2022,3,2022-03-04,2022-03-10,7,Maladie,Oui,Opérations
12388,1996,2024,9,2024-09-10,2024-09-10,1,Congé payé,Oui,Marketing
10863,1527,2022,3,2022-03-28,2022-04-12,16,Congé payé,Oui,Informatique
12213,1626,2022,10,2022-10-25,2022-11-01,8,Formation,Oui,Commercial
12579,1229,2022,5,2022-05-21,2022-06-03,14,Congé sans solde,Oui,Informatique
10982,1877,2023,10,2023-10-15,2023-10-29,15,paid leave,Oui,R&D
12789,2981,2024,1,2024-01-01,2024-01-05,5,Congé sans solde,Oui,Marketing
14673,2712,2022,12,2022-12-28,2022-12-29,2,Congé sans solde,Oui,Logistique
15065,3239,2023,1,2023-01-19,2023-01-24,6,sick leave,Oui,Finance
15205,2218,2024,7,2024-07-12,2024-07-19,8,RTT,Oui,Logistique
12651,1177,2023,9,2023-09-21,2023-10-02,12,sick leave,Oui,RH
12608,1024,2024,4,2024-04-20,2024-05-08,19,RTT,Oui,Juridique
12022,1779,2023,10,2023-10-02,2023-10-11,10,Congé payé,Oui,R&D
12611,1721,2022,9,2022-09-28,2022-09-28,1,RTT,Oui,Juridique
14370,2765,2022,7,2022-07-17,2022-07-19,3,RTT,Oui,RH
12629,2321,2022,10,2022-10-22,2022-11-11,21,Maladie,Oui,Informatique
11335,1636,2023,2,2023-02-28,2023-03-13,14,paid leave,Oui,Marketing
12977,1070,2024,1,2024-01-18,2024-02-07,21,RTT,Oui,Opérations
15592,1155,2022,11,2022-11-12,2022-12-01,20,Congé payé,Oui,Direction
11711,1742,2024,10,2024-10-10,2024-10-14,5,RTT,Oui,Informatique
12947,2191,2023,5,2023-05-15,2023-06-01,18,sick leave,Oui,R&D
14852,2605,2023,9,2023-09-04,2023-09-12,9,Maternité/Paternité,Oui,Commercial
14210,1106,2022,7,2022-07-12,2022-07-25,14,RTT,Oui,Marketing
14074,2171,2022,1,2022-01-01,2022-01-05,5,paid leave,Oui,Juridique
14733,2853,2023,12,2023-12-20,2024-01-07,19,Congé payé,Oui,RH
12081,2510,2024,5,2024-05-01,2024-05-21,21,Congé payé,Oui,Marketing
13820,1271,2023,7,2023-07-14,2023-07-30,17,Congé payé,Oui,Juridique
13642,2765,2024,12,2024-12-16,2025-01-04,20,Absence injustifiée,Non,RH
14105,3327,2023,2,2023-02-20,2023-02-25,6,paid leave,Oui,Commercial
10562,1127,2024,3,2024-03-05,2024-03-11,7,Maternité/Paternité,Oui,Marketing
13196,2428,2022,6,2022-06-08,2022-06-13,6,Congé sans solde,Oui,Juridique
11736,3000,2022,4,2022-04-15,2022-04-16,2,Formation,Oui,Opérations
15222,1642,2023,5,2023-05-18,2023-05-18,1,Accident du travail,Oui,Juridique
10815,1229,2023,7,2023-07-10,2023-07-17,8,paid leave,Oui,Informatique
14038,1619,2024,9,2024-09-05,2024-09-16,12,Congé payé,Oui,Opérations
12583,2155,2023,11,2023-11-02,2023-11-04,3,Congé payé,Oui,Informatique
11850,1631,2022,8,2022-08-10,2022-08-17,8,Congé payé,Oui,Opérations
13743,2317,2024,3,2024-03-26,2024-04-10,16,RTT,Oui,Opérations
15757,1631,2024,8,2024-08-26,2024-09-10,16,Maladie,Oui,Opérations
15877,2173,2023,12,2023-12-28,2023-12-29,2,Absence injustifiée,Non,Direction
10323,2503,2024,11,2024-11-18,2024-12-06,19,Accident du travail,Oui,Informatique
11703,2040,2023,2,2023-02-14,2023-02-19,6,sick leave,Oui,Opérations
11221,1983,2023,7,2023-07-07,2023-07-17,11,Maladie,Oui,Finance
13652,3264,2023,9,2023-09-19,2023-10-07,19,Formation,Oui,R&D
16107,2810,2022,8,2022-08-03,2022-08-22,20,Maladie,Oui,RH
15859,2945,2022,11,2022-11-25,2022-12-11,17,Maladie,Oui,R&D
15483,1681,2023,3,2023-03-13,2023-03-21,9,Accident du travail,Oui,Logistique
10904,2743,2024,5,2024-05-02,2024-05-15,14,RTT,Oui,Opérations
12365,1543,2024,2,2024-02-15,2024-02-28,14,Congé payé,Oui,Finance
11728,1928,2022,8,2022-08-20,2022-08-25,6,Congé payé,Oui,Informatique
13888,1928,2022,7,2022-07-23,2022-07-23,1,Maternité/Paternité,Oui,Informatique
14194,3028,2023,4,2023-04-07,2023-04-08,2,Maladie,Oui,Finance
15959,2155,2023,6,2023-06-16,2023-07-06,21,Enfant malade,Oui,Informatique
13731,3096,2023,1,2023-01-04,2023-01-15,12,Enfant malade,Oui,Logistique
13794,2448,2023,8,2023-08-04,2023-08-10,7,Congé payé,Oui,Logistique
12944,3271,2022,11,2022-11-01,2022-11-20,20,Congé sans solde,Oui,Finance
15358,1709,2023,7,2023-07-03,2023-07-06,4,Congé sans solde,Oui,R&D
14485,2171,2023,6,2023-06-25,2023-07-04,10,RTT,Oui,Juridique
14906,2503,2022,6,2022-06-02,2022-06-21,20,Absence injustifiée,Non,Informatique
15514,1742,2022,1,2022-01-03,2022-01-10,8,Accident du travail,Oui,Informatique
10693,1669,2024,5,2024-05-23,2024-06-05,14,Congé payé,Oui,Juridique
12433,2945,2024,2,2024-02-21,2024-02-23,3,Enfant malade,Oui,R&D
11125,3172,2022,11,2022-11-07,2022-11-10,4,paid leave,Oui,Marketing
14241,3099,2024,6,2024-06-09,2024-06-12,4,Formation,Oui,Commercial
10200,2244,2023,11,2023-11-16,2023-11-16,1,Formation,Oui,RH
11535,1691,2023,8,2023-08-04,2023-08-17,14,Maladie,Oui,Opérations
11425,2448,2022,10,2022-10-03,2022-10-14,12,Maladie,Oui,Logistique
12095,3056,2024,5,2024-05-10,2024-05-30,21,RTT,Oui,Marketing
11822,2120,2023,2,2023-02-09,2023-02-10,2,Congé sans solde,Oui,RH
12462,1106,2022,8,2022-08-08,2022-08-12,5,sick leave,Oui,Marketing
14850,1663,2024,7,2024-07-11,2024-07-29,19,RTT,Oui,Opérations
10345,3000,2024,7,2024-07-07,2024-07-18,12,Congé payé,Oui,Opérations
11519,1106,2024,9,2024-09-28,2024-10-15,18,Absence injustifiée,Non,Marketing
11119,3099,2022,9,2022-09-19,2022-09-25,7,Congé sans solde,Oui,Commercial
13760,3276,2024,1,2024-01-13,2024-01-31,19,Maternité/Paternité,Oui,Informatique
10894,1937,2022,4,2022-04-27,2022-04-28,2,Congé payé,Oui,Informatique
11210,2196,2023,11,2023-11-27,2023-12-07,11,Formation,Oui,Commercial
16073,2068,2023,5,2023-05-12,2023-05-23,12,Accident du travail,Oui,R&D
10190,3000,2023,1,2023-01-27,2023-02-04,9,sick leave,Oui,Opérations
11398,2746,2024,4,2024-04-16,2024-04-24,9,Absence injustifiée,Non,Finance
12214,2765,2023,9,2023-09-19,2023-09-21,3,Maladie,Oui,RH
15883,2126,2023,7,2023-07-20,2023-07-26,7,Absence injustifiée,Non,Opérations
14862,2673,2022,5,2022-05-12,2022-05-31,20,Formation,Oui,Logistique
11351,2916,2024,6,2024-06-04,2024-06-12,9,Maladie,Oui,Commercial
13526,2218,2022,1,2022-01-08,2022-01-10,3,paid leave,Oui,Logistique
13954,1331,2022,1,2022-01-07,2022-01-15,9,Maladie,Oui,Juridique
10209,3154,2023,9,2023-09-28,2023-09-28,1,Congé payé,Oui,R&D
12927,2242,2024,10,2024-10-04,2024-10-12,9,Maternité/Paternité,Oui,Commercial
10733,1275,2024,6,2024-06-06,2024-06-20,15,Enfant malade,Oui,Logistique
15152,3264,2023,3,2023-03-11,2023-03-27,17,RTT,Oui,R&D
10207,1812,2024,3,2024-03-14,2024-03-14,1,Congé payé,Oui,Juridique
12406,2673,2024,12,2024-12-14,2024-12-15,2,Congé sans solde,Oui,Logistique
10215,3394,2023,8,2023-08-26,2023-08-27,2,Maladie,Oui,Commercial
15016,2475,2024,5,2024-05-26,2024-06-05,11,paid leave,Oui,R&D
11464,1402,2023,11,2023-11-02,2023-11-16,15,Congé payé,Oui,Logistique
11093,1366,2023,7,2023-07-10,2023-07-30,21,Accident du travail,Oui,Commercial
12685,1663,2022,11,2022-11-21,2022-11-28,8,paid leave,Oui,Opérations
15715,1124,2024,1,2024-01-05,2024-01-10,6,Congé payé,Oui,Finance
10670,1527,2022,12,2022-12-09,2022-12-19,11,Congé sans solde,Oui,Informatique
10371,2243,2022,2,2022-02-02,2022-02-15,14,Congé sans solde,Oui,Direction
10141,2183,2024,6,2024-06-22,2024-06-22,1,RTT,Oui,Direction
12389,1081,2023,11,2023-11-16,2023-11-30,15,Enfant malade,Oui,Juridique
12014,1178,2022,1,2022-01-19,2022-02-02,15,Maladie,Oui,Marketing
11314,2115,2023,8,2023-08-16,2023-09-05,21,Congé payé,Oui,Juridique
10544,2651,2023,9,2023-09-07,2023-09-20,14,Maladie,Oui,R&D
13509,1335,2023,1,2023-01-13,2023-01-21,9,Formation,Oui,Sales
13019,1937,2022,12,2022-12-06,2022-12-25,20,Maladie,Oui,Informatique
12953,1937,2023,10,2023-10-21,2023-10-30,10,Congé payé,Oui,Informatique
13787,1596,2024,7,2024-07-11,2024-07-21,11,Maladie,Oui,R&D
13824,1371,2022,4,2022-04-26,2022-05-16,21,sick leave,Oui,Commercial
14637,2165,2024,12,2024-12-09,2024-12-24,16,Maternité/Paternité,Oui,RH
15743,1467,2023,6,2023-06-14,2023-07-03,20,Maternité/Paternité,Oui,Logistique
13095,2746,2024,3,2024-03-23,2024-03-31,9,Maternité/Paternité,Oui,Finance
12571,1966,2023,12,2023-12-27,2024-01-14,19,Accident du travail,Oui,Logistique
14894,2219,2023,2,2023-02-09,2023-02-27,19,Maladie,Oui,R&D
12229,2262,2023,11,2023-11-04,2023-11-23,20,Formation,Oui,Commercial
15491,2448,2023,9,2023-09-25,2023-10-08,14,sick leave,Oui,Logistique
12218,2046,2023,11,2023-11-14,2023-11-26,13,Congé payé,Oui,Direction
13022,3376,2024,5,2024-05-20,2024-05-20,1,Maternité/Paternité,Oui,Opérations
14613,1544,2022,5,2022-05-16,2022-06-02,18,Congé payé,Oui,Direction
13167,3392,2024,1,2024-01-09,2024-01-13,5,RTT,Oui,Marketing
12048,1347,2023,12,2023-12-13,2023-12-21,9,Maladie,Oui,Marketing
14522,1327,2023,7,2023-07-25,2023-07-31,7,sick leave,Oui,RH
10063,3371,2024,5,2024-05-02,2024-05-09,-8,RTT,Oui,Direction
13561,1449,2023,7,2023-07-28,2023-08-03,7,sick leave,Oui,Juridique
12745,1746,2023,5,2023-05-11,2023-05-15,5,Absence injustifiée,Non,Finance
13290,1635,2022,9,2022-09-22,2022-09-22,1,Congé sans solde,Oui,Informatique
14959,1301,2023,7,2023-07-11,2023-07-20,10,Accident du travail,Oui,Commercial
14174,3333,2023,6,2023-06-07,2023-06-14,8,paid leave,Oui,Juridique
12546,3271,2023,8,2023-08-15,2023-08-15,1,paid leave,Oui,Finance
10472,3289,2024,9,2024-09-04,2024-09-09,6,sick leave,Oui,Marketing
10464,2122,2022,12,2022-12-16,2022-12-25,10,Accident du travail,Oui,Management
12435,1663,2023,4,2023-04-18,2023-05-01,14,Congé payé,Oui,Opérations
15096,1409,2024,3,2024-03-22,2024-03-27,6,Accident du travail,Oui,Logistique
13037,2502,2022,11,2022-11-05,2022-11-05,1,Congé payé,Oui,RH
14457,3333,2022,6,2022-06-14,2022-06-24,11,Maladie,Oui,Juridique
10791,2615,2023,4,2023-04-27,2023-05-04,8,RTT,Oui,Commercial
12437,2831,2022,11,2022-11-16,2022-12-03,18,Congé payé,Oui,Logistique
10829,1673,2024,7,2024-07-03,2024-07-11,9,RTT,Oui,Direction
13021,2495,2023,10,2023-10-18,2023-10-24,7,Absence injustifiée,Non,Juridique
10804,1445,2022,3,2022-03-20,2022-03-23,4,Congé payé,Oui,Informatique
14545,1749,2022,12,2022-12-09,2022-12-28,20,Maladie,Oui,Logistique
13059,2354,2024,4,2024-04-21,2024-04-29,9,Congé payé,Oui,Marketing
11854,2721,2023,7,2023-07-09,2023-07-10,2,Maternité/Paternité,Oui,Opérations
14968,1366,2023,9,2023-09-12,2023-09-24,13,RTT,Oui,Commercial
10883,2354,2024,5,2024-05-08,2024-05-21,14,Absence injustifiée,Non,Marketing
13117,1044,2023,9,2023-09-23,2023-09-29,7,Maladie,Oui,Marketing
11262,2495,2024,9,2024-09-04,2024-09-04,1,Congé payé,Oui,Juridique
15295,3111,2022,2,2022-02-25,2022-03-15,19,Enfant malade,Oui,Opérations
10747,2404,2024,6,2024-06-01,2024-06-15,15,RTT,Oui,R&D
14714,1271,2022,11,2022-11-11,2022-11-27,17,sick leave,Oui,Juridique
10011,1765,2023,9,2023-09-19,2023-09-15,-5,RTT,Oui,Commercial
14728,3289,2022,5,2022-05-01,2022-05-17,17,Enfant malade,Oui,Marketing
12513,3129,2024,10,2024-10-07,2024-10-07,1,RTT,Oui,Marketing
13989,3292,2023,12,2023-12-08,2023-12-14,7,Maladie,Oui,RH
15007,1866,2023,12,2023-12-28,2024-01-06,10,Absence injustifiée,Non,Informatique
10461,1254,2023,1,2023-01-19,2023-02-07,20,Maternité/Paternité,Oui,Finance
10291,1081,2023,10,2023-10-06,2023-10-11,6,Maladie,Oui,Juridique
13170,1971,2024,11,2024-11-11,2024-11-12,2,Absence injustifiée,Non,Logistique
13314,1642,2023,5,2023-05-21,2023-06-07,18,Congé sans solde,Oui,Juridique
13753,3106,2024,7,2024-07-07,2024-07-17,11,Maladie,Oui,R&D
12461,2488,2022,4,2022-04-27,2022-05-11,15,Absence injustifiée,Non,Finance
15808,2988,2024,9,2024-09-20,2024-10-08,19,RTT,Oui,RH
14386,1550,2023,8,2023-08-23,2023-09-01,10,Maladie,Oui,Marketing
15579,2333,2024,11,2024-11-27,2024-12-07,11,Maladie,Oui,Marketing
11248,1254,2022,4,2022-04-11,2022-04-29,19,Absence injustifiée,Non,Finance
11032,2217,2024,4,2024-04-25,2024-04-29,5,Maternité/Paternité,Oui,Commercial
11354,2988,2024,8,2024-08-06,2024-08-14,9,Congé payé,Oui,RH
16066,1217,2024,6,2024-06-09,2024-06-15,7,Congé payé,Oui,Direction
13506,2217,2023,6,2023-06-03,2023-06-21,19,Maladie,Oui,Commercial
12152,1561,2022,2,2022-02-03,2022-02-14,12,Congé payé,Oui,Legal
16079,1044,2024,4,2024-04-01,2024-04-21,21,Maladie,Oui,Marketing
12879,3024,2023,10,2023-10-16,2023-10-19,4,Maternité/Paternité,Oui,RH
12631,2625,2023,2,2023-02-21,2023-03-05,13,Absence injustifiée,Non,Commercial
11961,2171,2024,10,2024-10-08,2024-10-08,1,Maladie,Oui,Juridique
13061,2138,2022,11,2022-11-16,2022-12-03,18,RTT,Oui,Direction
11933,1983,2024,11,2024-11-14,2024-11-29,16,paid leave,Oui,Finance
12090,1561,2024,12,2024-12-06,2024-12-07,2,Formation,Oui,Legal
10664,2360,2024,11,2024-11-13,2024-11-24,12,Congé sans solde,Oui,RH
13009,1024,2022,4,2022-04-27,2022-05-15,19,Congé sans solde,Oui,Juridique
15766,2454,2022,4,2022-04-27,2022-05-01,5,Maladie,Oui,Informatique
13735,1712,2024,5,2024-05-07,2024-05-27,21,sick leave,Oui,Juridique
11598,1051,2022,1,2022-01-02,2022-01-12,11,Enfant malade,Oui,Opérations
13889,2715,2023,4,2023-04-06,2023-04-13,8,Congé sans solde,Oui,Direction
15403,1544,2023,4,2023-04-24,2023-05-02,9,RTT,Oui,Direction
15244,1482,2022,8,2022-08-21,2022-09-04,15,RTT,Oui,Juridique
11930,1981,2023,6,2023-06-25,2023-06-28,4,Maladie,Oui,Direction
15654,2118,2023,11,2023-11-18,2023-11-21,4,Formation,Oui,Opérations
12135,3264,2022,7,2022-07-26,2022-07-30,5,Maladie,Oui,R&D
15174,3318,2024,11,2024-11-05,2024-11-10,6,paid leave,Oui,Juridique
10304,1273,2023,12,2023-12-21,2024-01-08,19,Congé payé,Oui,Informatique
14043,1533,2022,10,2022-10-20,2022-11-05,17,Maladie,Oui,Logistique
10363,1712,2022,1,2022-01-05,2022-01-07,3,Congé payé,Oui,Juridique
13691,2527,2022,1,2022-01-22,2022-02-07,17,paid leave,Oui,Opérations
11936,1327,2024,2,2024-02-09,2024-02-15,7,Maladie,Oui,RH
15335,1460,2023,5,2023-05-10,2023-05-14,5,Congé payé,Oui,R&D
13421,2632,2022,2,2022-02-16,2022-03-02,15,paid leave,Oui,Logistique
13408,2360,2024,5,2024-05-16,2024-05-18,3,Maladie,Oui,RH
12850,1482,2024,12,2024-12-13,2024-12-19,7,Maternité/Paternité,Oui,Juridique
13165,1770,2024,7,2024-07-07,2024-07-11,5,Absence injustifiée,Non,R&D
12485,1467,2022,10,2022-10-27,2022-11-14,19,sick leave,Oui,Logistique
10800,1609,2022,2,2022-02-04,2022-02-18,15,RTT,Oui,Direction
12392,2132,2023,1,2023-01-20,2023-01-31,12,paid leave,Oui,RH
15378,1616,2022,2,2022-02-24,2022-02-25,2,Formation,Oui,Finance
16011,3264,2023,2,2023-02-07,2023-02-17,11,Maternité/Paternité,Oui,R&D
14055,1228,2023,9,2023-09-23,2023-10-08,16,paid leave,Oui,Informatique
14385,2171,2024,2,2024-02-07,2024-02-22,16,Maladie,Oui,Juridique
