employee_id,nom,prenom,genre,date_naissance,email,departement,ville,contrat,date_embauche,anciennete_annees,salaire_mensuel_brut,manager_id,temps_partiel,taux_activite
2525,David,Louis,F,2014-08-31,louis.daviddatascope.fr,Operations,Nice,CDD,2022-11-15,2.1,0,2515,Non,100
2502,Leroy,Inès,F,1970-05-31,inès.leroy@datascope.fr,RH,Grenoble,CDI,2020-11-07,4.1,2326.0,2525,Non,100
2036,Robert,Antoine,M,1975-08-06,antoine.robert@datascope.fr,Informatique,Nice,CDI,2024-08-14,0.4,2888.0,1561,Non,80
1450,Dubois,Marie,M,1977-07-15,marie.dubois@datascope.fr,Finance,Strasbourg,CDI,2020-05-28,4.6,3074.0,2515,Non,100
3362,Roux,Léa,M,1980-06-23,léa.roux@datascope.fr,Marketing,Lyon,CDI,2023-10-29,1.2,3696.0,2630,Non,50
2813,Thomas,Emma,M,1998-10-28,emma.thomas@datascope.fr,Finance,Bordeaux,Interim,2021-01-09,4.0,1775.0,1194,Oui,100
2324,Lefebvre,Alice,F,1984-06-24,alice.lefebvre@datascope.fr,Commercial,Paris,CDI,2021-09-25,3.3,2169.0,1005,Oui,50
1544,Richard,Théo,F,1980-12-20,théo.richard@datascope.fr,Direction,Grenoble,Stage,2021-07-14,3.5,900,1845,Non,100
3152,Lefebvre,Louis,M,1973-07-05,louis.lefebvre@datascope.fr,Informatique,Nantes,Stage,2017-02-24,7.8,900,2245,Non,100
2125,Garcia,Léa,F,1985-07-16,léa.garcia@datascope.fr,Marketing,Paris,CDI,2024-02-01,0.9,3856.0,1875,Non,50
2134,David,Chloé,F,1974-11-19,chloé.david@datascope.fr,Direction,Marseille,CDI,2024-10-09,0.2,2993.0,1247,Non,100
1266,Laurent,Marie,F,1998-02-24,marie.laurent@datascope.fr,RH,Marseille,CDD,2016-09-11,8.3,2888.0,1401,Non,80
1709,David,Paul,M,1970-10-27,paul.david@datascope.fr,R&D,Marseille,Interim,2021-11-21,3.1,1585.0,1196,Non,100
2406,Leroy,Sarah,M,1970-11-25,sarah.leroy@datascope.fr,Finance,Grenoble,Alternance,2021-09-03,3.3,1584.0,3284,Non,50
1494,Richard,Julie,F,1966-06-09,julie.richard@datascope.fr,Opérations,Grenoble,CDD,2019-05-31,5.6,2187.0,1127,Non,100
1770,Martin,Chloé,F,1965-11-04,chloé.martin@datascope.fr,R&D,Lyon,CDD,2020-07-31,4.4,2747.0,3028,Non,100
1256,Martin,Inès,M,1992-05-03,inès.martin@datascope.fr,Logistique,Toulouse,CDI,2018-01-12,7.0,1998.0,2619,Oui,100
1662,Michel,Inès,M,1978-09-30,inès.michel@datascope.fr,Direction,Nice,CDI,2020-04-10,4.7,1295.0,3004,Non,100
1444,Thomas,Romain,F,1991-08-27,romain.thomas@datascope.fr,Commercial,Strasbourg,CDI,2022-09-15,2.3,2477.0,1880,Non,100
3024,Durand,Thomas,F,1981-04-02,thomas.durand@datascope.fr,RH,Strasbourg,CDI,2022-04-30,2.7,2296.0,2461,Non,100
2442,Vincent,Louis,M,1992-06-18,louis.vincent@datascope.fr,Logistique,Bordeaux,CDI,2020-06-02,4.6,3180.0,2630,Non,80
1769,Laurent,Léa,M,1967-12-27,léa.laurent@datascope.fr,Opérations,Toulouse,CDI,2015-08-13,9.4,2682.0,1195,Oui,80
2333,Roux,Nicolas,F,1970-01-20,nicolas.roux@datascope.fr,Marketing,Marseille,CDD,2022-12-23,2.0,2228.0,2421,Oui,50
3065,Bertrand,Lucas,M,1984-12-28,lucas.bertrand@datascope.fr,RH,Paris,CDD,2015-12-04,9.1,2517.0,1100,Non,50
2322,Thomas,Sophie,M,1995-12-02,sophie.thomas@datascope.fr,RH,Nantes,CDD,2015-02-04,9.9,2812.0,1195,Non,50
1959,Thomas,Hugo,F,1995-11-15,hugo.thomas@datascope.fr,Commercial,Strasbourg,CDI,2020-05-22,4.6,2775.0,1880,Non,50
2810,Lefebvre,Emma,F,1995-06-30,emma.lefebvre@datascope.fr,RH,Grenoble,CDI,2019-12-15,5.0,2590.0,2515,Non,100
1281,Petit,Sophie,F,1988-02-05,sophie.petit@datascope.fr,Direction,Grenoble,CDI,2015-02-15,9.9,1813.0,3378,Oui,100
1710,Dubois,Pierre,F,2000-01-23,pierre.dubois@datascope.fr,Opérations,Lyon,CDD,2022-04-11,2.7,2072.0,1845,Non,50
2617,Bertrand,Chloé,M,1984-08-07,chloé.bertrand@datascope.fr,Opérations,Grenoble,CDI,2016-01-29,8.9,3526.0,1179,Non,80
1673,David,Julie,F,1978-05-12,julie.david@datascope.fr,Direction,Paris,CDI,2016-02-27,8.8,1361.0,,Oui,100
2404,Petit,Marie,F,1994-08-28,marie.petit@datascope.fr,R&D,Toulouse,CDD,2023-06-06,1.6,1707.0,1413,Non,100
3204,Lefebvre,Sophie,F,1970-09-18,sophie.lefebvre@datascope.fr,Direction,Strasbourg,CDI,2016-12-28,8.0,2574.0,,Non,100
1775,Robert,Paul,M,2000-07-16,paul.robert@datascope.fr,R&D,Bordeaux,Stage,2023-08-31,1.3,900,,Non,50
3179,Moreau,Hugo,M,2000-01-27,hugo.moreau@datascope.fr,Direction,Nantes,CDD,2020-12-29,4.0,2144.0,2067,Non,100
1957,Petit,Chloé,M,2014-09-07,chloé.petit@datascope.fr,Finance,Nantes,CDD,2018-04-24,6.7,0,2597,Non,80
2289,Richard,Alice,F,1969-01-03,alice.richard@datascope.fr,Marketing,Lille,Alternance,2016-10-12,8.2,924.0,2645,Non,80
1496,Bernard,Théo,M,1976-12-26,théo.bernard@datascope.fr,Finance,Marseille,CDI,2017-01-12,8.0,2796.0,1845,Oui,80
2776,Martin,Nicolas,NB,1966-12-04,nicolas.martin@datascope.fr,Juridique,Nantes,CDI,2024-04-20,0.7,3427.0,1335,Oui,80
1824,Durand,Emma,F,1986-07-07,emma.durand@datascope.fr,Marketing,Strasbourg,CDD,2024-06-17,0.5,3358.0,2645,Oui,100
3139,Thomas,Inès,M,1996-04-20,inès.thomas@datascope.fr,Finance,Lyon,CDI,2021-01-26,3.9,1568.0,3284,Non,80
2046,Garcia,Hugo,F,1981-02-12,hugo.garcia@datascope.fr,Direction,Bordeaux,Stage,2020-06-15,4.5,900,,Non,100
1127,Durand,Chloé,NB,2014-05-29,chloé.duranddatascope.fr,Marketing,Lyon,CDI,2020-12-06,4.1,0,1747,Oui,100
1677,Petit,Théo,F,1976-09-12,théo.petit@datascope.fr,RH,Toulouse,CDI,2021-04-24,3.7,2793.0,1561,Non,100
3293,Martin,Lucas,M,1999-12-20,lucas.martin@datascope.fr,Finance,Nantes,CDD,2018-07-11,6.5,2518.0,1194,Non,100
2648,Bernard,Inès,F,2000-10-20,inès.bernard@datascope.fr,Direction,Nice,CDI,2015-07-16,9.5,3457.0,2597,Oui,100
1655,Laurent,Julie,M,1994-03-31,julie.laurent@datascope.fr,Commercial,Lyon,CDI,2024-01-12,1.0,3173.0,,Non,100
1254,Roux,Thomas,F,1994-03-02,thomas.roux@datascope.fr,Finance,Grenoble,CDD,2015-06-30,9.5,3198.0,1194,Non,100
2705,Robert,Paul,F,1992-09-03,paul.robert@datascope.fr,Logistique,Grenoble,CDI,2019-04-19,5.7,2066.0,1401,Non,80
3000,Lefebvre,Pierre,M,1984-12-21,pierre.lefebvre@datascope.fr,Opérations,Paris,CDI,2016-12-22,8.0,3702.0,1092,Non,80
1485,David,Antoine,F,1986-04-20,antoine.david@datascope.fr,Direction,Toulouse,Interim,2021-06-03,3.6,2666.0,,Non,50
3324,Richard,Hugo,M,1985-10-08,hugo.richard@datascope.fr,R&D,Nantes,Alternance,2015-12-28,9.0,1189.0,2607,Non,100
1983,Laurent,Marie,M,1985-07-15,marie.laurent@datascope.fr,Finance,Grenoble,CDD,2017-01-19,7.9,2122.0,3028,Oui,50
2677,Fournier,Thomas,M,1982-02-21,thomas.fournier@datascope.fr,Informatique,Bordeaux,CDD,2018-03-03,6.8,1956.0,3142,Non,100
1767,Garcia,Pierre,M,1982-01-25,pierre.garcia@datascope.fr,Informatique,Toulouse,CDI,2020-03-14,4.8,2570.0,2645,Oui,100
3096,David,Alice,M,1985-04-07,alice.david@datascope.fr,Logistique,Nice,CDI,2017-04-19,7.7,2252.0,,Non,80
1529,Leroy,Léa,M,1987-02-25,léa.leroy@datascope.fr,Logistique,Grenoble,Alternance,2019-01-26,5.9,1127.0,1194,Non,100
1371,Thomas,Sophie,M,1998-11-05,sophie.thomas@datascope.fr,Commercial,Paris,Interim,2019-01-07,6.0,2577.0,2630,Oui,100
1225,Robert,Théo,F,1974-04-25,théo.robert@datascope.fr,R&D,Lyon,CDD,2015-07-20,9.5,2494.0,2619,Non,100
2613,Lefebvre,Théo,F,1984-06-09,théo.lefebvre@datascope.fr,Marketing,Paris,CDI,2022-06-04,2.6,3189.0,1195,Non,100
1335,Petit,Louis,M,2014-12-03,louis.petitdatascope.fr,Sales,Lyon,CDI,2017-08-17,7.4,0,,Non,100
1877,David,Alice,M,1980-02-26,alice.david@datascope.fr,R&D,Strasbourg,CDI,2023-10-06,1.2,3848.0,,Non,50
3149,Laurent,Camille,M,1984-09-24,camille.laurent@datascope.fr,Direction,Nice,CDD,2015-11-20,9.1,3048.0,1335,Non,100
1633,Robert,Julie,M,1997-03-02,julie.robert@datascope.fr,Opérations,Toulouse,CDI,2018-01-13,7.0,3507.0,1195,Non,80
2625,Dubois,Théo,NB,1976-04-16,théo.dubois@datascope.fr,Commercial,Lyon,CDD,2018-02-26,6.8,2849.0,,Non,100
3251,Leroy,Léa,F,1994-04-29,léa.leroy@datascope.fr,R&D,Strasbourg,CDI,2023-02-14,1.9,1874.0,,Non,80
3047,Lefebvre,Lucas,M,1982-11-19,lucas.lefebvre@datascope.fr,Juridique,Toulouse,Stage,2023-03-22,1.8,900,2421,Non,100
1124,Martin,Emma,M,1970-04-01,emma.martin@datascope.fr,Finance,Paris,CDI,2015-03-03,9.8,2973.0,1845,Oui,80
1533,Michel,Inès,NB,1987-08-14,inès.michel@datascope.fr,Logistique,Nantes,CDI,2016-10-08,8.2,3477.0,1875,Non,100
3357,Simon,Marie,F,2014-11-30,marie.simon@datascope.fr,Juridique,Paris,CDI,2023-02-05,1.9,,1194,Non,100
1333,Dubois,Camille,NB,1983-08-16,camille.dubois@datascope.fr,R&D,Nice,CDI,2017-02-21,7.9,2217.0,1195,Non,100
1229,Simon,Lucas,M,1990-10-12,lucas.simon@datascope.fr,Informatique,Nice,CDI,2016-06-05,8.6,2087.0,1747,Non,80
1631,Laurent,Antoine,M,1967-11-16,antoine.laurent@datascope.fr,Opérations,Paris,Stage,2017-12-13,7.0,900,3142,Oui,80
1749,Fournier,Marie,F,1998-12-22,marie.fournier@datascope.fr,Logistique,Toulouse,CDI,2022-07-08,2.5,2674.0,1875,Non,100
1851,Fournier,Sophie,M,1971-05-24,sophie.fournier@datascope.fr,Direction,Lille,Stage,2022-10-18,2.2,900,1957,Non,80
1609,Dubois,Hugo,M,1965-08-02,hugo.dubois@datascope.fr,Direction,Bordeaux,CDI,2022-04-05,2.7,2273.0,3004,Oui,50
2445,Petit,Julie,F,1993-08-28,julie.petit@datascope.fr,Logistique,Bordeaux,CDI,2017-05-09,7.6,2842.0,2421,Non,80
1228,Leroy,Julie,M,1982-06-29,julie.leroy@datascope.fr,Informatique,Lille,CDI,2016-02-09,8.9,2492.0,1005,Non,100
3099,Simon,Théo,F,1970-11-08,théo.simon@datascope.fr,Commercial,Lyon,CDI,2018-10-27,6.2,3558.0,,Non,100
2765,Fournier,Louis,F,1990-10-16,louis.fournier@datascope.fr,RH,Marseille,CDI,2017-06-18,7.5,2833.0,,Non,80
1469,Vincent,Marie,M,1967-11-30,marie.vincent@datascope.fr,Direction,Nantes,Stage,2019-02-28,5.8,900,2245,Non,100
1779,Leroy,Thomas,M,1970-08-05,thomas.leroy@datascope.fr,R&D,Strasbourg,CDI,2022-12-05,2.1,2347.0,1005,Oui,50
1345,Petit,Théo,F,1966-06-10,théo.petit@datascope.fr,Informatique,Paris,CDI,2024-04-08,0.7,2497.0,1845,Non,100
2165,Roux,Antoine,M,1982-03-19,antoine.roux@datascope.fr,RH,Toulouse,Alternance,2023-12-08,1.1,1182.0,1818,Non,100
1311,Martin,Emma,M,1979-01-31,emma.martin@datascope.fr,Opérations,Grenoble,CDI,2022-08-19,2.4,4089.0,1401,Non,50
3398,Thomas,Louis,M,1968-02-15,louis.thomas@datascope.fr,Informatique,Marseille,Stage,2020-11-23,4.1,900,,Non,100
2242,Lefebvre,Lucas,F,1968-06-14,lucas.lefebvre@datascope.fr,Commercial,Strasbourg,Stage,2020-10-04,4.2,946.0,1818,Non,100
1255,Robert,Marie,F,1999-12-29,marie.robert@datascope.fr,R&D,Paris,CDI,2021-07-22,3.4,2658.0,,Oui,100
2018,Richard,Alice,F,1981-09-24,alice.richard@datascope.fr,Direction,Lille,Alternance,2016-08-14,8.4,993.0,1247,Non,80
2743,Durand,Hugo,M,1994-06-06,hugo.durand@datascope.fr,Opérations,Lille,CDI,2021-06-18,3.5,2229.0,1201,Non,100
2556,Michel,Camille,M,1998-12-21,camille.michel@datascope.fr,Direction,Nice,CDI,2016-12-31,8.0,2996.0,1801,Non,100
1756,Dubois,Lucas,M,1987-07-22,lucas.dubois@datascope.fr,Finance,Strasbourg,CDD,2018-10-31,6.2,2415.0,1413,Non,100
1482,Vincent,Camille,M,1989-03-17,camille.vincent@datascope.fr,Juridique,Lille,CDI,2015-04-09,9.7,3349.0,1519,Non,100
1403,Thomas,Lucas,NB,1986-09-26,lucas.thomas@datascope.fr,Opérations,Toulouse,CDD,2020-09-25,4.3,2215.0,1196,Non,100
2314,Simon,Pierre,M,1983-06-21,pierre.simon@datascope.fr,Finance,Marseille,CDD,2022-08-14,2.4,2768.0,1875,Non,80
2452,Leroy,Emma,F,1974-04-18,emma.leroy@datascope.fr,Direction,Lille,Interim,2024-12-12,0.1,2580.0,2421,Non,80
1744,Richard,Marie,F,1990-07-10,marie.richard@datascope.fr,Direction,Strasbourg,Stage,2022-08-10,2.4,900,1127,Non,100
2118,Vincent,Pierre,M,1975-11-28,pierre.vincent@datascope.fr,Opérations,Lille,CDD,2016-07-17,8.5,2462.0,1818,Non,100
1488,Bertrand,Thomas,F,1995-09-10,thomas.bertrand@datascope.fr,Finance,Nice,CDI,2024-10-18,0.2,3338.0,1179,Non,100
3156,Durand,Nicolas,F,1972-02-25,nicolas.durand@datascope.fr,Informatique,Bordeaux,CDI,2019-08-31,5.3,2114.0,3334,Non,100
1298,Garcia,Emma,M,1992-12-24,emma.garcia@datascope.fr,R&D,Lyon,CDI,2022-11-21,2.1,2350.0,1136,Oui,100
1320,Michel,Lucas,F,1999-03-27,lucas.michel@datascope.fr,Commercial,Lille,Interim,2020-09-07,4.3,2816.0,2597,Oui,50
1524,Leroy,Inès,F,1990-10-09,inès.leroy@datascope.fr,Marketing,Lille,CDD,2024-09-28,0.3,2341.0,2597,Non,100
1178,Simon,Antoine,F,1996-09-10,antoine.simon@datascope.fr,Marketing,Strasbourg,CDI,2020-05-29,4.6,2701.0,1413,Oui,100
2038,Moreau,Nicolas,NB,1986-11-26,nicolas.moreau@datascope.fr,Informatique,Lille,Stage,2015-06-12,9.6,900,1801,Non,80
2653,Durand,Louis,F,2000-07-20,louis.durand@datascope.fr,Finance,Paris,CDI,2019-08-17,5.4,2936.0,3028,Non,80
1212,Martin,Pierre,F,1972-04-18,pierre.martin@datascope.fr,R&D,Nantes,CDD,2020-01-23,4.9,3438.0,1641,Non,100
2630,Lefebvre,Pierre,M,2013-08-10,pierre.lefebvredatascope.fr,Finance,Grenoble,CDI,2023-09-12,1.3,0,1127,Non,100
1971,Richard,Nicolas,F,1992-07-02,nicolas.richard@datascope.fr,Logistique,Grenoble,CDI,2018-11-06,6.2,2836.0,3284,Non,100
2510,Roux,Louis,F,1968-06-22,louis.roux@datascope.fr,Marketing,Strasbourg,CDI,2024-03-06,0.8,2961.0,2067,Non,80
2971,Garcia,Camille,M,1994-01-10,camille.garcia@datascope.fr,Opérations,Lille,CDD,2019-01-29,5.9,2234.0,3004,Non,80
1271,Simon,Chloé,F,1965-05-26,chloé.simon@datascope.fr,Juridique,Bordeaux,CDD,2018-05-27,6.6,2885.0,2515,Non,100
2453,Laurent,Julie,M,1969-08-06,julie.laurent@datascope.fr,RH,Toulouse,CDI,2016-02-27,8.8,,,Non,100
1866,Simon,Léa,M,1983-10-28,léa.simon@datascope.fr,Informatique,Paris,Alternance,2024-05-09,0.6,1153.0,3028,Non,100
2370,Roux,Alice,F,1974-05-26,alice.roux@datascope.fr,Informatique,Marseille,CDI,2018-06-13,6.6,3863.0,1880,Non,100
1681,Michel,Inès,M,1983-10-31,inès.michel@datascope.fr,Logistique,Bordeaux,CDI,2023-06-26,1.5,2662.0,,Non,100
1996,Thomas,Lucas,F,1969-10-11,lucas.thomas@datascope.fr,Marketing,Toulouse,CDI,2020-07-01,4.5,1700.0,3284,Non,80
1024,Moreau,Louis,F,1994-12-05,louis.moreau@datascope.fr,Juridique,Lille,CDI,2022-12-18,2.0,1791.0,2630,Non,100
3318,Moreau,Nicolas,F,1998-05-24,nicolas.moreau@datascope.fr,Juridique,Bordeaux,CDI,2016-10-05,8.2,3856.0,1179,Non,100
3172,Garcia,Hugo,M,1986-08-25,hugo.garcia@datascope.fr,Marketing,Grenoble,CDI,2017-05-10,7.6,2743.0,1569,Non,100
3356,Petit,Pierre,M,1978-08-22,pierre.petit@datascope.fr,Finance,Strasbourg,CDD,2022-08-17,2.4,2871.0,1179,Non,80
3111,Thomas,Chloé,NB,1989-10-01,chloé.thomas@datascope.fr,Opérations,Toulouse,CDI,2020-09-18,4.3,2901.0,2630,Non,100
3274,Moreau,Emma,M,1991-08-23,emma.moreau@datascope.fr,Marketing,Marseille,CDI,2022-05-08,2.7,3070.0,1801,Oui,50
2171,Leroy,Pierre,M,1979-10-09,pierre.leroy@datascope.fr,Juridique,Bordeaux,CDI,2017-10-21,7.2,2718.0,2461,Non,100
3292,Richard,Alice,M,1965-08-11,alice.richard@datascope.fr,RH,Lille,CDD,2024-12-18,0.0,2173.0,1179,Non,100
1669,Lefebvre,Inès,M,1987-05-25,inès.lefebvre@datascope.fr,Juridique,Nantes,CDI,2022-06-18,2.5,2850.0,1569,Non,80
1214,Roux,Hugo,NB,1974-01-19,hugo.roux@datascope.fr,R&D,Bordeaux,CDI,2020-07-28,4.4,2878.0,2967,Non,50
2615,Richard,Lucas,F,1985-08-13,lucas.richard@datascope.fr,Commercial,Grenoble,CDI,2015-03-08,9.8,,2245,Non,100
3288,Simon,Romain,F,1992-05-02,romain.simon@datascope.fr,RH,Nice,CDD,2024-04-10,0.7,1792.0,1957,Non,100
2016,Lefebvre,Théo,F,1987-10-25,théo.lefebvre@datascope.fr,RH,Paris,CDD,2024-03-31,0.8,2556.0,3016,Non,100
1543,Vincent,Louis,F,1973-07-18,louis.vincent@datascope.fr,Finance,Grenoble,CDI,2015-02-01,9.9,2552.0,,Non,100
2009,Durand,Camille,F,1968-12-17,camille.durand@datascope.fr,Finance,Lyon,CDI,2015-05-29,9.6,3849.0,2245,Oui,100
2822,David,Romain,F,1991-07-14,romain.david@datascope.fr,Marketing,Lyon,CDI,2018-01-06,7.0,3220.0,3004,Non,50
2155,Moreau,Inès,NB,1967-03-14,inès.moreau@datascope.fr,Informatique,Nice,CDI,2024-12-29,0.0,1803.0,2461,Oui,100
2344,Durand,Pierre,F,1965-01-13,pierre.durand@datascope.fr,R&D,Lille,CDI,2016-06-24,8.5,2936.0,1569,Non,100
2153,Garcia,Théo,F,1965-01-17,théo.garcia@datascope.fr,Commercial,Paris,CDI,2021-11-05,3.2,3534.0,1100,Non,100
2976,Bernard,Julie,M,1985-08-07,julie.bernard@datascope.fr,RH,Paris,CDD,2023-01-15,2.0,2098.0,,Non,100
2853,Michel,Louis,F,1985-06-16,louis.michel@datascope.fr,RH,Nice,CDD,2019-08-23,5.4,1927.0,3334,Non,100
1232,Michel,Marie,NB,1971-02-23,marie.michel@datascope.fr,Marketing,Grenoble,CDI,2020-09-26,4.3,900,1179,Non,100
2665,Fournier,Romain,M,1984-05-10,romain.fournier@datascope.fr,Direction,Nantes,CDI,2017-09-12,7.3,4139.0,2245,Oui,100
2400,Moreau,Paul,M,1973-05-24,paul.moreau@datascope.fr,Finance,Marseille,CDI,2023-03-24,1.8,3633.0,,Non,50
2945,Moreau,Emma,F,1972-10-04,emma.moreau@datascope.fr,R&D,Toulouse,CDI,2022-02-15,2.9,3910.0,1005,Non,80
1402,Richard,Léa,F,1981-09-17,léa.richard@datascope.fr,Logistique,Strasbourg,CDI,2017-07-10,7.5,3054.0,1005,Non,100
3287,Robert,Pierre,F,1965-03-18,pierre.robert@datascope.fr,Commercial,Lille,CDD,2020-03-06,4.8,2849.0,,Non,50
2755,Garcia,Louis,F,1986-12-01,louis.garcia@datascope.fr,Informatique,Toulouse,Stage,2018-01-29,6.9,900,,Non,100
2010,Robert,Paul,NB,1994-11-04,paul.robert@datascope.fr,Informatique,Nantes,CDD,2017-12-24,7.0,2910.0,3016,Oui,50
2060,Richard,Théo,F,1965-10-25,théo.richard@datascope.fr,Logistique,Nice,CDI,2019-01-09,6.0,3282.0,,Non,100
3173,Dubois,Hugo,F,1991-03-29,hugo.dubois@datascope.fr,Commercial,Strasbourg,CDD,2023-06-14,1.5,1834.0,2645,Non,50
2911,Simon,Antoine,F,1977-01-14,antoine.simon@datascope.fr,Direction,Lyon,CDI,2020-06-11,4.6,2222.0,3284,Non,50
2192,Simon,Camille,M,1983-01-22,camille.simon@datascope.fr,Logistique,Grenoble,CDI,2020-05-13,4.6,2242.0,2461,Non,100
1194,Richard,Pierre,F,2014-06-20,pierre.richard@datascope.fr,R&D,Strasbourg,CDI,2015-11-12,9.1,0,1845,Non,100
3029,Robert,Antoine,M,1992-02-19,antoine.robert@datascope.fr,Commercial,Nantes,CDI,2018-07-06,6.5,3109.0,2597,Non,100
2015,Garcia,Paul,M,1973-02-08,paul.garcia@datascope.fr,RH,Nantes,CDD,2018-12-04,6.1,1745.0,1561,Non,100
1327,Thomas,Lucas,F,1973-11-24,lucas.thomas@datascope.fr,RH,Marseille,CDI,2017-09-22,7.3,1952.0,2421,Non,80
1596,Dubois,Julie,F,1987-04-05,julie.dubois@datascope.fr,R&D,Bordeaux,CDI,2016-07-30,8.4,1109.0,1247,Non,100
3333,Durand,Alice,M,1990-09-08,alice.durand@datascope.fr,Juridique,Nantes,Alternance,2016-04-27,8.7,900,1747,Non,80
2243,Roux,Lucas,M,1982-06-03,lucas.roux@datascope.fr,Direction,Bordeaux,CDI,2024-12-04,0.1,2297.0,,Non,100
3327,Vincent,Théo,M,1984-06-01,théo.vincent@datascope.fr,Commercial,Marseille,CDI,2024-05-28,0.6,1431.0,2461,Non,80
1636,David,Paul,F,1982-11-14,paul.david@datascope.fr,Marketing,Lyon,CDI,2015-07-12,9.5,2488.0,,Non,50
1273,David,Lucas,F,1970-04-23,lucas.david@datascope.fr,Informatique,Grenoble,CDI,2022-05-31,2.6,2957.0,1307,Non,100
2077,Fournier,Lucas,M,1972-01-08,lucas.fournier@datascope.fr,Logistique,Strasbourg,Interim,2019-10-22,5.2,1327.0,1195,Non,100
2068,Robert,Chloé,M,1998-04-02,chloé.robert@datascope.fr,R&D,Paris,Interim,2017-10-26,7.2,2049.0,2525,Non,100
1561,Laurent,Marie,M,2012-07-29,marie.laurentdatascope.fr,Legal,Marseille,CDI,2017-10-10,7.2,0,3142,Non,100
3263,Lefebvre,Chloé,F,1970-07-10,chloé.lefebvre@datascope.fr,Informatique,Nice,CDI,2021-01-17,4.0,2549.0,1818,Non,100
1070,Richard,Paul,F,1973-06-22,paul.richard@datascope.fr,Opérations,Toulouse,CDI,2021-05-22,3.6,3222.0,,Non,100
2916,Fournier,Alice,M,1985-01-04,alice.fournier@datascope.fr,Commercial,Lyon,CDI,2023-12-12,1.1,3597.0,1875,Oui,100
1527,Robert,Lucas,M,1972-04-20,lucas.robert@datascope.fr,Informatique,Paris,Stage,2015-06-13,9.6,900,,Oui,100
3276,Moreau,Chloé,M,1999-06-19,chloé.moreau@datascope.fr,Informatique,Lille,CDI,2016-01-03,9.0,3079.0,2967,Non,100
1626,Durand,Julie,F,1975-01-22,julie.durand@datascope.fr,Commercial,Strasbourg,CDI,2017-06-13,7.6,2142.0,,Non,80
1374,Vincent,Antoine,M,1998-09-19,antoine.vincent@datascope.fr,Marketing,Lyon,CDI,2015-12-11,9.1,2564.0,1801,Non,80
2651,Robert,Lucas,M,1996-05-04,lucas.robert@datascope.fr,R&D,Nantes,Alternance,2016-11-28,8.1,1424.0,1569,Non,80
1300,David,Alice,M,1990-09-29,alice.david@datascope.fr,Commercial,Lyon,Stage,2019-11-10,5.1,,2245,Non,100
1862,Petit,Chloé,M,1998-04-03,chloé.petit@datascope.fr,RH,Strasbourg,CDI,2022-11-03,2.2,4225.0,1194,Non,80
2690,Durand,Camille,F,1993-08-27,camille.durand@datascope.fr,Commercial,Grenoble,CDI,2017-07-02,7.5,2526.0,3334,Oui,100
3015,Richard,Paul,F,1982-10-08,paul.richard@datascope.fr,Commercial,Nice,CDI,2016-03-30,8.8,3421.0,,Non,100
3281,Robert,Antoine,F,1990-11-13,antoine.robert@datascope.fr,Finance,Lyon,CDD,2017-01-25,7.9,2711.0,2525,Non,100
2909,Dubois,Sophie,F,1973-11-29,sophie.dubois@datascope.fr,RH,Bordeaux,CDI,2017-09-14,7.3,1542.0,2461,Oui,100
1635,Bertrand,Nicolas,F,1985-09-01,nicolas.bertrand@datascope.fr,Informatique,Grenoble,CDI,2020-04-20,4.7,1753.0,,Non,50
1924,Richard,Hugo,F,1993-02-19,hugo.richard@datascope.fr,Informatique,Paris,Stage,2017-02-07,7.9,900,,Non,100
2684,Petit,Thomas,M,2000-04-28,thomas.petit@datascope.fr,Direction,Bordeaux,Interim,2019-05-21,5.6,2458.0,,Non,100
1513,Garcia,Nicolas,M,1965-08-04,nicolas.garcia@datascope.fr,Informatique,Paris,CDI,2020-10-18,4.2,3723.0,,Non,100
1952,Petit,Julie,F,1983-10-13,julie.petit@datascope.fr,Informatique,Bordeaux,CDI,2022-11-17,2.1,3990.0,2835,Non,50
1425,Bertrand,Sarah,F,1979-10-24,sarah.bertrand@datascope.fr,Juridique,Bordeaux,CDI,2017-02-21,7.9,1790.0,2835,Non,100
1679,Richard,Léa,M,1973-04-14,léa.richard@datascope.fr,Finance,Nice,CDI,2017-03-10,7.8,1818.0,3334,Non,100
3321,Durand,Louis,F,1980-07-29,louis.durand@datascope.fr,Juridique,Paris,CDD,2020-05-26,4.6,2939.0,1561,Oui,100
2659,Moreau,Camille,M,1974-04-09,camille.moreau@datascope.fr,Opérations,Bordeaux,CDI,2021-09-23,3.3,2429.0,3284,Non,100
1015,Dubois,Sophie,F,1974-01-18,sophie.dubois@datascope.fr,Logistique,Nantes,CDI,2023-12-27,1.0,2505.0,2630,Non,100
1445,Michel,Camille,F,1978-04-24,camille.michel@datascope.fr,Informatique,Toulouse,CDI,2021-09-29,3.3,1947.0,1948,Non,50
2595,Bernard,Pierre,M,1967-06-11,pierre.bernard@datascope.fr,Opérations,Grenoble,CDD,2021-09-19,3.3,3012.0,2515,Non,50
1566,David,Léa,M,1986-06-23,léa.david@datascope.fr,Informatique,Nantes,CDI,2023-07-17,1.5,2670.0,2630,Non,100
1937,Bernard,Hugo,M,1987-01-30,hugo.bernard@datascope.fr,Informatique,Bordeaux,CDI,2021-01-29,3.9,2505.0,2607,Non,80
2879,Michel,Camille,F,1991-11-26,camille.michel@datascope.fr,Finance,Paris,CDI,2022-03-06,2.8,3805.0,1201,Oui,100
2244,Vincent,Marie,M,1971-06-09,marie.vincent@datascope.fr,RH,Grenoble,Alternance,2015-10-20,9.2,900,2645,Non,100
3392,Vincent,Nicolas,M,1983-11-08,nicolas.vincent@datascope.fr,Marketing,Lyon,CDI,2016-07-18,8.5,2986.0,2245,Non,100
2761,Bernard,Inès,F,1974-08-31,inès.bernard@datascope.fr,Informatique,Toulouse,Alternance,2016-05-11,8.6,1294.0,1127,Non,100
1927,Vincent,Alice,F,1981-05-15,alice.vincent@datascope.fr,Informatique,Paris,CDD,2015-10-25,9.2,1397.0,1247,Non,100
2317,Bertrand,Sophie,M,1966-10-28,sophie.bertrand@datascope.fr,Opérations,Toulouse,Interim,2015-07-27,9.4,2933.0,2525,Oui,100
3148,Fournier,Lucas,F,1985-07-01,lucas.fournier@datascope.fr,R&D,Nice,CDI,2020-02-26,4.8,1867.0,3016,Non,100
2126,Laurent,Hugo,M,2000-01-18,hugo.laurent@datascope.fr,Opérations,Lille,Interim,2020-05-24,4.6,3015.0,1201,Oui,80
2535,Bernard,Théo,F,1971-09-13,théo.bernard@datascope.fr,Direction,Marseille,CDI,2021-02-15,3.9,1930.0,2619,Non,100
3062,Petit,Marie,M,1990-01-18,marie.petit@datascope.fr,Informatique,Lyon,CDI,2023-11-04,1.2,2403.0,1127,Non,100
3189,Lefebvre,Louis,M,1987-09-28,louis.lefebvre@datascope.fr,Finance,Lille,CDI,2017-07-01,7.5,2467.0,3378,Oui,80
2360,Robert,Théo,F,1966-06-14,théo.robert@datascope.fr,RH,Lyon,CDI,2018-04-24,6.7,4053.0,2645,Oui,100
1044,Dubois,Pierre,M,1981-01-01,pierre.dubois@datascope.fr,Marketing,Nantes,Alternance,2017-04-11,7.7,1072.0,1247,Non,80
2781,Bernard,Antoine,M,1992-04-14,antoine.bernard@datascope.fr,Logistique,Strasbourg,Stage,2024-10-29,0.2,900,1641,Non,100
1147,Fournier,Pierre,F,1992-02-17,pierre.fournier@datascope.fr,Direction,Lille,CDI,2019-09-24,5.3,2575.0,2525,Non,50
2488,Bertrand,Nicolas,F,1985-05-25,nicolas.bertrand@datascope.fr,Finance,Lyon,CDI,2015-08-24,9.4,2048.0,,Oui,80
2485,Petit,Hugo,NB,2000-07-06,hugo.petit@datascope.fr,R&D,Marseille,CDI,2016-03-11,8.8,1553.0,2597,Oui,100
3371,Lefebvre,Camille,F,1968-11-06,camille.lefebvre@datascope.fr,Direction,Lyon,CDI,2022-10-27,2.2,1947.0,2122,Non,50
2762,Fournier,Théo,M,1994-07-18,théo.fournier@datascope.fr,RH,Marseille,CDD,2016-04-25,8.7,2143.0,,Oui,100
2196,David,Nicolas,F,1983-12-11,nicolas.david@datascope.fr,Commercial,Lille,CDI,2015-10-02,9.2,3301.0,2525,Non,100
1068,Dubois,Emma,F,1968-08-02,emma.dubois@datascope.fr,Commercial,Nantes,CDD,2022-07-23,2.4,2486.0,1561,Non,100
2012,Dubois,Antoine,F,1993-04-23,antoine.dubois@datascope.fr,R&D,Nantes,CDD,2022-10-23,2.2,2394.0,2619,Non,50
1754,Vincent,Sophie,F,1977-06-30,sophie.vincent@datascope.fr,Finance,Toulouse,Alternance,2023-07-30,1.4,900,1818,Oui,100
2262,Thomas,Camille,F,1969-05-10,camille.thomas@datascope.fr,Commercial,Bordeaux,CDD,2017-03-07,7.8,2024.0,1569,Non,100
2187,Simon,Nicolas,M,1999-06-07,nicolas.simon@datascope.fr,RH,Grenoble,CDI,2019-04-27,5.7,3211.0,1401,Oui,50
2605,David,Louis,NB,1973-07-09,louis.david@datascope.fr,Commercial,Nantes,CDI,2018-11-06,6.2,2727.0,1519,Non,100
2189,Dubois,Alice,F,1969-02-25,alice.dubois@datascope.fr,RH,Lyon,CDI,2019-06-22,5.5,2783.0,1519,Oui,80
1412,Robert,Hugo,M,1972-09-25,hugo.robert@datascope.fr,Opérations,Marseille,CDI,2019-05-08,5.7,1871.0,1880,Non,80
2438,Robert,Léa,F,1984-10-31,léa.robert@datascope.fr,Informatique,Nice,Alternance,2018-10-19,6.2,934.0,,Non,80
2632,Robert,Léa,F,1980-01-04,léa.robert@datascope.fr,Logistique,Bordeaux,CDI,2016-08-29,8.3,1740.0,1413,Non,100
1063,David,Antoine,M,1997-10-29,antoine.david@datascope.fr,Finance,Lille,CDI,2021-10-07,3.2,4156.0,2122,Non,100
3176,Roux,Inès,M,1977-08-20,inès.roux@datascope.fr,Finance,Nantes,CDI,2017-11-08,7.1,2950.0,1005,Non,100
2503,Richard,Alice,F,1966-11-29,alice.richard@datascope.fr,Informatique,Strasbourg,Alternance,2023-11-29,1.1,968.0,1413,Oui,100
3295,Bernard,Léa,F,1987-08-31,léa.bernard@datascope.fr,RH,Bordeaux,CDD,2019-04-27,5.7,2660.0,,Non,100
2523,David,Louis,NB,1982-10-30,louis.david@datascope.fr,Marketing,Marseille,CDD,2023-06-20,1.5,2618.0,1957,Oui,100
1616,Bernard,Thomas,F,1977-01-05,thomas.bernard@datascope.fr,Finance,Marseille,CDI,2016-09-22,8.3,3526.0,,Non,100
3184,Moreau,Sophie,M,1967-09-18,sophie.moreau@datascope.fr,Juridique,Toulouse,Alternance,2018-05-26,6.6,940.0,2619,Oui,80
2193,Michel,Julie,F,2014-06-25,julie.michel@datascope.fr,Marketing,Paris,CDI,2023-06-10,1.6,,,Non,100
1128,Michel,Marie,NB,1979-09-08,marie.michel@datascope.fr,Direction,Toulouse,CDD,2021-09-07,3.3,2953.0,1247,Non,100
1121,Roux,Alice,NB,1992-06-16,alice.roux@datascope.fr,Direction,Lille,CDD,2016-10-16,8.2,3236.0,,Non,100
1093,Lefebvre,Julie,M,1997-04-27,julie.lefebvre@datascope.fr,Juridique,Marseille,CDI,2019-03-17,5.8,1863.0,1569,Non,100
2343,Thomas,Hugo,F,2000-01-10,hugo.thomas@datascope.fr,Marketing,Strasbourg,CDI,2023-03-04,1.8,2170.0,2630,Non,100
3289,Fournier,Julie,M,2015-06-28,julie.fournier@datascope.fr,Marketing,Lille,CDI,2020-12-01,4.1,,1307,Non,100
3056,Richard,Louis,NB,1989-11-01,louis.richard@datascope.fr,Marketing,Paris,CDD,2017-06-29,7.5,3000.0,1413,Oui,100
2469,Bernard,Chloé,F,1976-06-10,chloé.bernard@datascope.fr,Logistique,Marseille,CDI,2015-01-24,9.9,2266.0,2645,Non,100
1301,David,Marie,F,1996-01-12,marie.david@datascope.fr,Commercial,Paris,CDI,2022-06-05,2.6,1817.0,1194,Oui,100
1746,Vincent,Inès,F,1974-11-15,inès.vincent@datascope.fr,Finance,Lyon,CDI,2022-05-01,2.7,2045.0,1519,Non,80
3394,Durand,Pierre,F,1988-03-21,pierre.durand@datascope.fr,Commercial,Bordeaux,Interim,2016-07-07,8.5,2666.0,2607,Non,50
2058,Durand,Chloé,F,1987-12-02,chloé.durand@datascope.fr,Juridique,Lyon,CDI,2017-03-09,7.8,2490.0,,Non,50
1897,Leroy,Emma,M,1976-04-26,emma.leroy@datascope.fr,Opérations,Strasbourg,CDD,2015-06-02,9.6,3315.0,3016,Non,100
2235,Michel,Alice,F,1978-04-03,alice.michel@datascope.fr,Informatique,Paris,Stage,2019-03-13,5.8,900,1127,Non,50
2565,Fournier,Paul,F,1966-05-31,paul.fournier@datascope.fr,Informatique,Strasbourg,CDD,2016-04-25,8.7,4289.0,1519,Non,100
2930,Petit,Antoine,F,1994-07-08,antoine.petit@datascope.fr,Logistique,Nice,Stage,2021-09-26,3.3,900,2525,Non,100
2120,Leroy,Paul,F,1980-05-17,paul.leroy@datascope.fr,RH,Strasbourg,CDD,2021-12-01,3.1,2320.0,1948,Non,100
1966,Petit,Sarah,M,1993-02-01,sarah.petit@datascope.fr,Logistique,Nice,CDI,2017-07-30,7.4,1472.0,,Non,100
1735,Martin,Louis,F,1985-10-31,louis.martin@datascope.fr,Juridique,Paris,Interim,2020-11-17,4.1,2218.0,,Non,100
2981,Richard,Alice,M,1986-11-21,alice.richard@datascope.fr,Marketing,Nantes,CDI,2023-07-27,1.4,2889.0,2122,Non,100
1934,Fournier,Chloé,F,1969-11-12,chloé.fournier@datascope.fr,Direction,Nantes,CDD,2021-02-04,3.9,2454.0,,Oui,100
1898,Michel,Antoine,NB,1990-01-04,antoine.michel@datascope.fr,Opérations,Strasbourg,CDD,2021-08-16,3.4,1513.0,1136,Non,100
2321,Robert,Théo,F,1986-05-25,théo.robert@datascope.fr,Informatique,Grenoble,CDI,2021-07-29,3.4,2931.0,,Non,100
2977,David,Louis,M,1983-09-03,louis.david@datascope.fr,Commercial,Marseille,CDI,2021-09-16,3.3,2692.0,2619,Non,100
3376,Bertrand,Paul,M,1983-02-01,paul.bertrand@datascope.fr,Opérations,Strasbourg,CDI,2021-11-30,3.1,2412.0,2967,Oui,100
1416,Vincent,Nicolas,F,1984-11-16,nicolas.vincent@datascope.fr,R&D,Nice,Alternance,2024-04-22,0.7,1160.0,1790,Non,100
2239,Vincent,Emma,M,1985-04-26,emma.vincent@datascope.fr,Marketing,Nantes,CDI,2017-02-09,7.9,2241.0,,Non,100
1642,Michel,Paul,M,1985-10-15,paul.michel@datascope.fr,Juridique,Lyon,CDI,2016-08-29,8.3,4000.0,,Non,100
2150,Moreau,Lucas,F,1971-12-08,lucas.moreau@datascope.fr,Finance,Lille,CDD,2024-07-26,0.4,2710.0,,Oui,100
2448,Martin,Marie,M,1968-11-16,marie.martin@datascope.fr,Logistique,Nantes,CDD,2021-03-15,3.8,,2597,Non,100
1421,Laurent,Romain,M,1973-09-24,romain.laurent@datascope.fr,Finance,Grenoble,CDI,2024-10-18,0.2,2570.0,1569,Oui,100
1576,Robert,Léa,M,1979-08-26,léa.robert@datascope.fr,Juridique,Strasbourg,CDI,2019-03-07,5.8,1819.0,2122,Non,80
2746,Leroy,Alice,F,1979-05-26,alice.leroy@datascope.fr,Finance,Nice,Interim,2019-04-12,5.7,3344.0,2607,Non,100
1501,Roux,Sophie,F,1997-10-21,sophie.roux@datascope.fr,R&D,Toulouse,CDI,2023-12-22,1.0,4551.0,1569,Oui,100
3028,Garcia,Inès,M,2013-09-05,inès.garciadatascope.fr,Finance,Paris,CDI,2024-07-31,0.4,0,1194,Non,80
2988,David,Marie,F,1977-12-27,marie.david@datascope.fr,RH,Lille,CDI,2015-02-27,9.8,2303.0,1179,Non,100
2645,Laurent,Marie,M,2012-06-14,marie.laurent@datascope.fr,Finance,Lyon,CDI,2020-09-02,4.3,0,1100,Non,80
1928,Laurent,Sophie,F,1987-11-07,sophie.laurent@datascope.fr,Informatique,Grenoble,CDD,2015-12-10,9.1,2443.0,2067,Non,50
1347,Thomas,Antoine,F,2000-09-24,antoine.thomas@datascope.fr,Marketing,Lille,CDD,2016-06-01,8.6,1592.0,,Oui,100
1619,Petit,Nicolas,M,1996-12-23,nicolas.petit@datascope.fr,Opérations,Grenoble,CDI,2020-03-20,4.8,2498.0,,Non,100
1117,Garcia,Hugo,F,1971-03-09,hugo.garcia@datascope.fr,Marketing,Lille,CDI,2023-12-28,1.0,2503.0,3118,Non,100
3264,Simon,Paul,F,1984-08-25,paul.simon@datascope.fr,R&D,Strasbourg,CDD,2016-11-30,8.1,1261.0,2630,Non,50
2354,Roux,Julie,F,1968-02-17,julie.roux@datascope.fr,Marketing,Paris,CDI,2024-05-07,0.7,1872.0,1195,Oui,80
1721,Fournier,Thomas,F,1974-11-20,thomas.fournier@datascope.fr,Juridique,Paris,Alternance,2015-04-07,9.7,1706.0,1247,Non,100
1191,Martin,Sarah,F,1979-10-20,sarah.martin@datascope.fr,R&D,Strasbourg,CDD,2019-10-21,5.2,2059.0,3378,Non,100
3271,Leroy,Nicolas,M,1982-05-18,nicolas.leroy@datascope.fr,Finance,Bordeaux,Stage,2019-03-10,5.8,900,2619,Non,100
1366,Dubois,Alice,F,1975-06-22,alice.dubois@datascope.fr,Commercial,Nantes,CDI,2015-09-28,9.3,2789.0,1136,Non,100
1523,Petit,Romain,F,1983-03-21,romain.petit@datascope.fr,Marketing,Grenoble,CDD,2019-04-16,5.7,1736.0,3004,Oui,100
2574,Laurent,Léa,M,1990-07-01,léa.laurent@datascope.fr,Juridique,Lille,Stage,2024-04-11,0.7,900,3004,Non,80
1409,Michel,Thomas,F,1966-09-26,thomas.michel@datascope.fr,Logistique,Paris,CDD,2016-09-08,8.3,1289.0,2421,Non,100
1711,Simon,Pierre,M,1992-03-03,pierre.simon@datascope.fr,R&D,Lille,Alternance,2024-08-20,0.4,900,2607,Non,100
1155,Vincent,Romain,F,1980-05-24,romain.vincent@datascope.fr,Direction,Grenoble,CDI,2019-05-08,5.7,2379.0,1307,Non,100
3076,Durand,Marie,F,1976-03-02,marie.durand@datascope.fr,Commercial,Lyon,CDI,2019-04-26,5.7,3495.0,,Non,50
2091,Robert,Chloé,NB,2000-07-23,chloé.robert@datascope.fr,Direction,Nantes,CDI,2015-03-28,9.8,3351.0,3016,Non,100
2295,David,Chloé,F,1980-05-19,chloé.david@datascope.fr,Informatique,Lille,Alternance,2015-12-12,9.1,1462.0,2525,Oui,100
1752,Richard,Léa,F,1974-07-23,léa.richard@datascope.fr,Juridique,Strasbourg,CDI,2023-05-09,1.6,3728.0,1335,Oui,80
3136,Simon,Antoine,M,1997-01-23,antoine.simon@datascope.fr,Finance,Nice,Alternance,2022-02-15,2.9,1193.0,1880,Non,50
1684,Garcia,Julie,F,1990-10-18,julie.garcia@datascope.fr,R&D,Bordeaux,CDD,2023-10-08,1.2,2508.0,2461,Oui,100
2157,Vincent,Antoine,M,1969-05-30,antoine.vincent@datascope.fr,Logistique,Bordeaux,CDI,2017-11-11,7.1,2406.0,1092,Non,100
3154,Leroy,Camille,NB,1997-08-25,camille.leroy@datascope.fr,R&D,Marseille,Stage,2017-12-25,7.0,900,3016,Non,80
1743,Richard,Hugo,M,1970-06-22,hugo.richard@datascope.fr,Marketing,Paris,Alternance,2015-08-19,9.4,1048.0,3378,Non,80
1470,Lefebvre,Alice,F,1969-08-15,alice.lefebvre@datascope.fr,RH,Strasbourg,Stage,2015-04-04,9.7,900,,Non,100
3187,Simon,Lucas,F,1984-01-16,lucas.simon@datascope.fr,Juridique,Grenoble,Alternance,2024-08-05,0.4,1235.0,3334,Non,100
3123,Moreau,Emma,F,1988-03-05,emma.moreau@datascope.fr,Commercial,Paris,CDI,2019-07-19,5.5,2069.0,2645,Oui,80
2183,Lefebvre,Chloé,F,1967-09-09,chloé.lefebvre@datascope.fr,Direction,Bordeaux,CDD,2016-07-17,8.5,2045.0,2525,Non,80
2721,Vincent,Chloé,F,1965-10-22,chloé.vincent@datascope.fr,Opérations,Marseille,CDI,2023-04-18,1.7,2096.0,2515,Non,100
2283,Garcia,Julie,F,1999-07-17,julie.garcia@datascope.fr,Opérations,Grenoble,Interim,2017-09-23,7.3,1966.0,2607,Oui,100
3153,Fournier,Lucas,M,1994-07-16,lucas.fournier@datascope.fr,Direction,Marseille,CDD,2017-01-08,8.0,900,2245,Non,100
2132,Michel,Antoine,M,1982-01-15,antoine.michel@datascope.fr,RH,Bordeaux,CDI,2016-04-06,8.7,2442.0,1100,Non,100
1812,Lefebvre,Lucas,F,1993-06-23,lucas.lefebvre@datascope.fr,Juridique,Toulouse,CDI,2024-02-06,0.9,1779.0,2645,Non,100
2173,Fournier,Chloé,F,1974-01-22,chloé.fournier@datascope.fr,Direction,Toulouse,CDI,2024-03-23,0.8,4166.0,3142,Non,100
2575,Laurent,Romain,M,1988-10-13,romain.laurent@datascope.fr,Commercial,Nice,CDI,2016-01-27,8.9,2903.0,2835,Non,100
2191,Richard,Julie,M,1995-02-22,julie.richard@datascope.fr,R&D,Strasbourg,CDD,2024-07-06,0.5,2232.0,1561,Non,100
2081,Petit,Julie,M,1986-11-16,julie.petit@datascope.fr,Finance,Strasbourg,CDI,2016-03-04,8.8,2289.0,1179,Non,100
1904,Bertrand,Léa,M,2000-04-20,léa.bertrand@datascope.fr,Marketing,Lille,CDI,2023-07-12,1.5,3216.0,1136,Non,100
2138,Michel,Hugo,M,1985-03-12,hugo.michel@datascope.fr,Direction,Bordeaux,CDI,2018-06-21,6.5,2919.0,1127,Oui,100
2219,Richard,Hugo,F,1969-02-08,hugo.richard@datascope.fr,R&D,Nice,CDI,2023-07-29,1.4,2618.0,1092,Non,100
1734,David,Camille,M,1973-05-01,camille.david@datascope.fr,Commercial,Bordeaux,Stage,2017-06-26,7.5,900,1801,Non,100
1782,Robert,Paul,M,1972-06-29,paul.robert@datascope.fr,Juridique,Marseille,Stage,2015-07-18,9.5,900,2645,Non,50
3316,Durand,Camille,F,1997-09-18,camille.durand@datascope.fr,RH,Paris,Alternance,2024-12-10,0.1,1079.0,1641,Non,100
1051,Leroy,Pierre,M,1973-07-08,pierre.leroy@datascope.fr,Opérations,Grenoble,CDI,2018-05-06,6.7,2654.0,2645,Non,100
1252,Garcia,Nicolas,M,1993-08-25,nicolas.garcia@datascope.fr,Juridique,Lille,CDI,2021-06-19,3.5,1948.0,1519,Non,50
1296,Leroy,Thomas,M,1986-07-31,thomas.leroy@datascope.fr,Juridique,Toulouse,CDI,2017-03-03,7.8,3236.0,2122,Oui,100
2221,Durand,Romain,M,1967-11-17,romain.durand@datascope.fr,R&D,Strasbourg,CDI,2016-08-30,8.3,2959.0,,Non,100
2764,Roux,Pierre,M,1999-03-13,pierre.roux@datascope.fr,Opérations,Lyon,CDI,2019-01-19,5.9,1099.0,,Oui,100
3106,Bertrand,Nicolas,M,1995-03-04,nicolas.bertrand@datascope.fr,R&D,Nantes,Alternance,2016-10-31,8.2,900,3334,Oui,100
3145,Durand,Hugo,M,1993-09-03,hugo.durand@datascope.fr,Commercial,Marseille,CDI,2017-07-29,7.4,1569.0,1005,Non,100
2712,Richard,Alice,F,1974-07-27,alice.richard@datascope.fr,Logistique,Marseille,CDI,2024-10-29,0.2,2035.0,1005,Oui,50
1742,Simon,Léa,M,1982-10-07,léa.simon@datascope.fr,Informatique,Marseille,CDI,2017-02-11,7.9,2843.0,2630,Non,50
2475,David,Sophie,F,1992-03-31,sophie.david@datascope.fr,R&D,Marseille,CDD,2020-05-02,4.7,1407.0,3334,Non,50
2218,Robert,Lucas,F,1990-11-23,lucas.robert@datascope.fr,Logistique,Grenoble,CDI,2022-04-09,2.7,3453.0,1948,Non,100
1796,Vincent,Antoine,F,1979-06-09,antoine.vincent@datascope.fr,Marketing,Strasbourg,CDD,2023-10-07,1.2,1326.0,2525,Oui,50
2296,Bernard,Louis,F,1997-08-14,louis.bernard@datascope.fr,RH,Marseille,CDI,2015-01-15,10.0,3020.0,1196,Non,100
1880,Vincent,Pierre,F,2013-03-31,pierre.vincentdatascope.fr,Operations,Strasbourg,CDI,2024-10-31,-0.2,0,,Non,100
2428,Robert,Marie,M,1992-11-07,marie.robert@datascope.fr,Juridique,Bordeaux,CDI,2024-08-15,0.4,2180.0,1005,Non,50
2426,Thomas,Emma,M,1993-09-12,emma.thomas@datascope.fr,Finance,Toulouse,Interim,2021-09-29,3.3,2456.0,2597,Non,80
1340,Thomas,Thomas,F,2000-06-11,thomas.thomas@datascope.fr,RH,Nantes,CDI,2021-07-07,3.5,3067.0,1413,Non,100
2772,Petit,Chloé,NB,2000-10-02,chloé.petit@datascope.fr,Marketing,Lyon,Stage,2021-05-20,3.6,900,1136,Non,100
2351,Vincent,Paul,F,1967-10-04,paul.vincent@datascope.fr,Logistique,Marseille,CDD,2022-01-21,2.9,2888.0,1100,Non,100
3061,Leroy,Louis,M,1996-08-24,louis.leroy@datascope.fr,R&D,Marseille,Interim,2024-11-29,0.1,2489.0,1801,Non,100
2673,Vincent,Pierre,M,1982-12-19,pierre.vincent@datascope.fr,Logistique,Strasbourg,Stage,2015-02-12,9.9,900,3378,Non,100
1306,Bernard,Marie,F,1966-12-16,marie.bernard@datascope.fr,Informatique,Strasbourg,CDI,2023-05-05,1.7,1696.0,,Non,100
1399,Laurent,Théo,F,1985-03-25,théo.laurent@datascope.fr,Juridique,Lille,CDI,2021-11-07,3.1,1699.0,,Non,100
2527,Garcia,Emma,F,1992-10-27,emma.garcia@datascope.fr,Opérations,Nice,CDI,2021-12-11,3.1,3617.0,1790,Non,100
2129,Moreau,Alice,M,1971-04-27,alice.moreau@datascope.fr,Informatique,Nice,Alternance,2024-09-09,0.3,1233.0,,Non,80
2949,Garcia,Marie,M,1984-03-19,marie.garcia@datascope.fr,Opérations,Marseille,CDI,2017-01-16,8.0,2260.0,,Oui,100
1599,Garcia,Alice,F,1968-12-19,alice.garcia@datascope.fr,Commercial,Bordeaux,CDI,2019-04-22,5.7,2211.0,1801,Non,100
3129,Lefebvre,Léa,NB,1976-06-06,léa.lefebvre@datascope.fr,Marketing,Nice,CDI,2020-04-10,4.7,2732.0,2630,Oui,50
2874,Thomas,Théo,M,1999-07-23,théo.thomas@datascope.fr,Commercial,Grenoble,Interim,2023-11-28,1.1,2223.0,1179,Non,80
1949,Laurent,Julie,M,1965-08-12,julie.laurent@datascope.fr,Marketing,Nantes,CDI,2022-08-29,2.3,1480.0,1307,Non,50
1881,Robert,Camille,M,1971-06-12,camille.robert@datascope.fr,Direction,Bordeaux,CDI,2022-09-28,2.3,2507.0,1335,Non,100
2140,Robert,Nicolas,M,1975-03-02,nicolas.robert@datascope.fr,R&D,Bordeaux,Interim,2022-08-17,2.4,2681.0,2421,Oui,100
1290,Bernard,Antoine,M,1997-11-12,antoine.bernard@datascope.fr,Informatique,Marseille,Alternance,2024-02-02,0.9,1091.0,3142,Oui,100
2254,Michel,Sarah,F,1996-12-11,sarah.michel@datascope.fr,R&D,Nice,CDI,2020-08-17,4.4,3395.0,2619,Non,50
2122,Robert,Inès,F,2011-03-15,inès.robert@datascope.fr,Management,Bordeaux,Alternance,2016-01-30,8.9,0,,Non,100
1481,Leroy,Sarah,F,1993-12-09,sarah.leroy@datascope.fr,Marketing,Paris,CDI,2017-08-02,7.4,3749.0,,Non,100
1843,Fournier,Léa,M,1986-01-30,léa.fournier@datascope.fr,Opérations,Lille,CDI,2016-08-19,8.4,2409.0,,Non,80
2393,Simon,Lucas,M,1991-06-12,lucas.simon@datascope.fr,Logistique,Nice,CDI,2015-08-18,9.4,2123.0,1092,Non,100
1712,Laurent,Louis,F,1985-07-07,louis.laurent@datascope.fr,Juridique,Strasbourg,CDI,2018-06-11,6.6,2478.0,1136,Oui,100
1138,Leroy,Sophie,NB,2013-04-13,sophie.leroy@datascope.fr,Juridique,Nice,CDI,2018-03-31,6.8,,1092,Non,100
3223,Michel,Paul,M,1977-03-13,paul.michel@datascope.fr,Finance,Grenoble,CDI,2017-06-01,7.6,3593.0,2515,Non,50
1275,Michel,Julie,F,1987-01-21,julie.michel@datascope.fr,Logistique,Paris,Alternance,2020-04-13,4.7,1049.0,1401,Non,50
2097,Michel,Lucas,F,1992-02-05,lucas.michel@datascope.fr,Logistique,Toulouse,CDI,2023-10-03,1.2,3041.0,1875,Non,100
2656,Moreau,Louis,NB,1971-08-21,louis.moreau@datascope.fr,Commercial,Paris,CDD,2019-03-08,5.8,900,1335,Oui,100
1981,Fournier,Louis,M,1989-02-21,louis.fournier@datascope.fr,Direction,Grenoble,CDI,2018-07-06,6.5,2525.0,1195,Oui,100
2061,Petit,Emma,M,1976-10-09,emma.petit@datascope.fr,Direction,Strasbourg,Alternance,2016-12-03,8.1,911.0,1100,Non,100
1460,Fournier,Léa,M,2000-01-10,léa.fournier@datascope.fr,R&D,Grenoble,CDI,2017-09-10,7.3,3340.0,1747,Non,100
2135,Vincent,Inès,F,1986-04-14,inès.vincent@datascope.fr,Finance,Nice,CDI,2017-08-15,7.4,2766.0,3142,Oui,100
3341,Durand,Romain,F,1966-01-10,romain.durand@datascope.fr,RH,Marseille,CDI,2018-08-24,6.4,3159.0,1201,Non,100
2831,Martin,Emma,M,1987-08-19,emma.martin@datascope.fr,Logistique,Nice,Alternance,2023-02-05,1.9,971.0,1880,Non,100
2573,David,Nicolas,F,1979-04-25,nicolas.david@datascope.fr,RH,Nantes,CDI,2020-01-21,4.9,1694.0,1569,Oui,100
1106,Martin,Théo,NB,1996-05-04,théo.martin@datascope.fr,Marketing,Paris,Alternance,2015-12-07,9.1,1017.0,1875,Oui,100
1331,Michel,Antoine,F,1983-08-19,antoine.michel@datascope.fr,Juridique,Lille,CDI,2016-08-03,8.4,3299.0,,Non,100
1765,Michel,Marie,F,1985-02-19,marie.michel@datascope.fr,Commercial,Toulouse,CDI,2019-08-02,5.4,2413.0,1401,Non,100
2136,Vincent,Sarah,F,1997-10-21,sarah.vincent@datascope.fr,Juridique,Nantes,CDI,2017-03-29,7.8,3109.0,2835,Non,50
1218,Petit,Pierre,NB,1984-06-18,pierre.petit@datascope.fr,Juridique,Nantes,CDI,2018-11-21,6.1,2156.0,1179,Non,100
2844,Leroy,Romain,F,1975-01-08,romain.leroy@datascope.fr,Commercial,Paris,CDI,2015-05-05,9.7,2379.0,1100,Non,100
1794,Simon,Inès,M,1998-02-16,inès.simon@datascope.fr,Opérations,Toulouse,Stage,2021-02-15,3.9,900,1136,Non,100
2865,Vincent,Julie,F,1966-06-12,julie.vincent@datascope.fr,Marketing,Strasbourg,CDI,2016-07-23,8.4,3783.0,2597,Oui,80
3245,Vincent,Louis,F,1979-06-07,louis.vincent@datascope.fr,Marketing,Marseille,CDI,2024-08-23,0.4,3310.0,,Non,100
2330,Michel,Pierre,F,1966-06-19,pierre.michel@datascope.fr,RH,Bordeaux,CDD,2022-06-27,2.5,2136.0,2835,Non,80
3117,Dubois,Romain,F,1988-06-07,romain.dubois@datascope.fr,Commercial,Nantes,CDI,2016-04-19,8.7,4424.0,2619,Non,50
1393,Lefebvre,Julie,F,1993-07-29,julie.lefebvre@datascope.fr,Logistique,Grenoble,CDI,2016-10-23,8.2,2690.0,1401,Oui,100
1663,Michel,Sophie,F,1998-03-26,sophie.michel@datascope.fr,Opérations,Nantes,CDD,2022-07-04,2.5,2243.0,1247,Non,100
1976,Moreau,Sophie,F,1974-05-01,sophie.moreau@datascope.fr,Marketing,Bordeaux,CDI,2022-01-28,2.9,3113.0,,Non,100
2217,Vincent,Paul,NB,1965-09-03,paul.vincent@datascope.fr,Commercial,Nice,CDD,2016-03-19,8.8,2134.0,1201,Oui,50
1707,Richard,Alice,F,1978-01-30,alice.richard@datascope.fr,Opérations,Nantes,Alternance,2022-01-31,2.9,900,1561,Non,100
2956,Roux,Inès,F,2000-09-01,inès.roux@datascope.fr,Informatique,Nice,CDI,2021-04-07,3.7,1801.0,1005,Oui,80
1550,Petit,Camille,M,1993-12-24,camille.petit@datascope.fr,Marketing,Lyon,CDD,2019-04-16,5.7,2514.0,1790,Non,100
1081,David,Sarah,M,1973-06-23,sarah.david@datascope.fr,Juridique,Grenoble,Interim,2024-02-08,0.9,1949.0,1957,Non,100
1177,Dubois,Léa,F,1994-04-11,léa.dubois@datascope.fr,RH,Paris,CDI,2016-10-22,8.2,3259.0,1561,Non,100
2495,Petit,Chloé,F,1984-04-02,chloé.petit@datascope.fr,Juridique,Marseille,Alternance,2021-07-17,3.5,1499.0,,Non,100
1217,Richard,Antoine,M,1985-07-08,antoine.richard@datascope.fr,Direction,Nice,CDI,2023-06-25,1.5,2318.0,2515,Non,50
2115,Laurent,Inès,F,1989-04-04,inès.laurent@datascope.fr,Juridique,Lille,Alternance,2015-05-14,9.6,1273.0,3016,Non,80
2414,Bertrand,Nicolas,M,1995-12-07,nicolas.bertrand@datascope.fr,Finance,Grenoble,Stage,2017-09-13,7.3,900,1561,Non,100
3239,Garcia,Thomas,M,1968-01-15,thomas.garcia@datascope.fr,Finance,Nantes,CDI,2023-03-26,1.8,2430.0,3004,Oui,80
2715,Simon,Pierre,F,1981-12-12,pierre.simon@datascope.fr,Direction,Lyon,CDI,2021-12-01,3.1,2268.0,,Non,100
2607,David,Romain,M,2012-04-15,romain.daviddatascope.fr,Operations,Lyon,CDI,2019-08-08,-1.3,0,2630,Non,50
1427,Petit,Marie,F,2010-04-21,marie.petit@datascope.fr,Legal,Grenoble,CDI,2023-02-26,1.8,0,1401,Non,80
2040,Petit,Thomas,M,1971-04-02,thomas.petit@datascope.fr,Opérations,Marseille,CDI,2023-06-26,1.5,2605.0,1519,Non,50
1691,Bernard,Paul,M,1970-02-15,paul.bernard@datascope.fr,Opérations,Toulouse,CDD,2015-03-29,9.8,3116.0,1845,Non,100
1449,Durand,Sarah,F,1965-04-02,sarah.durand@datascope.fr,Juridique,Paris,CDI,2019-05-02,5.7,1644.0,1818,Non,50
1548,Thomas,Pierre,F,1970-07-12,pierre.thomas@datascope.fr,Commercial,Nice,CDI,2024-10-06,0.2,1613.0,1196,Oui,50
3315,Robert,Sophie,F,1976-05-01,sophie.robert@datascope.fr,Commercial,Nice,CDI,2024-11-23,0.1,1505.0,,Non,100
2454,Roux,Camille,F,1978-10-02,camille.roux@datascope.fr,Informatique,Paris,Stage,2017-09-17,7.3,900,1790,Non,100
1761,Laurent,Léa,F,1972-02-27,léa.laurent@datascope.fr,Logistique,Bordeaux,CDI,2016-02-03,8.9,2693.0,2245,Non,100
2806,Martin,Romain,M,1987-03-21,romain.martin@datascope.fr,Direction,Strasbourg,CDI,2019-07-06,5.5,2725.0,,Non,50
3256,Thomas,Romain,F,1992-08-02,romain.thomas@datascope.fr,Opérations,Paris,CDI,2018-04-26,6.7,3414.0,1413,Oui,80
1921,Simon,Léa,F,1992-10-24,léa.simon@datascope.fr,Opérations,Toulouse,CDI,2022-12-04,2.1,3220.0,2461,Non,100
1467,Petit,Alice,M,1970-06-30,alice.petit@datascope.fr,Logistique,Strasbourg,CDI,2018-03-15,6.8,2634.0,3016,Oui,80
2754,Martin,Inès,F,1999-12-10,inès.martin@datascope.fr,Opérations,Lyon,Interim,2021-03-13,3.8,2248.0,2515,Non,100
2939,Simon,Inès,F,1969-03-03,inès.simon@datascope.fr,R&D,Grenoble,CDI,2015-06-15,9.5,2895.0,1818,Non,80
1850,Martin,Louis,M,1983-07-16,louis.martin@datascope.fr,Informatique,Paris,CDI,2021-05-18,3.6,2888.0,3028,Non,100
2152,Richard,Théo,F,1995-09-28,théo.richard@datascope.fr,Commercial,Lyon,CDI,2024-06-18,0.5,3579.0,,Non,100
2362,Roux,Pierre,F,1979-10-14,pierre.roux@datascope.fr,RH,Nantes,CDD,2021-11-27,3.1,2987.0,2607,Non,100
1424,Bertrand,Emma,F,1999-11-16,emma.bertrand@datascope.fr,Commercial,Strasbourg,CDD,2017-08-21,7.4,2366.0,1201,Non,50
2345,Richard,Nicolas,M,1990-06-06,nicolas.richard@datascope.fr,Opérations,Toulouse,CDI,2016-11-14,8.1,,2597,Non,100
3364,Vincent,Louis,F,1983-09-25,louis.vincent@datascope.fr,Informatique,Toulouse,CDI,2023-12-19,1.0,2984.0,2515,Non,100
1199,David,Lucas,M,1967-04-16,lucas.david@datascope.fr,Juridique,Lille,CDI,2019-10-18,5.2,2237.0,1005,Non,100
2543,Fournier,Julie,M,1990-12-12,julie.fournier@datascope.fr,Opérations,Toulouse,CDI,2021-05-07,3.7,3016.0,1519,Non,80
2473,Fournier,Pierre,F,1993-12-10,pierre.fournier@datascope.fr,Finance,Paris,CDD,2015-01-30,9.9,3478.0,,Non,100
2415,Moreau,Paul,F,1994-08-08,paul.moreau@datascope.fr,Finance,Grenoble,CDI,2018-04-22,6.7,2641.0,1747,Non,100
1886,Roux,Inès,M,1996-01-14,inès.roux@datascope.fr,Direction,Lille,CDI,2018-05-22,6.6,3006.0,3142,Oui,100
2753,Laurent,Hugo,F,1971-05-17,hugo.laurent@datascope.fr,Juridique,Nice,Alternance,2016-05-07,8.7,1134.0,1957,Non,100
3317,Leroy,Nicolas,M,1977-04-17,nicolas.leroy@datascope.fr,Informatique,Paris,Stage,2016-01-18,9.0,,1818,Non,100
1613,Vincent,Inès,M,1967-04-15,inès.vincent@datascope.fr,Marketing,Paris,CDD,2023-12-26,1.0,2465.0,1569,Oui,80
2594,Roux,Chloé,F,1975-02-25,chloé.roux@datascope.fr,Informatique,Strasbourg,CDD,2024-06-15,0.5,2616.0,1790,Non,100
2731,Vincent,Emma,F,1995-03-08,emma.vincent@datascope.fr,Commercial,Lyon,CDI,2023-07-13,1.5,3000.0,,Non,100
2889,Fournier,Lucas,NB,1971-05-10,lucas.fournier@datascope.fr,Finance,Toulouse,Interim,2016-10-23,8.2,2774.0,1880,Non,50
1195,Dubois,Nicolas,M,2015-01-04,nicolas.duboisdatascope.fr,R&D,Strasbourg,Alternance,2020-12-03,4.1,0,,Non,50
1573,Laurent,Alice,F,1974-02-25,alice.laurent@datascope.fr,Marketing,Nice,CDI,2023-03-25,1.8,3213.0,1335,Non,100
1075,David,Hugo,F,1985-07-11,hugo.david@datascope.fr,Marketing,Nantes,CDI,2016-08-09,8.4,2350.0,1875,Non,100
3238,Robert,Marie,F,1978-05-28,marie.robert@datascope.fr,R&D,Paris,CDI,2024-03-21,0.8,3617.0,1569,Non,100
1861,Bernard,Emma,M,1978-07-11,emma.bernard@datascope.fr,Informatique,Toulouse,Stage,2020-09-29,4.3,900,,Non,100
3164,Garcia,Louis,M,1965-04-23,louis.garcia@datascope.fr,Opérations,Lille,Alternance,2022-12-22,2.0,1244.0,2421,Oui,80
1838,Martin,Sarah,F,1969-12-22,sarah.martin@datascope.fr,Direction,Lyon,CDD,2021-07-15,3.5,1082.0,1195,Non,100
2234,Laurent,Sarah,F,1979-10-02,sarah.laurent@datascope.fr,Logistique,Paris,Stage,2019-09-15,5.3,900,,Oui,100
2522,Martin,Sarah,M,1980-12-12,sarah.martin@datascope.fr,Commercial,Nice,CDD,2017-06-17,7.5,2341.0,3016,Non,100
1660,Leroy,Alice,M,1976-11-26,alice.leroy@datascope.fr,R&D,Nantes,CDI,2015-08-20,9.4,2649.0,1092,Non,100
2142,Michel,Emma,M,1997-06-12,emma.michel@datascope.fr,RH,Lille,CDI,2019-12-19,5.0,2635.0,2967,Non,80
1666,Leroy,Marie,M,1971-07-19,marie.leroy@datascope.fr,Juridique,Bordeaux,CDI,2016-02-03,8.9,2981.0,1335,Non,50
2791,Moreau,Sarah,F,1975-05-22,sarah.moreau@datascope.fr,R&D,Nice,CDI,2015-07-21,9.4,2612.0,3378,Non,50
2124,David,Paul,M,1996-12-17,paul.david@datascope.fr,Opérations,Toulouse,CDI,2019-03-12,5.8,2006.0,2122,Non,100
1146,Moreau,Chloé,F,1990-09-05,chloé.moreau@datascope.fr,Commercial,Nice,CDI,2018-05-18,6.6,3398.0,1195,Non,100
2206,Simon,Hugo,F,1984-08-17,hugo.simon@datascope.fr,Marketing,Lyon,Interim,2024-05-09,0.6,2227.0,2619,Oui,80
1102,Dubois,Pierre,F,1979-10-12,pierre.dubois@datascope.fr,R&D,Strasbourg,CDI,2017-09-20,7.3,3165.0,1569,Non,50
3023,Roux,Sophie,M,1985-11-20,sophie.roux@datascope.fr,Informatique,Grenoble,CDI,2015-04-26,9.7,1952.0,,Oui,100
2745,Robert,Léa,M,1965-08-11,léa.robert@datascope.fr,RH,Bordeaux,CDI,2023-07-25,1.4,3144.0,3028,Non,100
1090,Martin,Emma,F,1980-02-24,emma.martin@datascope.fr,Marketing,Lyon,CDI,2015-05-03,9.7,2904.0,,Non,100
2143,Michel,Julie,M,1978-03-05,julie.michel@datascope.fr,RH,Nice,Alternance,2019-03-08,5.8,900,,Non,100
3174,Thomas,Emma,F,1977-09-19,emma.thomas@datascope.fr,Direction,Nice,CDI,2017-06-02,7.6,3269.0,2619,Oui,80
2739,Richard,Lucas,M,1984-12-12,lucas.richard@datascope.fr,R&D,Marseille,Alternance,2024-01-25,0.9,916.0,,Non,50
2027,Laurent,Hugo,M,2013-05-12,hugo.laurent@datascope.fr,HR,Toulouse,CDI,2020-06-06,4.6,0,3142,Oui,50
2650,Fournier,Hugo,F,2000-01-15,hugo.fournier@datascope.fr,Juridique,Toulouse,CDI,2021-07-20,3.4,1796.0,1747,Non,100
1875,Vincent,Pierre,F,2012-02-02,pierre.vincentdatascope.fr,IT,Bordeaux,CDD,2015-02-27,-1.9,0,,Oui,80
2696,Robert,Emma,F,1969-01-23,emma.robert@datascope.fr,Marketing,Marseille,CDI,2017-06-10,7.6,3398.0,1136,Oui,50
1101,David,Romain,M,1975-05-11,romain.david@datascope.fr,Logistique,Lyon,CDI,2019-04-04,5.7,1891.0,2597,Non,100
3390,Michel,Antoine,M,1997-07-10,antoine.michel@datascope.fr,Finance,Marseille,CDI,2020-03-28,4.8,2378.0,1747,Non,50
3309,Garcia,Thomas,F,1980-12-30,thomas.garcia@datascope.fr,Commercial,Grenoble,CDD,2017-10-10,7.2,2043.0,2525,Non,100
1999,Vincent,Chloé,F,1994-03-18,chloé.vincent@datascope.fr,Commercial,Toulouse,CDI,2018-07-09,6.5,2687.0,1307,Non,100
2821,Moreau,Emma,M,1982-01-21,emma.moreau@datascope.fr,Marketing,Lyon,CDI,2021-06-21,3.5,3380.0,1790,Oui,80
2507,Bertrand,Hugo,F,1974-09-15,hugo.bertrand@datascope.fr,Commercial,Strasbourg,Stage,2023-12-04,1.1,900,2597,Non,100
2802,Moreau,Sophie,F,1992-11-21,sophie.moreau@datascope.fr,Commercial,Bordeaux,CDI,2022-07-01,2.5,2719.0,1818,Non,80
1058,Vincent,Théo,F,1982-12-25,théo.vincent@datascope.fr,Juridique,Bordeaux,CDI,2021-10-23,3.2,2740.0,3004,Non,80
1694,Garcia,Léa,M,1976-04-23,léa.garcia@datascope.fr,Opérations,Nice,Stage,2015-01-13,10.0,900,3284,Non,100
3213,Leroy,Camille,M,1967-11-08,camille.leroy@datascope.fr,R&D,Marseille,CDD,2019-10-31,5.2,2215.0,,Non,100
1288,Martin,Romain,M,1970-05-29,romain.martin@datascope.fr,Marketing,Lille,Alternance,2024-10-02,0.2,1158.0,,Non,100
1930,Bertrand,Emma,F,1972-05-04,emma.bertrand@datascope.fr,RH,Lille,CDI,2024-10-02,0.2,2365.0,1948,Non,100
1223,Moreau,Marie,M,1980-09-20,marie.moreau@datascope.fr,R&D,Lille,CDI,2015-09-14,9.3,2975.0,2245,Non,100
1133,Simon,Pierre,F,1972-07-04,pierre.simon@datascope.fr,Logistique,Grenoble,Alternance,2023-06-20,1.5,1174.0,1127,Non,100
1591,Fournier,Inès,F,1978-11-03,inès.fournier@datascope.fr,Commercial,Lyon,CDI,2023-08-12,1.4,2593.0,2525,Non,100
1277,Leroy,Louis,M,1976-08-01,louis.leroy@datascope.fr,Finance,Nantes,CDI,2016-02-05,8.9,3308.0,1247,Oui,100
1932,Michel,Inès,F,1976-06-14,inès.michel@datascope.fr,R&D,Marseille,Alternance,2020-05-15,4.6,900,1845,Non,100
2358,Martin,Thomas,F,1977-06-17,thomas.martin@datascope.fr,Marketing,Grenoble,CDI,2019-08-19,5.4,2237.0,2597,Non,50
2602,David,Antoine,M,1995-08-30,antoine.david@datascope.fr,Logistique,Lyon,CDI,2021-04-03,3.7,3793.0,,Non,100
2750,Leroy,Sarah,F,1993-02-15,sarah.leroy@datascope.fr,R&D,Lyon,Stage,2016-08-11,8.4,900,2067,Oui,50
1056,Martin,Marie,M,1974-12-21,marie.martin@datascope.fr,Finance,Lyon,CDI,2018-11-11,6.1,4001.0,1519,Non,100
3340,Lefebvre,Léa,F,1997-05-10,léa.lefebvre@datascope.fr,Informatique,Grenoble,CDI,2021-08-25,3.4,969.0,2645,Non,80
2662,Bertrand,Julie,M,1969-05-01,julie.bertrand@datascope.fr,Opérations,Toulouse,CDD,2022-06-29,2.5,3044.0,,Non,80
1303,Garcia,Louis,F,1984-01-23,louis.garcia@datascope.fr,Marketing,Nantes,CDI,2017-11-13,7.1,2516.0,3028,Non,100
2225,Vincent,Nicolas,M,1971-09-06,nicolas.vincent@datascope.fr,Direction,Paris,Stage,2015-11-20,9.1,1129.0,2461,Oui,100
1046,Laurent,Emma,F,1968-03-09,emma.laurent@datascope.fr,RH,Nantes,CDI,2020-12-03,4.1,,,Non,80
1805,David,Louis,F,1971-07-22,louis.david@datascope.fr,Commercial,Marseille,CDI,2015-08-18,9.4,2728.0,,Non,80
1657,Vincent,Camille,F,1980-10-06,camille.vincent@datascope.fr,R&D,Nice,CDI,2024-06-12,0.6,1153.0,1519,Non,50
2203,Dubois,Hugo,F,1973-09-01,hugo.dubois@datascope.fr,Juridique,Toulouse,CDI,2018-04-24,6.7,3369.0,3378,Non,100
2207,David,Emma,F,1971-12-11,emma.david@datascope.fr,Finance,Strasbourg,Stage,2018-05-17,6.6,900,1005,Non,100
2997,Moreau,Antoine,M,1980-09-07,antoine.moreau@datascope.fr,Opérations,Marseille,CDI,2021-10-03,3.2,1989.0,1201,Non,100
2432,Moreau,Sophie,M,1979-03-16,sophie.moreau@datascope.fr,R&D,Lille,CDI,2018-05-12,6.6,1465.0,1127,Non,50
1864,Thomas,Thomas,F,1977-07-13,thomas.thomas@datascope.fr,Marketing,Grenoble,Alternance,2023-05-04,1.7,1119.0,,Non,50
1847,Richard,Paul,M,1986-08-03,paul.richard@datascope.fr,RH,Lyon,Stage,2021-09-19,3.3,900,,Non,50
1231,David,Alice,F,1973-04-03,alice.david@datascope.fr,R&D,Grenoble,CDI,2024-07-22,0.4,2511.0,,Non,100
1189,Garcia,Lucas,M,1989-04-02,lucas.garcia@datascope.fr,Informatique,Toulouse,CDD,2023-08-15,1.4,1648.0,,Non,100
3158,Martin,Paul,F,1978-09-09,paul.martin@datascope.fr,Commercial,Nantes,CDI,2020-01-18,5.0,2425.0,2421,Non,100
1640,Martin,Julie,M,1976-11-23,julie.martin@datascope.fr,Logistique,Grenoble,CDI,2021-12-22,3.0,2271.0,,Non,80
2116,Martin,Alice,NB,1974-07-14,alice.martin@datascope.fr,Juridique,Nice,CDI,2019-09-29,5.3,3413.0,,Non,50
2849,Leroy,Alice,M,1987-10-21,alice.leroy@datascope.fr,Commercial,Lille,CDI,2022-06-06,2.6,3787.0,1136,Non,80
3151,Michel,Sophie,F,1998-04-02,sophie.michel@datascope.fr,Marketing,Bordeaux,Alternance,2021-09-23,3.3,1031.0,1335,Non,50
2161,David,Théo,F,2011-12-11,théo.david@datascope.fr,Juridique,Toulouse,CDD,2021-03-22,3.8,,,Non,80
2420,Lefebvre,Romain,M,1981-10-31,romain.lefebvre@datascope.fr,Logistique,Marseille,Alternance,2022-01-10,3.0,938.0,1569,Non,100
1701,Laurent,Lucas,M,1996-07-25,lucas.laurent@datascope.fr,Marketing,Strasbourg,CDD,2016-10-01,8.2,2555.0,2525,Non,50
2773,David,Thomas,M,1974-08-15,thomas.david@datascope.fr,Finance,Nice,CDD,2024-03-02,0.8,2559.0,,Oui,80
1441,Fournier,Marie,F,1968-12-08,marie.fournier@datascope.fr,Juridique,Bordeaux,CDI,2021-06-08,3.6,3418.0,3016,Oui,100
1258,Michel,Romain,M,1969-11-16,romain.michel@datascope.fr,Logistique,Lyon,CDI,2021-02-01,3.9,2459.0,,Non,50
1602,Robert,Camille,M,1983-10-09,camille.robert@datascope.fr,Informatique,Bordeaux,Interim,2020-05-12,4.6,2176.0,1194,Oui,100
1580,David,Hugo,NB,1969-01-08,hugo.david@datascope.fr,Commercial,Toulouse,CDD,2019-08-30,5.3,3420.0,2645,Non,100
2438,Robert,Léa,F,1984-10-31,léa.robert@datascope.fr,Informatique,Nice,Alternance,2018-10-19,6.2,934.0,,Non,80
3094,Bertrand,Léa,F,1989-01-19,léa.bertrand@datascope.fr,R&D,Paris,Stage,2020-11-21,4.1,900,2619,Non,50
3304,Garcia,Thomas,M,1998-02-10,thomas.garcia@datascope.fr,Logistique,Grenoble,Alternance,2024-06-13,0.6,1572.0,,Non,100
1249,Fournier,Lucas,F,1992-09-02,lucas.fournier@datascope.fr,Marketing,Marseille,CDI,2019-06-08,5.6,2412.0,1413,Non,100
1907,Petit,Théo,M,1995-11-15,théo.petit@datascope.fr,Direction,Nice,CDI,2020-03-30,4.8,2697.0,1194,Non,100
2001,David,Louis,F,1989-03-13,louis.david@datascope.fr,Juridique,Strasbourg,CDI,2024-02-18,0.9,2718.0,3004,Non,100
2255,Moreau,Nicolas,F,1985-02-15,nicolas.moreau@datascope.fr,Juridique,Nice,Alternance,2021-05-24,3.6,1103.0,1196,Oui,100
1341,Lefebvre,Julie,F,1980-10-06,julie.lefebvre@datascope.fr,Opérations,Lille,Interim,2015-05-03,9.7,2021.0,,Non,80
1508,Dubois,Antoine,F,1984-09-25,antoine.dubois@datascope.fr,R&D,Nice,CDI,2016-11-09,8.1,3870.0,2515,Non,100
2497,Fournier,Chloé,M,1973-08-31,chloé.fournier@datascope.fr,Juridique,Nantes,CDI,2021-10-07,3.2,2220.0,1100,Non,80
1589,Thomas,Lucas,F,1988-07-19,lucas.thomas@datascope.fr,Informatique,Toulouse,CDD,2021-10-05,3.2,2177.0,1247,Non,100
3031,Richard,Antoine,M,1969-09-19,antoine.richard@datascope.fr,Finance,Paris,CDI,2018-08-15,6.4,3524.0,,Non,50
2867,Richard,Inès,NB,1999-08-25,inès.richard@datascope.fr,R&D,Marseille,CDI,2022-01-01,3.0,3110.0,,Non,100
3182,Michel,Hugo,F,1978-07-01,hugo.michel@datascope.fr,Informatique,Bordeaux,CDD,2020-10-07,4.2,2105.0,1136,Non,100
1274,Roux,Lucas,M,1983-02-24,lucas.roux@datascope.fr,Opérations,Marseille,CDD,2020-04-13,4.7,2019.0,,Non,80
2856,Lefebvre,Julie,F,1991-03-29,julie.lefebvre@datascope.fr,Marketing,Lille,CDI,2023-10-08,1.2,2035.0,1136,Non,50
2305,Garcia,Marie,M,1981-02-02,marie.garcia@datascope.fr,Logistique,Nice,Stage,2022-03-28,2.8,900,1519,Non,100
3109,David,Antoine,M,1966-01-13,antoine.david@datascope.fr,Commercial,Bordeaux,CDI,2019-07-24,5.4,2822.0,,Oui,100
1685,Leroy,Marie,M,1979-12-21,marie.leroy@datascope.fr,Informatique,Nantes,CDI,2015-08-06,9.4,2146.0,,Oui,100
2484,Thomas,Julie,M,1987-01-13,julie.thomas@datascope.fr,Marketing,Marseille,CDI,2019-08-06,5.4,2392.0,1100,Non,80
3220,Leroy,Paul,F,1970-07-20,paul.leroy@datascope.fr,R&D,Bordeaux,Stage,2016-09-19,8.3,900,1880,Non,100
1332,Fournier,Paul,M,1969-10-09,paul.fournier@datascope.fr,Informatique,Strasbourg,Alternance,2016-04-12,8.7,1497.0,1790,Oui,100
1646,Durand,Thomas,F,1982-06-26,thomas.durand@datascope.fr,Finance,Nice,CDI,2024-04-16,0.7,2405.0,1801,Non,100
3305,Durand,Léa,M,1989-09-30,léa.durand@datascope.fr,Commercial,Toulouse,CDD,2017-04-06,7.7,2282.0,,Non,50
2267,Robert,Nicolas,F,1965-04-06,nicolas.robert@datascope.fr,Logistique,Paris,Interim,2023-07-15,1.5,3301.0,1561,Non,50
1060,Durand,Pierre,F,1984-03-31,pierre.durand@datascope.fr,Opérations,Nantes,CDI,2017-08-14,7.4,3532.0,1136,Non,50
2279,David,Emma,M,1976-05-03,emma.david@datascope.fr,R&D,Nantes,CDI,2017-02-25,7.8,900,2967,Non,100
1715,David,Hugo,M,1977-12-31,hugo.david@datascope.fr,R&D,Strasbourg,CDI,2023-10-26,1.2,2506.0,1957,Oui,100
1435,Garcia,Antoine,M,1983-03-29,antoine.garcia@datascope.fr,Logistique,Strasbourg,CDI,2017-05-01,7.7,2724.0,1948,Oui,50
3314,Garcia,Inès,M,1990-08-16,inès.garcia@datascope.fr,Logistique,Lille,CDI,2015-05-14,9.6,2356.0,1957,Non,100
1406,Lefebvre,Emma,F,1966-11-17,emma.lefebvre@datascope.fr,Juridique,Grenoble,CDI,2021-02-17,3.9,1323.0,1880,Non,100
1049,Petit,Paul,M,1975-12-26,paul.petit@datascope.fr,Finance,Grenoble,CDD,2015-04-05,9.7,2526.0,,Non,80
2316,Leroy,Inès,F,1997-02-22,inès.leroy@datascope.fr,Marketing,Strasbourg,CDI,2021-08-12,3.4,2131.0,2525,Non,100
3206,Moreau,Paul,F,1997-05-10,paul.moreau@datascope.fr,Direction,Toulouse,CDD,2015-04-15,9.7,2830.0,1335,Oui,100
2766,Roux,Alice,F,1965-12-24,alice.roux@datascope.fr,R&D,Nice,CDI,2017-06-05,7.6,2546.0,1196,Non,100
1361,Durand,Sarah,F,1998-04-23,sarah.durand@datascope.fr,Logistique,Lyon,CDI,2023-09-13,1.3,1932.0,1401,Non,80
3345,Simon,Emma,F,1996-02-09,emma.simon@datascope.fr,Finance,Lyon,CDI,2024-11-02,0.2,,1845,Non,100
1006,Durand,Louis,M,1970-09-27,louis.durand@datascope.fr,Logistique,Nice,Stage,2016-05-20,8.6,900,1195,Non,100
2455,Simon,Camille,M,1969-05-21,camille.simon@datascope.fr,Direction,Grenoble,CDI,2024-01-24,0.9,1730.0,1569,Non,100
1152,Bernard,Inès,F,1975-11-09,inès.bernard@datascope.fr,Logistique,Lille,CDI,2018-10-13,6.2,3077.0,2421,Oui,100
3285,Vincent,Louis,F,1984-07-12,louis.vincent@datascope.fr,Marketing,Toulouse,CDI,2019-08-06,5.4,3522.0,2515,Oui,100
2795,Petit,Inès,M,1995-03-17,inès.petit@datascope.fr,Informatique,Toulouse,CDI,2016-12-28,8.0,2496.0,1790,Non,100
2845,Leroy,Inès,M,1967-02-23,inès.leroy@datascope.fr,Opérations,Grenoble,CDD,2024-02-13,0.9,2789.0,1335,Non,100
2146,Bertrand,Léa,F,1989-09-19,léa.bertrand@datascope.fr,Juridique,Paris,CDI,2015-11-10,9.1,3385.0,3284,Non,80
1009,Fournier,Paul,F,1995-10-21,paul.fournier@datascope.fr,Opérations,Nantes,CDI,2022-07-16,2.5,2278.0,,Non,100
3344,Moreau,Hugo,F,1994-02-24,hugo.moreau@datascope.fr,Direction,Lille,CDI,2022-08-21,2.4,,2525,Non,100
1714,Michel,Hugo,F,1965-05-12,hugo.michel@datascope.fr,Marketing,Bordeaux,CDI,2019-11-15,5.1,2234.0,3142,Non,100
1353,Moreau,Marie,F,1999-07-23,marie.moreau@datascope.fr,Marketing,Grenoble,CDI,2017-04-30,7.7,,1005,Non,100
3205,Garcia,Lucas,F,1995-03-11,lucas.garcia@datascope.fr,Informatique,Nantes,CDI,2018-06-01,6.6,2558.0,2421,Non,100
2863,Laurent,Romain,F,1977-10-21,romain.laurent@datascope.fr,Commercial,Lille,CDI,2015-05-13,9.6,2801.0,2597,Oui,100
1378,Dubois,Léa,NB,1965-06-23,léa.dubois@datascope.fr,R&D,Nantes,CDI,2016-10-08,8.2,3553.0,,Non,100
3141,Martin,Antoine,M,2000-09-01,antoine.martin@datascope.fr,Logistique,Lille,Alternance,2019-08-26,5.3,977.0,,Non,100
3073,Bertrand,Paul,M,1996-02-06,paul.bertrand@datascope.fr,Juridique,Lille,CDI,2023-03-20,1.8,3498.0,,Non,100
1224,Dubois,Marie,M,1976-11-15,marie.dubois@datascope.fr,Direction,Grenoble,CDI,2016-12-29,8.0,2116.0,1790,Non,80
2608,Bernard,Léa,M,1999-01-27,léa.bernard@datascope.fr,RH,Nantes,CDD,2022-01-04,3.0,1734.0,1401,Non,100
3079,Durand,Alice,F,1991-08-15,alice.durand@datascope.fr,RH,Lyon,Interim,2019-11-12,5.1,2958.0,,Oui,80
1200,David,Romain,M,1980-12-23,romain.david@datascope.fr,Finance,Nice,CDI,2024-04-01,0.8,3084.0,,Non,100
2374,Leroy,Julie,F,1977-08-02,julie.leroy@datascope.fr,Opérations,Paris,CDI,2024-01-31,0.9,2056.0,2067,Oui,80
3343,Thomas,Théo,F,1991-02-19,théo.thomas@datascope.fr,Juridique,Lyon,CDD,2024-08-15,0.4,2652.0,1569,Non,80
1585,Bertrand,Chloé,M,1993-02-07,chloé.bertrand@datascope.fr,Finance,Marseille,CDI,2016-06-01,8.6,1954.0,,Non,100
2658,Richard,Pierre,M,1992-01-22,pierre.richard@datascope.fr,Logistique,Nice,CDI,2023-09-25,1.3,2895.0,,Non,50
1627,Robert,Chloé,F,1967-05-10,chloé.robert@datascope.fr,RH,Strasbourg,CDI,2019-09-03,5.3,2464.0,,Non,100
2159,Laurent,Léa,M,1968-10-22,léa.laurent@datascope.fr,R&D,Toulouse,CDI,2022-11-25,2.1,3105.0,2835,Non,100
2390,Simon,Romain,M,2000-08-18,romain.simon@datascope.fr,Finance,Paris,CDI,2015-04-23,9.7,3088.0,,Oui,100
2780,Thomas,Léa,M,1968-01-31,léa.thomas@datascope.fr,RH,Strasbourg,CDI,2024-02-29,0.8,2598.0,2835,Non,100
1145,Lefebvre,Camille,F,2000-10-10,camille.lefebvre@datascope.fr,RH,Toulouse,CDI,2018-11-11,6.1,3018.0,,Non,80
2247,Michel,Julie,F,1972-12-13,julie.michel@datascope.fr,Finance,Lyon,Alternance,2021-02-04,3.9,990.0,2597,Oui,100
2526,Thomas,Hugo,M,1991-03-19,hugo.thomas@datascope.fr,Marketing,Marseille,CDI,2019-04-23,5.7,2355.0,2645,Non,100
2580,Laurent,Alice,F,1985-05-20,alice.laurent@datascope.fr,R&D,Bordeaux,Stage,2020-09-17,4.3,900,,Non,100
2184,Robert,Alice,M,1970-02-04,alice.robert@datascope.fr,Informatique,Grenoble,CDI,2018-11-24,6.1,2456.0,1413,Non,80
3283,Garcia,Nicolas,F,1983-12-04,nicolas.garcia@datascope.fr,R&D,Grenoble,CDD,2024-02-22,0.9,1622.0,2630,Non,80
1302,Durand,Chloé,M,1988-12-23,chloé.durand@datascope.fr,Opérations,Nantes,CDI,2019-08-31,5.3,1532.0,3004,Oui,80
3126,Laurent,Hugo,M,1975-06-29,hugo.laurent@datascope.fr,Informatique,Toulouse,CDD,2019-07-14,5.5,1369.0,3378,Non,100
3034,Bernard,Inès,F,1974-07-17,inès.bernard@datascope.fr,Logistique,Paris,CDI,2018-09-03,6.3,2694.0,1641,Non,80
1894,Vincent,Léa,M,1977-04-08,léa.vincent@datascope.fr,Finance,Toulouse,Alternance,2022-06-27,2.5,900,2515,Oui,80
3241,Michel,Louis,F,1978-12-30,louis.michel@datascope.fr,Direction,Toulouse,CDI,2022-09-15,2.3,3550.0,2245,Non,100
1337,Bernard,Alice,F,1994-05-02,alice.bernard@datascope.fr,Commercial,Toulouse,CDI,2016-12-24,8.0,3408.0,,Non,100
2388,Leroy,Hugo,F,1996-10-05,hugo.leroy@datascope.fr,Opérations,Strasbourg,CDD,2018-02-11,6.9,2843.0,1179,Oui,100
2008,Moreau,Sarah,F,1974-10-29,sarah.moreau@datascope.fr,Direction,Nice,CDI,2023-01-18,2.0,2510.0,1957,Non,100
2777,Moreau,Paul,NB,1992-01-01,paul.moreau@datascope.fr,Direction,Strasbourg,Alternance,2023-02-21,1.9,1121.0,1801,Non,100
2268,Leroy,Pierre,F,1989-11-16,pierre.leroy@datascope.fr,Opérations,Nice,CDI,2016-10-18,8.2,3169.0,3004,Non,80
2724,Michel,Emma,NB,1976-07-24,emma.michel@datascope.fr,Marketing,Paris,CDI,2018-11-10,6.1,3217.0,1092,Non,100
2548,Moreau,Romain,F,1993-02-26,romain.moreau@datascope.fr,Direction,Toulouse,CDI,2023-05-07,1.7,3695.0,1179,Oui,100
1085,Moreau,Inès,M,1992-04-14,inès.moreau@datascope.fr,RH,Paris,Interim,2023-12-29,1.0,1606.0,2525,Non,80
2891,Vincent,Marie,M,1994-05-13,marie.vincent@datascope.fr,R&D,Nantes,CDD,2015-06-07,9.6,2686.0,,Non,100
2098,David,Sarah,M,1995-12-12,sarah.david@datascope.fr,Opérations,Nantes,CDD,2021-04-27,3.7,2840.0,1335,Non,100
1706,Bertrand,Louis,F,1979-01-01,louis.bertrand@datascope.fr,Finance,Paris,CDI,2018-08-16,6.4,3414.0,2122,Non,100
2586,Vincent,Théo,M,1999-02-23,théo.vincent@datascope.fr,Commercial,Marseille,CDI,2023-09-04,1.3,3815.0,1569,Non,100
1462,Fournier,Inès,F,1994-01-22,inès.fournier@datascope.fr,Finance,Marseille,CDD,2024-03-14,0.8,2794.0,1880,Non,80
2274,Bernard,Julie,F,1977-11-29,julie.bernard@datascope.fr,RH,Paris,Alternance,2021-03-30,3.8,1283.0,3284,Non,50
3338,Laurent,Théo,F,1971-10-17,théo.laurent@datascope.fr,Informatique,Paris,CDI,2023-04-28,1.7,2837.0,2607,Oui,100
2071,Vincent,Hugo,M,1991-07-12,hugo.vincent@datascope.fr,RH,Grenoble,CDI,2019-10-23,5.2,3125.0,2607,Non,100
2363,Martin,Sarah,F,1981-07-16,sarah.martin@datascope.fr,Informatique,Nantes,CDD,2015-08-01,9.4,4216.0,1845,Oui,100
3196,Bertrand,Julie,F,1996-09-06,julie.bertrand@datascope.fr,Juridique,Paris,CDI,2020-04-27,4.7,1981.0,2515,Non,100
1611,Laurent,Pierre,F,1992-11-20,pierre.laurent@datascope.fr,Commercial,Bordeaux,CDD,2024-02-08,0.9,2746.0,,Non,100
2999,Laurent,Théo,M,1986-03-13,théo.laurent@datascope.fr,Marketing,Nantes,CDI,2021-02-08,3.9,1851.0,2421,Non,100
2368,David,Marie,F,1967-09-07,marie.david@datascope.fr,Juridique,Marseille,CDD,2016-09-02,8.3,2040.0,1005,Non,50
1656,Laurent,Alice,F,1988-10-24,alice.laurent@datascope.fr,Informatique,Lille,CDI,2020-09-14,4.3,3478.0,1801,Non,100
3252,Garcia,Thomas,F,1991-03-07,thomas.garcia@datascope.fr,Commercial,Nice,Interim,2020-09-05,4.3,1866.0,1747,Non,100
3237,Simon,Louis,F,1982-06-01,louis.simon@datascope.fr,Opérations,Toulouse,CDD,2015-02-06,9.9,2103.0,3378,Non,80
2013,Dubois,Sophie,NB,1983-04-17,sophie.dubois@datascope.fr,R&D,Marseille,CDD,2018-03-08,6.8,3587.0,1747,Non,80
1226,Dubois,Paul,F,1968-03-01,paul.dubois@datascope.fr,Opérations,Marseille,CDI,2022-02-24,2.9,3110.0,1519,Non,100
2640,Roux,Julie,M,2000-05-09,julie.roux@datascope.fr,Commercial,Lyon,Stage,2022-09-07,2.3,900,,Non,100
2506,Dubois,Léa,M,1982-03-04,léa.dubois@datascope.fr,Marketing,Toulouse,CDI,2024-10-19,0.2,2949.0,1818,Non,100
3009,Robert,Alice,M,1999-03-20,alice.robert@datascope.fr,Direction,Grenoble,Stage,2015-04-22,9.7,900,,Non,100
3171,Simon,Alice,M,1997-08-26,alice.simon@datascope.fr,Juridique,Lille,CDI,2015-07-18,9.5,3681.0,1196,Oui,100
2148,David,Antoine,F,1986-11-27,antoine.david@datascope.fr,Marketing,Paris,Interim,2024-10-16,0.2,2279.0,,Non,50
1003,Bernard,Emma,F,1995-02-08,emma.bernard@datascope.fr,Commercial,Toulouse,CDD,2023-07-21,1.4,1922.0,2597,Non,100
2055,Dubois,Camille,M,1968-09-18,camille.dubois@datascope.fr,RH,Paris,CDI,2018-12-16,6.0,1473.0,2967,Non,100
1499,Durand,Paul,F,1982-06-24,paul.durand@datascope.fr,Marketing,Paris,CDI,2017-09-19,7.3,3296.0,1005,Non,100
2434,Richard,Thomas,F,1986-03-14,thomas.richard@datascope.fr,Logistique,Grenoble,Interim,2016-05-23,8.6,1540.0,1818,Non,100
1759,Roux,Alice,F,1971-10-05,alice.roux@datascope.fr,Commercial,Lille,Interim,2022-11-13,2.1,1792.0,1801,Non,50
1477,Richard,Louis,F,1980-05-05,louis.richard@datascope.fr,Logistique,Grenoble,CDI,2015-11-08,9.1,1602.0,2515,Non,100
1672,Garcia,Pierre,M,1973-10-13,pierre.garcia@datascope.fr,Finance,Lyon,CDD,2018-09-01,6.3,2880.0,1818,Non,80
3157,Leroy,Inès,M,1981-03-20,inès.leroy@datascope.fr,Direction,Nice,CDI,2023-02-13,1.9,2765.0,,Oui,50
1860,Vincent,Camille,M,1989-01-14,camille.vincent@datascope.fr,R&D,Nantes,CDD,2015-03-18,9.8,1933.0,1127,Non,100
1292,Simon,Louis,M,1979-01-06,louis.simon@datascope.fr,Direction,Paris,CDI,2016-09-13,8.3,2898.0,1519,Non,50
3400,Durand,Julie,F,1981-04-05,julie.durand@datascope.fr,RH,Lyon,CDI,2017-03-12,7.8,3806.0,,Non,100
2633,Laurent,Louis,M,2000-06-07,louis.laurent@datascope.fr,R&D,Paris,Alternance,2021-06-03,3.6,1478.0,1247,Non,100
1317,Thomas,Sophie,F,2000-11-11,sophie.thomas@datascope.fr,RH,Bordeaux,CDI,2018-06-24,6.5,2797.0,1195,Non,100
1243,Martin,Sophie,M,1965-01-01,sophie.martin@datascope.fr,Informatique,Lyon,Alternance,2022-12-19,2.0,1146.0,,Oui,100
3291,Bernard,Paul,F,1970-10-11,paul.bernard@datascope.fr,Juridique,Nantes,CDD,2017-04-19,7.7,1581.0,1136,Non,80
1095,Vincent,Romain,M,1979-12-18,romain.vincent@datascope.fr,Informatique,Strasbourg,Interim,2024-05-06,0.7,2946.0,1307,Non,50
1625,Bernard,Théo,NB,1995-06-25,théo.bernard@datascope.fr,Informatique,Paris,CDI,2024-06-09,0.6,2511.0,1201,Non,100
2624,Moreau,Julie,F,1973-10-31,julie.moreau@datascope.fr,Direction,Paris,Interim,2016-11-04,8.2,2702.0,1641,Non,80
1621,Fournier,Lucas,M,1966-06-19,lucas.fournier@datascope.fr,RH,Lille,CDD,2023-05-16,1.6,2824.0,,Non,50
1846,Leroy,Paul,M,1990-03-18,paul.leroy@datascope.fr,Direction,Nantes,CDI,2017-07-06,7.5,2352.0,3016,Non,50
2109,Vincent,Théo,F,1990-03-05,théo.vincent@datascope.fr,RH,Paris,CDI,2023-11-27,1.1,2810.0,2607,Oui,100
1816,Garcia,Sarah,NB,1980-02-21,sarah.garcia@datascope.fr,Logistique,Paris,CDI,2015-06-15,9.5,2633.0,2619,Non,50
2381,Moreau,Romain,F,1968-12-07,romain.moreau@datascope.fr,R&D,Lille,CDD,2020-06-04,4.6,1986.0,1247,Non,50
2855,Robert,Léa,M,1979-06-07,léa.robert@datascope.fr,Commercial,Paris,CDD,2019-02-26,5.8,3040.0,3004,Oui,100
1149,Michel,Antoine,F,1974-10-09,antoine.michel@datascope.fr,Marketing,Nantes,Stage,2016-04-07,8.7,900,,Non,50
1686,Roux,Romain,M,1998-10-10,romain.roux@datascope.fr,Marketing,Strasbourg,CDI,2018-01-10,7.0,2293.0,1092,Non,50
2985,David,Chloé,F,1971-05-13,chloé.david@datascope.fr,RH,Toulouse,CDI,2017-12-02,7.1,2956.0,2245,Non,100
3341,Durand,Romain,F,1966-01-10,romain.durand@datascope.fr,RH,Marseille,CDI,2018-08-24,6.4,3159.0,1201,Non,100
1139,David,Léa,F,1965-07-21,léa.david@datascope.fr,Juridique,Nantes,CDI,2017-09-28,7.3,,1880,Non,100
1430,Simon,Pierre,F,1992-03-01,pierre.simon@datascope.fr,Direction,Nantes,CDD,2017-12-02,7.1,2443.0,,Oui,80
3372,Lefebvre,Sarah,F,1979-04-15,sarah.lefebvre@datascope.fr,Logistique,Nantes,CDI,2020-01-24,4.9,3761.0,1875,Non,100
1882,Richard,Chloé,F,2000-06-13,chloé.richard@datascope.fr,Marketing,Lille,CDI,2020-02-11,4.9,2535.0,2515,Non,50
2814,Martin,Emma,F,1978-06-03,emma.martin@datascope.fr,Informatique,Grenoble,CDD,2024-06-12,0.6,1412.0,,Non,100
3228,Simon,Chloé,M,1996-10-13,chloé.simon@datascope.fr,Opérations,Strasbourg,CDD,2020-09-07,4.3,2516.0,1127,Non,50
1489,Martin,Thomas,NB,1994-03-02,thomas.martin@datascope.fr,Juridique,Nantes,CDI,2019-03-30,5.8,2128.0,1136,Non,50
2039,Dubois,Léa,F,1986-01-30,léa.dubois@datascope.fr,Juridique,Grenoble,CDD,2024-09-22,0.3,2487.0,,Non,80
3221,Bernard,Antoine,M,1975-04-27,antoine.bernard@datascope.fr,Commercial,Toulouse,CDI,2022-01-30,2.9,1149.0,1845,Oui,100
2620,Michel,Sophie,M,1965-11-11,sophie.michel@datascope.fr,R&D,Nice,Stage,2019-06-18,5.5,900,,Non,80
3049,Bernard,Romain,F,1997-11-14,romain.bernard@datascope.fr,Direction,Grenoble,CDI,2023-11-29,1.1,2930.0,2515,Non,100
2599,Richard,Nicolas,F,2000-08-17,nicolas.richard@datascope.fr,Direction,Bordeaux,CDD,2021-06-08,3.6,2114.0,2597,Non,100
2294,Roux,Paul,M,2015-02-17,paul.roux@datascope.fr,Logistique,Nice,CDI,2021-05-05,3.7,,,Non,100
1267,Bernard,Romain,M,1971-05-28,romain.bernard@datascope.fr,Direction,Nice,CDD,2019-12-16,5.0,2439.0,1790,Non,100
1468,Robert,Antoine,M,1996-11-04,antoine.robert@datascope.fr,Juridique,Marseille,CDD,2018-06-01,6.6,3484.0,1747,Non,100
2511,Vincent,Antoine,F,1992-08-27,antoine.vincent@datascope.fr,Direction,Lille,Stage,2022-06-09,2.6,900,1957,Oui,100
2848,Lefebvre,Antoine,F,1970-08-13,antoine.lefebvre@datascope.fr,Logistique,Marseille,Interim,2023-05-02,1.7,2381.0,1957,Non,100
2493,Michel,Alice,M,1970-07-11,alice.michel@datascope.fr,Finance,Lille,CDI,2021-09-22,3.3,2576.0,3118,Non,100
3040,Moreau,Paul,F,1996-06-03,paul.moreau@datascope.fr,Commercial,Bordeaux,CDI,2021-12-23,3.0,2420.0,,Non,100
1459,Moreau,Hugo,F,1985-12-17,hugo.moreau@datascope.fr,Commercial,Strasbourg,Interim,2018-12-23,6.0,1589.0,1790,Non,100
2546,Simon,Antoine,M,1979-08-20,antoine.simon@datascope.fr,Marketing,Grenoble,CDI,2022-09-20,2.3,3902.0,1957,Non,50
1295,Lefebvre,Marie,F,2000-12-14,marie.lefebvre@datascope.fr,RH,Marseille,CDI,2018-11-18,6.1,2181.0,1100,Non,100
1452,Vincent,Lucas,F,1987-04-08,lucas.vincent@datascope.fr,RH,Grenoble,CDI,2023-05-20,1.6,2683.0,1957,Oui,100
1368,Robert,Louis,F,1992-08-03,louis.robert@datascope.fr,Commercial,Bordeaux,CDI,2018-04-21,6.7,4061.0,,Non,100
2501,Simon,Sophie,F,1998-02-23,sophie.simon@datascope.fr,Opérations,Grenoble,CDI,2016-09-15,8.3,2640.0,1401,Oui,100
1176,Simon,Pierre,F,1980-08-22,pierre.simon@datascope.fr,R&D,Toulouse,CDD,2018-02-27,6.8,1851.0,1136,Non,100
1379,Laurent,Pierre,F,1972-03-02,pierre.laurent@datascope.fr,Opérations,Paris,CDI,2016-11-05,8.2,2574.0,,Oui,100
1537,Lefebvre,Sophie,F,1969-11-02,sophie.lefebvre@datascope.fr,Opérations,Grenoble,Stage,2018-03-07,6.8,900,1195,Oui,100
2133,Martin,Julie,M,1977-05-11,julie.martin@datascope.fr,Informatique,Paris,CDI,2023-07-13,1.5,2569.0,2630,Non,100
1965,Leroy,Sophie,F,1996-12-29,sophie.leroy@datascope.fr,Informatique,Lyon,CDI,2016-09-28,8.3,2587.0,2122,Non,100
1312,Petit,Emma,F,2000-10-23,emma.petit@datascope.fr,Logistique,Lille,CDD,2023-08-28,1.3,1790.0,3016,Non,80
1434,Durand,Inès,M,1976-08-11,inès.durand@datascope.fr,Juridique,Grenoble,CDI,2015-04-07,9.7,2373.0,1957,Non,50
2216,Bertrand,Sarah,F,1973-11-29,sarah.bertrand@datascope.fr,Direction,Bordeaux,CDI,2022-06-21,2.5,2618.0,1957,Non,100
2993,Bertrand,Julie,F,1994-10-06,julie.bertrand@datascope.fr,R&D,Strasbourg,CDI,2022-05-06,2.7,3186.0,2421,Non,80
1404,Bertrand,Inès,F,1970-03-21,inès.bertrand@datascope.fr,Opérations,Lille,CDI,2022-09-19,2.3,3377.0,2245,Non,50
2383,Laurent,Lucas,M,1985-01-20,lucas.laurent@datascope.fr,Commercial,Nantes,CDI,2016-08-14,8.4,3410.0,1845,Non,100
2080,Durand,Lucas,NB,1982-09-21,lucas.durand@datascope.fr,Finance,Bordeaux,CDD,2019-10-19,5.2,2082.0,,Non,100
1538,Lefebvre,Julie,F,1982-09-08,julie.lefebvre@datascope.fr,Commercial,Lille,CDI,2022-01-04,3.0,3446.0,2421,Non,100
2025,Fournier,Alice,M,1991-06-25,alice.fournier@datascope.fr,Finance,Nice,CDD,2019-12-04,5.1,1964.0,1641,Oui,80
2980,Fournier,Inès,M,1966-12-27,inès.fournier@datascope.fr,R&D,Marseille,CDI,2023-12-27,1.0,2832.0,3028,Non,100
1803,Richard,Louis,F,1996-05-30,louis.richard@datascope.fr,Finance,Lille,CDI,2022-03-15,2.8,1707.0,3118,Non,100
2636,David,Hugo,F,1971-07-30,hugo.david@datascope.fr,Marketing,Nantes,Alternance,2015-11-22,9.1,1146.0,1092,Non,50
2649,Dubois,Thomas,F,1971-03-13,thomas.dubois@datascope.fr,Direction,Nantes,Stage,2020-08-09,4.4,900,1875,Oui,100
1553,Leroy,Marie,M,1974-02-08,marie.leroy@datascope.fr,R&D,Bordeaux,CDI,2020-08-20,4.4,2106.0,,Non,80
3001,Thomas,Léa,M,1988-10-14,léa.thomas@datascope.fr,Opérations,Nice,CDI,2022-08-29,2.3,3550.0,2245,Non,100
1451,Thomas,Alice,M,1971-06-10,alice.thomas@datascope.fr,Direction,Nice,CDD,2015-10-23,9.2,1808.0,,Non,50
2361,Moreau,Thomas,F,1965-05-06,thomas.moreau@datascope.fr,Juridique,Paris,CDI,2023-11-17,1.1,3054.0,1100,Non,80
1109,Dubois,Camille,M,1988-04-19,camille.dubois@datascope.fr,Juridique,Toulouse,CDD,2020-07-28,4.4,2761.0,1747,Non,100
2185,Moreau,Chloé,M,1969-12-10,chloé.moreau@datascope.fr,Juridique,Grenoble,CDI,2015-09-02,9.3,3362.0,,Non,80
1615,Petit,Inès,M,1978-06-26,inès.petit@datascope.fr,Commercial,Strasbourg,CDI,2024-12-10,0.1,1912.0,2461,Non,100
2078,Garcia,Louis,F,1969-08-09,louis.garcia@datascope.fr,Direction,Marseille,CDI,2022-08-21,2.4,2829.0,2515,Non,100
2792,Michel,Emma,F,1987-02-09,emma.michel@datascope.fr,RH,Nice,CDD,2024-01-24,0.9,1251.0,2461,Oui,80
1705,Fournier,Antoine,M,1971-10-07,antoine.fournier@datascope.fr,Finance,Bordeaux,Stage,2022-03-06,2.8,900,2645,Non,100
1222,Roux,Marie,M,1983-01-08,marie.roux@datascope.fr,Marketing,Bordeaux,CDI,2023-07-31,1.4,3558.0,1561,Non,80
1325,Richard,Emma,M,1973-05-17,emma.richard@datascope.fr,Opérations,Paris,CDD,2015-11-04,9.2,1368.0,1307,Non,100
2349,Bernard,Alice,M,1998-01-13,alice.bernard@datascope.fr,Direction,Bordeaux,CDI,2024-07-16,0.5,4287.0,3004,Non,100
3124,Roux,Sophie,M,1975-07-15,sophie.roux@datascope.fr,Informatique,Toulouse,CDI,2020-02-08,4.9,2447.0,1401,Non,80
1171,Petit,Alice,F,1995-05-17,alice.petit@datascope.fr,Commercial,Grenoble,CDI,2022-07-13,2.5,4643.0,2645,Non,100
2327,Vincent,Nicolas,M,1993-03-22,nicolas.vincent@datascope.fr,RH,Marseille,CDD,2023-02-10,1.9,2185.0,,Non,50
1012,Moreau,Chloé,F,1994-09-10,chloé.moreau@datascope.fr,Informatique,Marseille,CDI,2022-05-18,2.6,2474.0,1561,Non,80
3072,Martin,Nicolas,F,1993-02-09,nicolas.martin@datascope.fr,R&D,Grenoble,CDI,2021-07-29,3.4,3184.0,1179,Non,80
1466,Robert,Emma,F,1998-01-02,emma.robert@datascope.fr,Finance,Lyon,CDD,2022-01-13,3.0,2710.0,2967,Non,100
2520,Laurent,Pierre,F,1979-05-17,pierre.laurent@datascope.fr,Juridique,Nice,CDI,2020-07-16,4.5,2085.0,1569,Oui,100
3022,Petit,Paul,F,1997-12-28,paul.petit@datascope.fr,Finance,Lyon,CDI,2019-08-02,5.4,3339.0,3334,Non,100
2888,Thomas,Alice,F,1991-05-31,alice.thomas@datascope.fr,Opérations,Grenoble,CDI,2020-07-12,4.5,2422.0,2245,Non,100
1242,Garcia,Louis,M,1994-09-05,louis.garcia@datascope.fr,Commercial,Marseille,CDD,2018-06-06,6.6,1714.0,3142,Non,50
1713,Durand,Julie,M,1972-04-09,julie.durand@datascope.fr,Informatique,Strasbourg,CDI,2015-08-16,9.4,2561.0,2630,Oui,100
2505,Martin,Thomas,M,1983-08-22,thomas.martin@datascope.fr,Commercial,Nice,CDD,2016-03-09,8.8,2078.0,1005,Non,80
1269,Fournier,Julie,M,1978-02-03,julie.fournier@datascope.fr,R&D,Nice,CDD,2022-04-09,2.7,3250.0,3118,Non,100
3120,Martin,Romain,F,1993-01-15,romain.martin@datascope.fr,R&D,Strasbourg,CDI,2024-03-23,0.8,1667.0,1747,Non,100
2444,Bernard,Alice,F,1998-03-11,alice.bernard@datascope.fr,Commercial,Grenoble,CDI,2017-05-04,7.7,2609.0,1790,Non,80
3236,Dubois,Lucas,M,1975-06-21,lucas.dubois@datascope.fr,Juridique,Nantes,Interim,2017-07-04,7.5,2174.0,1790,Non,50
1240,David,Thomas,NB,1991-10-22,thomas.david@datascope.fr,Logistique,Toulouse,CDI,2019-02-14,5.9,3036.0,,Oui,50
1398,Laurent,Hugo,F,1992-01-25,hugo.laurent@datascope.fr,Logistique,Strasbourg,CDI,2022-03-09,2.8,2957.0,1948,Non,100
1443,Leroy,Alice,F,1975-01-16,alice.leroy@datascope.fr,Informatique,Marseille,CDI,2016-08-14,8.4,2540.0,2607,Oui,100
2603,Petit,Julie,NB,1980-07-26,julie.petit@datascope.fr,RH,Nantes,CDD,2022-06-25,2.5,3555.0,2067,Non,100
1323,Simon,Chloé,F,1982-11-08,chloé.simon@datascope.fr,RH,Marseille,CDI,2023-03-04,1.8,3343.0,3004,Non,100
1241,Bernard,Thomas,M,1968-08-07,thomas.bernard@datascope.fr,Marketing,Strasbourg,CDI,2017-11-29,7.1,2197.0,2122,Non,50
3385,Lefebvre,Lucas,F,1966-03-02,lucas.lefebvre@datascope.fr,Opérations,Nantes,CDD,2018-03-10,6.8,2046.0,1641,Non,100
2190,Robert,Paul,M,1989-08-23,paul.robert@datascope.fr,Logistique,Marseille,Stage,2019-06-24,5.5,900,2421,Non,50
2783,Lefebvre,Théo,M,1978-05-21,théo.lefebvre@datascope.fr,Marketing,Nantes,CDI,2018-12-20,6.0,3308.0,,Oui,80
2701,Durand,Julie,F,1980-08-01,julie.durand@datascope.fr,Informatique,Lyon,CDD,2023-06-03,1.6,1564.0,,Non,100
2337,Garcia,Paul,F,1976-01-28,paul.garcia@datascope.fr,RH,Grenoble,Alternance,2020-11-23,4.1,930.0,1948,Non,100
1020,Thomas,Chloé,F,1976-02-28,chloé.thomas@datascope.fr,Juridique,Nice,CDI,2020-03-16,4.8,2808.0,3284,Oui,80
1507,Richard,Théo,F,1972-07-28,théo.richard@datascope.fr,Marketing,Marseille,CDI,2021-03-25,3.8,2765.0,3004,Non,50
1511,Garcia,Lucas,F,1993-07-26,lucas.garcia@datascope.fr,Marketing,Lyon,Alternance,2018-05-24,6.6,964.0,1957,Oui,100
1974,David,Camille,M,1968-04-03,camille.david@datascope.fr,RH,Strasbourg,CDD,2022-05-13,2.6,2287.0,1335,Non,100
1197,Robert,Sarah,F,1965-07-03,sarah.robert@datascope.fr,Direction,Grenoble,CDI,2022-08-06,2.4,3208.0,2515,Non,100
2163,Garcia,Sophie,M,1966-05-22,sophie.garcia@datascope.fr,Finance,Grenoble,CDI,2017-04-27,7.7,2351.0,2645,Oui,100
2811,Richard,Louis,M,1978-08-09,louis.richard@datascope.fr,Opérations,Marseille,CDI,2016-02-20,8.9,1039.0,,Non,50
2616,Lefebvre,Hugo,F,1975-03-18,hugo.lefebvre@datascope.fr,R&D,Nantes,CDI,2018-07-20,6.5,2954.0,2122,Non,80
2560,Thomas,Inès,NB,1989-05-27,inès.thomas@datascope.fr,Direction,Strasbourg,Stage,2015-06-21,9.5,900,,Non,100
1723,Michel,Antoine,M,1976-10-27,antoine.michel@datascope.fr,Finance,Bordeaux,CDI,2022-11-11,2.1,2871.0,1641,Non,50
1629,Michel,Louis,F,1986-11-09,louis.michel@datascope.fr,Opérations,Lille,CDI,2016-07-26,8.4,3790.0,,Non,80
3375,Roux,Théo,M,1980-11-03,théo.roux@datascope.fr,Logistique,Toulouse,CDD,2018-03-10,6.8,2052.0,,Non,100
3363,Roux,Théo,M,1972-01-04,théo.roux@datascope.fr,R&D,Toulouse,CDI,2017-07-01,7.5,2289.0,1335,Non,100
1237,Thomas,Théo,NB,1976-03-22,théo.thomas@datascope.fr,RH,Lyon,CDI,2017-07-26,7.4,2009.0,1957,Non,50
2435,Martin,Louis,M,1999-07-19,louis.martin@datascope.fr,RH,Nantes,CDI,2022-10-29,2.2,2146.0,,Non,100
1607,Vincent,Lucas,M,1991-03-31,lucas.vincent@datascope.fr,Informatique,Bordeaux,CDI,2015-07-19,9.5,2012.0,2515,Non,50
2969,Roux,Théo,M,1985-08-14,théo.roux@datascope.fr,Juridique,Lyon,Alternance,2023-07-12,1.5,1141.0,1100,Non,100
1055,Richard,Hugo,F,1998-01-05,hugo.richard@datascope.fr,Commercial,Lyon,Interim,2018-02-10,6.9,1964.0,3016,Non,50
1751,David,Emma,F,1999-06-07,emma.david@datascope.fr,Direction,Marseille,CDI,2022-08-26,2.3,3073.0,2645,Non,100
3097,Bernard,Emma,M,1980-05-12,emma.bernard@datascope.fr,Opérations,Toulouse,Stage,2022-09-07,2.3,900,2515,Non,80
1492,Vincent,Louis,F,1971-04-05,louis.vincent@datascope.fr,R&D,Paris,CDI,2016-01-23,8.9,2664.0,2461,Oui,50
1787,Michel,Théo,M,1976-07-05,théo.michel@datascope.fr,Informatique,Strasbourg,CDI,2017-01-31,7.9,2252.0,3004,Oui,80
2566,Vincent,Camille,M,2000-05-30,camille.vincent@datascope.fr,Commercial,Marseille,CDI,2024-06-05,0.6,3404.0,1195,Non,80
2606,David,Léa,F,1989-11-12,léa.david@datascope.fr,Opérations,Lille,CDD,2018-04-06,6.7,2901.0,1307,Non,100
2005,Laurent,Paul,M,1969-08-30,paul.laurent@datascope.fr,Logistique,Toulouse,CDD,2018-01-15,7.0,2171.0,1194,Non,100
1151,Robert,Camille,M,1993-07-09,camille.robert@datascope.fr,R&D,Nantes,CDI,2020-08-11,4.4,2730.0,1519,Non,50
2567,Garcia,Paul,M,1974-04-11,paul.garcia@datascope.fr,Logistique,Lyon,CDI,2020-10-22,4.2,3354.0,,Non,100
2222,Leroy,Pierre,M,1985-04-17,pierre.leroy@datascope.fr,R&D,Lille,CDD,2021-11-21,3.1,2707.0,,Non,100
2747,Petit,Lucas,M,1975-01-24,lucas.petit@datascope.fr,RH,Nantes,CDI,2016-09-06,8.3,2585.0,2597,Non,100
1293,Laurent,Antoine,F,1980-10-31,antoine.laurent@datascope.fr,Direction,Nantes,CDI,2017-03-21,7.8,3004.0,2645,Oui,100
3198,Lefebvre,Julie,F,1995-03-05,julie.lefebvre@datascope.fr,Finance,Strasbourg,CDI,2019-05-26,5.6,2635.0,3284,Non,50
2376,David,Camille,M,1977-06-23,camille.david@datascope.fr,Commercial,Toulouse,CDI,2024-06-13,0.6,4380.0,2122,Oui,100
2228,Bertrand,Louis,NB,2000-01-01,louis.bertrand@datascope.fr,Commercial,Marseille,Alternance,2017-03-05,7.8,989.0,2515,Non,100
1919,Thomas,Sophie,M,1998-07-20,sophie.thomas@datascope.fr,Direction,Nice,CDD,2015-12-14,9.0,,,Oui,100
2827,Laurent,Antoine,F,1996-01-03,antoine.laurent@datascope.fr,Commercial,Bordeaux,CDI,2022-10-11,2.2,1596.0,,Oui,80
3144,Lefebvre,Chloé,M,1985-02-21,chloé.lefebvre@datascope.fr,Logistique,Lille,CDI,2024-12-05,0.1,3009.0,2645,Non,100
1945,Dubois,Paul,M,1989-03-29,paul.dubois@datascope.fr,RH,Marseille,Alternance,2019-10-22,5.2,994.0,3004,Oui,100
2170,Dubois,Antoine,F,1990-10-21,antoine.dubois@datascope.fr,Finance,Nice,CDI,2017-12-26,7.0,3745.0,,Non,50
2090,Richard,Marie,M,1991-04-08,marie.richard@datascope.fr,R&D,Marseille,Alternance,2015-12-01,9.1,1106.0,2619,Non,80
2686,Bernard,Alice,M,1987-10-29,alice.bernard@datascope.fr,Direction,Strasbourg,CDI,2018-05-16,6.6,1676.0,1195,Non,100
2908,Simon,Nicolas,F,1981-03-16,nicolas.simon@datascope.fr,Marketing,Paris,Interim,2022-06-17,2.5,1593.0,,Oui,100
1985,Roux,Thomas,F,1974-09-30,thomas.roux@datascope.fr,RH,Paris,CDD,2020-07-14,4.5,2149.0,3118,Non,50
1417,Fournier,Chloé,F,1982-04-01,chloé.fournier@datascope.fr,Opérations,Strasbourg,CDI,2021-01-28,3.9,2722.0,1179,Oui,100
3064,David,Inès,F,1972-10-30,inès.david@datascope.fr,R&D,Grenoble,CDI,2023-10-02,1.2,2666.0,1845,Non,100
3103,Moreau,Paul,F,1982-06-11,paul.moreau@datascope.fr,RH,Lyon,CDI,2018-06-06,6.6,2219.0,2619,Non,100
2954,Leroy,Pierre,M,1970-11-12,pierre.leroy@datascope.fr,R&D,Nantes,CDI,2017-08-27,7.3,,1335,Non,100
1891,Simon,Chloé,F,1999-09-14,chloé.simon@datascope.fr,Juridique,Bordeaux,CDD,2017-04-18,7.7,2212.0,1818,Oui,100
2964,Bernard,Sarah,M,1982-03-16,sarah.bernard@datascope.fr,R&D,Strasbourg,CDI,2017-02-27,7.8,2833.0,1957,Non,50
3170,Bertrand,Inès,M,1988-09-03,inès.bertrand@datascope.fr,Direction,Grenoble,CDI,2023-12-14,1.0,3551.0,1790,Non,100
2208,Lefebvre,Léa,M,1982-08-23,léa.lefebvre@datascope.fr,Marketing,Bordeaux,Interim,2020-03-01,4.8,3279.0,1880,Non,50
2439,Durand,Pierre,M,1997-11-19,pierre.durand@datascope.fr,RH,Lyon,CDD,2017-03-16,7.8,1178.0,1127,Non,100
1400,Richard,Léa,F,2000-12-04,léa.richard@datascope.fr,Finance,Lille,CDI,2021-03-05,3.8,1998.0,3004,Non,100
1236,Michel,Lucas,M,1978-07-21,lucas.michel@datascope.fr,Marketing,Nantes,Stage,2020-07-22,4.4,900,1790,Non,100
3060,Fournier,Emma,F,1999-09-19,emma.fournier@datascope.fr,Commercial,Marseille,CDI,2015-06-28,9.5,1979.0,2645,Non,50
1193,Vincent,Inès,F,1997-10-04,inès.vincent@datascope.fr,Finance,Nantes,CDI,2017-11-16,7.1,2307.0,1957,Non,100
1815,Richard,Chloé,M,1997-05-23,chloé.richard@datascope.fr,Commercial,Paris,CDD,2021-08-14,3.4,2528.0,3118,Oui,100
3397,Michel,Paul,F,1974-02-22,paul.michel@datascope.fr,Direction,Paris,CDD,2017-05-28,7.6,2575.0,2122,Non,100
2940,Roux,Pierre,M,1986-12-18,pierre.roux@datascope.fr,Juridique,Toulouse,CDD,2016-01-27,8.9,1484.0,2967,Non,100
1915,Dubois,Marie,F,2000-12-24,marie.dubois@datascope.fr,RH,Toulouse,CDI,2021-10-11,3.2,2893.0,2607,Oui,100
2745,Robert,Léa,M,1965-08-11,léa.robert@datascope.fr,RH,Bordeaux,CDI,2023-07-25,1.4,3144.0,3028,Non,100
2465,Simon,Julie,F,1989-06-22,julie.simon@datascope.fr,Direction,Nice,CDD,2023-03-16,1.8,2413.0,1875,Non,100
1279,Lefebvre,Marie,F,1982-10-15,marie.lefebvre@datascope.fr,Marketing,Marseille,CDI,2024-11-09,0.1,2962.0,1875,Oui,80
2430,Robert,Julie,M,1981-08-23,julie.robert@datascope.fr,Finance,Nice,CDI,2024-02-04,0.9,2782.0,1747,Oui,100
1578,Dubois,Antoine,F,1999-11-02,antoine.dubois@datascope.fr,R&D,Bordeaux,CDD,2022-10-11,2.2,2744.0,2515,Non,100
1990,Bertrand,Théo,F,1983-03-06,théo.bertrand@datascope.fr,R&D,Grenoble,CDI,2023-06-06,1.6,2785.0,,Non,100
2024,Garcia,Julie,M,1990-06-12,julie.garcia@datascope.fr,RH,Bordeaux,CDI,2015-11-06,9.2,2532.0,2245,Oui,100
2736,Martin,Nicolas,F,2000-07-18,nicolas.martin@datascope.fr,Direction,Lille,CDI,2015-03-05,9.8,2262.0,3378,Non,100
1438,Richard,Théo,F,1977-09-11,théo.richard@datascope.fr,Finance,Strasbourg,CDI,2023-07-19,1.5,1853.0,1561,Non,100
2490,Thomas,Thomas,M,1966-07-30,thomas.thomas@datascope.fr,Opérations,Paris,CDI,2020-12-23,4.0,3411.0,2515,Non,100
2489,Richard,Sophie,F,1977-02-28,sophie.richard@datascope.fr,Logistique,Marseille,CDD,2020-11-10,4.1,1847.0,1092,Non,50
2292,Garcia,Alice,F,1966-03-30,alice.garcia@datascope.fr,Commercial,Strasbourg,Alternance,2017-02-27,7.8,900,1196,Non,80
2642,Bertrand,Sophie,M,1976-12-23,sophie.bertrand@datascope.fr,Commercial,Bordeaux,CDI,2019-10-07,5.2,2212.0,1335,Oui,100
1448,Bernard,Lucas,M,1968-08-16,lucas.bernard@datascope.fr,Commercial,Grenoble,CDI,2017-11-18,7.1,2876.0,2835,Non,80
1175,Dubois,Léa,F,1977-07-24,léa.dubois@datascope.fr,Marketing,Grenoble,Stage,2015-01-21,9.9,900,2630,Non,100
1854,Michel,Camille,F,1990-12-12,camille.michel@datascope.fr,Informatique,Nice,CDD,2016-02-04,8.9,3367.0,2645,Oui,100
2043,Petit,Chloé,F,1969-05-29,chloé.petit@datascope.fr,Commercial,Nice,CDI,2022-07-15,2.5,2537.0,3334,Non,100
2329,Simon,Inès,F,1972-10-04,inès.simon@datascope.fr,Logistique,Lille,CDD,2018-12-14,6.0,3031.0,1196,Non,100
2313,Leroy,Thomas,NB,1972-07-25,thomas.leroy@datascope.fr,Marketing,Nantes,Alternance,2015-01-20,9.9,913.0,,Non,80
2941,Martin,Antoine,M,1979-04-22,antoine.martin@datascope.fr,Marketing,Toulouse,CDI,2021-09-11,3.3,,,Oui,50
2072,Durand,Marie,M,1977-04-14,marie.durand@datascope.fr,Marketing,Marseille,CDI,2020-06-16,4.5,2741.0,1195,Non,100
1432,Simon,Nicolas,M,1997-11-19,nicolas.simon@datascope.fr,Opérations,Marseille,Interim,2016-01-16,9.0,2322.0,,Oui,80
1986,Leroy,Louis,M,1973-08-07,louis.leroy@datascope.fr,Juridique,Nice,CDD,2019-09-09,5.3,1088.0,1561,Oui,100
2946,Moreau,Pierre,F,1990-09-30,pierre.moreau@datascope.fr,Opérations,Marseille,CDI,2023-03-25,1.8,2480.0,,Non,100
1107,Richard,Chloé,M,1981-09-28,chloé.richard@datascope.fr,R&D,Toulouse,CDI,2015-11-17,9.1,4143.0,,Non,100
1030,Garcia,Thomas,M,1974-04-02,thomas.garcia@datascope.fr,Direction,Lyon,CDI,2017-06-02,7.6,3568.0,2461,Non,80
1203,Thomas,Camille,F,1994-09-08,camille.thomas@datascope.fr,Marketing,Lyon,CDI,2016-12-08,8.1,3785.0,1880,Non,100
3188,Michel,Louis,M,2000-06-18,louis.michel@datascope.fr,Commercial,Strasbourg,Stage,2022-03-31,2.8,900,,Non,100
3003,Durand,Léa,F,1973-03-25,léa.durand@datascope.fr,Direction,Marseille,CDI,2022-11-01,2.2,2164.0,2122,Non,100
2545,Roux,Thomas,F,1985-05-06,thomas.roux@datascope.fr,Opérations,Nice,CDI,2017-12-25,7.0,2911.0,1641,Oui,100
1369,Simon,Thomas,F,1985-03-03,thomas.simon@datascope.fr,Direction,Strasbourg,Alternance,2016-06-28,8.5,1283.0,1875,Non,100
2334,Fournier,Alice,F,2000-07-17,alice.fournier@datascope.fr,Opérations,Marseille,CDI,2018-05-03,6.7,3599.0,1875,Non,100
2287,Simon,Louis,M,1991-06-07,louis.simon@datascope.fr,Direction,Toulouse,Alternance,2015-04-09,9.7,1108.0,1880,Oui,100
3004,Bernard,Antoine,M,2014-04-07,antoine.bernarddatascope.fr,Sales,Strasbourg,CDI,2016-08-28,-2.1,0,1005,Non,100
3253,Bernard,Hugo,F,1994-11-23,hugo.bernard@datascope.fr,Marketing,Lyon,CDD,2023-06-04,1.6,1468.0,1136,Non,100
1363,Bernard,Thomas,F,1995-01-24,thomas.bernard@datascope.fr,Opérations,Toulouse,CDI,2019-07-04,5.5,2208.0,1948,Non,50
1614,Richard,Hugo,F,1992-10-29,hugo.richard@datascope.fr,Logistique,Marseille,CDD,2024-01-08,1.0,3405.0,2630,Non,100
1506,Robert,Lucas,M,1998-07-05,lucas.robert@datascope.fr,Finance,Lille,CDI,2016-07-18,8.5,2450.0,1401,Oui,100
1210,Bernard,Pierre,F,1990-05-16,pierre.bernard@datascope.fr,Juridique,Lille,CDI,2024-11-04,0.2,2955.0,,Non,80
1901,Robert,Alice,M,1975-04-12,alice.robert@datascope.fr,Informatique,Lille,CDI,2016-02-14,8.9,2295.0,3028,Oui,100
2577,Leroy,Théo,F,1972-10-13,théo.leroy@datascope.fr,Direction,Lyon,CDI,2023-11-16,1.1,3092.0,1127,Non,80
1031,Simon,Antoine,F,1978-01-11,antoine.simon@datascope.fr,Direction,Marseille,CDI,2015-01-20,9.9,2535.0,1196,Non,80
1730,Durand,Louis,F,1988-10-19,louis.durand@datascope.fr,R&D,Nice,CDD,2020-11-20,4.1,3109.0,,Non,100
2790,Moreau,Pierre,M,1980-12-20,pierre.moreau@datascope.fr,Commercial,Nice,CDI,2015-07-19,9.5,3722.0,3118,Non,100
2462,Leroy,Nicolas,F,1973-11-20,nicolas.leroy@datascope.fr,Informatique,Marseille,CDI,2015-11-05,9.2,2202.0,,Non,80
1887,Fournier,Théo,M,1972-09-15,théo.fournier@datascope.fr,Informatique,Marseille,CDI,2024-07-23,0.4,3579.0,2630,Oui,100
1510,Simon,Inès,M,1983-09-20,inès.simon@datascope.fr,Marketing,Strasbourg,Stage,2018-02-05,6.9,900,,Oui,50
1502,Bernard,Nicolas,F,1993-10-25,nicolas.bernard@datascope.fr,Commercial,Bordeaux,CDI,2016-11-25,8.1,4715.0,1569,Non,100
2223,Leroy,Hugo,M,1989-10-02,hugo.leroy@datascope.fr,Logistique,Grenoble,CDI,2021-08-16,3.4,3455.0,1179,Non,100
1490,Leroy,Louis,M,1965-03-15,louis.leroy@datascope.fr,Opérations,Nantes,Alternance,2021-05-28,3.6,900,3028,Non,100
1261,Martin,Sophie,F,1996-01-26,sophie.martin@datascope.fr,Logistique,Toulouse,CDI,2021-10-22,3.2,3000.0,2122,Non,100
2901,Vincent,Théo,M,1981-08-21,théo.vincent@datascope.fr,Juridique,Toulouse,CDI,2021-04-27,3.7,2422.0,2067,Non,100
3373,Bernard,Lucas,F,1995-02-18,lucas.bernard@datascope.fr,Commercial,Strasbourg,CDI,2022-12-27,2.0,1397.0,1948,Oui,100
2281,Vincent,Julie,M,1969-01-19,julie.vincent@datascope.fr,Juridique,Toulouse,CDI,2018-09-02,6.3,2498.0,1100,Non,100
2927,Simon,Camille,F,1970-09-26,camille.simon@datascope.fr,Direction,Bordeaux,CDD,2024-05-07,0.7,2296.0,3028,Non,80
1514,Leroy,Romain,F,1990-06-01,romain.leroy@datascope.fr,Direction,Toulouse,CDI,2015-09-03,9.3,3434.0,1196,Non,50
1416,Vincent,Nicolas,F,1984-11-16,nicolas.vincent@datascope.fr,R&D,Nice,Alternance,2024-04-22,0.7,1160.0,1790,Non,100
1594,David,Louis,NB,1976-01-12,louis.david@datascope.fr,Marketing,Nice,CDI,2019-04-19,5.7,2084.0,1196,Oui,100
2050,Richard,Lucas,F,1996-12-09,lucas.richard@datascope.fr,Opérations,Lille,CDI,2018-10-04,6.2,3843.0,1845,Non,100
2365,Moreau,Alice,F,1973-06-18,alice.moreau@datascope.fr,Logistique,Lyon,CDI,2023-05-22,1.6,,2525,Oui,80
2663,Dubois,Lucas,F,1973-06-30,lucas.dubois@datascope.fr,Informatique,Bordeaux,Alternance,2022-11-07,2.1,900,,Non,100
3277,Moreau,Thomas,F,1983-09-29,thomas.moreau@datascope.fr,Commercial,Lille,CDI,2020-11-20,4.1,2290.0,,Non,100
2318,Laurent,Thomas,M,1976-12-07,thomas.laurent@datascope.fr,Marketing,Bordeaux,CDI,2019-03-06,5.8,3129.0,,Non,80
2341,Vincent,Inès,M,1985-08-24,inès.vincent@datascope.fr,Opérations,Nice,CDI,2016-05-19,8.6,1776.0,1948,Non,100
1624,Garcia,Romain,M,1971-08-16,romain.garcia@datascope.fr,Direction,Nantes,CDI,2020-01-04,5.0,2173.0,,Non,80
1315,Bertrand,Léa,F,1984-06-16,léa.bertrand@datascope.fr,Juridique,Bordeaux,Alternance,2021-05-07,3.7,900,1880,Non,100
3300,Laurent,Camille,M,1997-06-01,camille.laurent@datascope.fr,Juridique,Nice,CDI,2015-02-02,9.9,2992.0,2967,Non,80
1933,Moreau,Chloé,M,1995-02-12,chloé.moreau@datascope.fr,Juridique,Lyon,CDI,2019-04-21,5.7,2464.0,1194,Non,100
1364,Thomas,Sarah,F,1980-06-24,sarah.thomas@datascope.fr,Informatique,Lyon,CDI,2015-08-11,9.4,2608.0,,Oui,80
1131,Petit,Louis,F,1978-02-11,louis.petit@datascope.fr,Opérations,Bordeaux,CDI,2023-03-30,1.8,2109.0,,Non,50
2178,Leroy,Pierre,M,1986-01-29,pierre.leroy@datascope.fr,Commercial,Nantes,CDI,2016-01-25,8.9,3149.0,1335,Non,50
2226,Thomas,Chloé,F,1999-10-16,chloé.thomas@datascope.fr,Opérations,Nice,CDD,2018-09-02,6.3,2653.0,2461,Non,100
2918,Roux,Camille,F,1970-10-12,camille.roux@datascope.fr,Juridique,Grenoble,CDI,2017-11-06,7.2,3099.0,1880,Non,100
2691,Moreau,Nicolas,F,1969-06-30,nicolas.moreau@datascope.fr,Opérations,Marseille,CDI,2017-02-05,7.9,1537.0,1875,Non,80
2758,Vincent,Inès,F,1990-01-12,inès.vincent@datascope.fr,Commercial,Paris,CDI,2021-03-25,3.8,3470.0,1092,Oui,50
3210,Thomas,Louis,F,1968-08-09,louis.thomas@datascope.fr,R&D,Nantes,CDD,2015-12-22,9.0,1434.0,1948,Oui,100
1719,Leroy,Camille,M,1979-05-31,camille.leroy@datascope.fr,Opérations,Toulouse,CDD,2020-04-02,4.7,2480.0,2607,Non,100
1848,Leroy,Romain,F,1972-12-17,romain.leroy@datascope.fr,Finance,Nice,CDI,2015-06-14,9.5,3399.0,1948,Non,100
3110,Richard,Théo,F,1997-05-30,théo.richard@datascope.fr,Commercial,Paris,CDI,2020-11-21,4.1,3904.0,,Non,100
1008,Fournier,Julie,M,1967-06-16,julie.fournier@datascope.fr,Juridique,Paris,CDI,2018-01-11,7.0,3288.0,2597,Oui,100
3226,Laurent,Emma,F,1967-01-19,emma.laurent@datascope.fr,Commercial,Toulouse,CDI,2015-07-16,9.5,2138.0,1179,Non,100
2033,Petit,Lucas,M,1970-02-19,lucas.petit@datascope.fr,RH,Nice,CDI,2015-03-04,9.8,3666.0,1247,Non,100
1804,David,Romain,M,1979-03-27,romain.david@datascope.fr,Direction,Bordeaux,CDI,2018-11-03,6.2,3014.0,1201,Non,100
2655,Martin,Lucas,F,1994-12-03,lucas.martin@datascope.fr,Juridique,Lyon,CDI,2024-08-12,0.4,3060.0,3004,Non,100
2994,Leroy,Camille,F,1994-03-06,camille.leroy@datascope.fr,Logistique,Toulouse,CDI,2019-08-01,5.4,2929.0,3142,Oui,50
2093,Durand,Thomas,F,1979-01-13,thomas.durand@datascope.fr,R&D,Toulouse,CDI,2018-08-02,6.4,1691.0,1747,Non,50
2241,Simon,Emma,M,1992-04-17,emma.simon@datascope.fr,Logistique,Strasbourg,CDI,2024-08-23,0.4,2524.0,1195,Non,100
1528,Moreau,Lucas,M,1993-08-18,lucas.moreau@datascope.fr,Finance,Lille,CDI,2018-04-10,6.7,3585.0,1100,Non,100
1878,Dubois,Inès,F,1992-04-23,inès.dubois@datascope.fr,Direction,Paris,CDI,2019-08-09,5.4,3110.0,2515,Non,100
2176,Lefebvre,Nicolas,F,1981-10-08,nicolas.lefebvre@datascope.fr,Marketing,Paris,CDI,2022-09-10,2.3,2440.0,,Oui,80
2875,Durand,Léa,F,1987-03-22,léa.durand@datascope.fr,Commercial,Bordeaux,CDI,2015-03-19,9.8,3249.0,1100,Oui,50
1153,Robert,Romain,M,2014-05-11,romain.robert@datascope.fr,Informatique,Strasbourg,CDI,2019-09-10,5.3,,1875,Oui,100
1035,David,Théo,M,1994-07-31,théo.david@datascope.fr,Opérations,Lille,CDI,2024-08-25,0.4,3067.0,,Oui,80
1062,Bernard,Antoine,M,1988-01-23,antoine.bernard@datascope.fr,R&D,Nantes,CDI,2021-01-17,4.0,3471.0,2515,Oui,100
1094,Leroy,Hugo,F,1971-05-07,hugo.leroy@datascope.fr,Informatique,Grenoble,Alternance,2020-02-18,4.9,900,2607,Non,100
1216,Bernard,Louis,NB,1972-02-29,louis.bernard@datascope.fr,Marketing,Bordeaux,CDD,2016-02-15,8.9,2406.0,1845,Non,100
1299,David,Hugo,M,1993-02-16,hugo.david@datascope.fr,Logistique,Lille,CDI,2023-11-18,1.1,3243.0,2645,Non,100
2628,Laurent,Thomas,F,1974-11-20,thomas.laurent@datascope.fr,Logistique,Nice,CDI,2022-08-04,2.4,2421.0,1401,Non,100
2938,Moreau,Paul,F,1997-08-15,paul.moreau@datascope.fr,Opérations,Strasbourg,CDI,2020-11-02,4.2,2064.0,1801,Non,100
2508,Leroy,Thomas,M,1970-10-19,thomas.leroy@datascope.fr,Direction,Lyon,Alternance,2023-03-13,1.8,900,1307,Non,100
2156,Thomas,Léa,F,1977-04-06,léa.thomas@datascope.fr,Logistique,Lyon,CDI,2024-09-05,0.3,2177.0,3028,Non,100
1956,Robert,Inès,M,1972-04-22,inès.robert@datascope.fr,Opérations,Grenoble,CDD,2016-08-14,8.4,2840.0,2461,Non,50
1084,Laurent,Lucas,F,1988-05-15,lucas.laurent@datascope.fr,Logistique,Marseille,CDI,2017-08-02,7.4,2499.0,,Non,100
1257,Dubois,Julie,F,1988-11-19,julie.dubois@datascope.fr,Finance,Strasbourg,CDI,2020-01-13,5.0,2518.0,1948,Non,100
2562,Richard,Sarah,F,1999-07-01,sarah.richard@datascope.fr,Opérations,Lille,CDI,2020-10-26,4.2,3297.0,2525,Non,100
1600,Petit,Romain,F,1971-04-17,romain.petit@datascope.fr,R&D,Toulouse,CDI,2022-10-18,2.2,2606.0,3284,Non,80
1764,Vincent,Sophie,NB,1965-07-26,sophie.vincent@datascope.fr,Informatique,Nantes,CDI,2015-01-20,9.9,2522.0,1875,Non,100
1247,Moreau,Léa,M,2010-10-10,léa.moreaudatascope.fr,HR,Lille,CDI,2020-04-17,4.7,0,,Non,100
1184,Fournier,Paul,M,1968-07-09,paul.fournier@datascope.fr,Informatique,Lyon,CDD,2022-07-31,2.4,1962.0,2421,Non,80
2759,David,Julie,F,1967-08-21,julie.david@datascope.fr,RH,Paris,CDI,2015-11-24,9.1,3050.0,3378,Oui,100
2425,Bertrand,Antoine,F,1974-09-18,antoine.bertrand@datascope.fr,Finance,Lyon,CDI,2016-02-05,8.9,2203.0,2067,Non,100
2558,Garcia,Louis,F,1996-02-01,louis.garcia@datascope.fr,Logistique,Lyon,CDI,2022-08-08,2.4,2277.0,1818,Non,100
2965,Martin,Léa,NB,1966-10-03,léa.martin@datascope.fr,Informatique,Nice,CDI,2019-06-13,5.6,2081.0,,Non,100
1829,Laurent,Alice,F,1983-10-07,alice.laurent@datascope.fr,Opérations,Lille,Interim,2022-11-21,2.1,2129.0,2461,Non,100
2529,Dubois,Thomas,F,1998-11-17,thomas.dubois@datascope.fr,Direction,Paris,CDD,2017-08-17,7.4,,,Oui,100
1324,Durand,Hugo,M,1986-08-26,hugo.durand@datascope.fr,Informatique,Grenoble,Alternance,2023-10-29,1.2,960.0,1519,Oui,100
1818,Vincent,Marie,M,2014-03-09,marie.vincent@datascope.fr,Marketing,Bordeaux,CDI,2019-07-22,5.4,0,1196,Non,100
2572,Dubois,Pierre,M,1986-10-31,pierre.dubois@datascope.fr,Marketing,Marseille,Interim,2020-02-15,4.9,1793.0,1845,Non,100
2699,Bertrand,Louis,F,2000-11-18,louis.bertrand@datascope.fr,Marketing,Nantes,CDI,2018-04-10,6.7,1858.0,2619,Non,80
1736,Simon,Emma,M,1973-01-10,emma.simon@datascope.fr,Opérations,Marseille,CDI,2016-09-17,8.3,2360.0,1179,Non,50
1987,Dubois,Thomas,F,1995-04-01,thomas.dubois@datascope.fr,Finance,Grenoble,CDI,2016-09-08,8.3,3024.0,1948,Non,80
3102,Bernard,Paul,F,1975-10-30,paul.bernard@datascope.fr,RH,Nantes,CDI,2021-10-08,3.2,2777.0,3016,Oui,100
2733,Simon,Pierre,M,1966-01-25,pierre.simon@datascope.fr,Marketing,Lyon,Alternance,2023-07-23,1.4,900,3142,Non,50
2200,Richard,Louis,M,1966-04-23,louis.richard@datascope.fr,Commercial,Lyon,CDI,2017-11-24,7.1,2939.0,1413,Non,100
2531,Leroy,Alice,M,1991-09-22,alice.leroy@datascope.fr,Informatique,Grenoble,CDI,2024-11-09,0.1,2851.0,1005,Non,100
1446,Durand,Romain,M,1982-04-04,romain.durand@datascope.fr,R&D,Toulouse,CDD,2019-09-11,5.3,1705.0,3334,Non,80
3273,Simon,Louis,M,1974-08-26,louis.simon@datascope.fr,Finance,Toulouse,CDI,2024-12-23,0.0,3226.0,3284,Oui,80
3054,Roux,Pierre,M,1993-04-08,pierre.roux@datascope.fr,Marketing,Strasbourg,CDI,2021-08-15,3.4,3000.0,1136,Non,100
1931,Laurent,Marie,F,1980-09-23,marie.laurent@datascope.fr,Finance,Marseille,CDI,2018-10-12,6.2,2515.0,1247,Non,100
1935,Dubois,Sarah,F,1990-10-11,sarah.dubois@datascope.fr,Direction,Strasbourg,Stage,2022-03-16,2.8,900,,Non,80
1588,Durand,Théo,M,1984-09-15,théo.durand@datascope.fr,R&D,Nice,CDD,2020-04-23,4.7,3129.0,1818,Non,100
2727,Martin,Chloé,M,1971-05-08,chloé.martin@datascope.fr,Marketing,Bordeaux,CDD,2023-07-07,1.5,1428.0,1100,Non,100
1386,Martin,Marie,F,1993-05-19,marie.martin@datascope.fr,Juridique,Marseille,Interim,2024-11-19,0.1,2367.0,,Non,50
2392,Simon,Léa,F,1970-10-11,léa.simon@datascope.fr,Finance,Bordeaux,Alternance,2016-07-09,8.5,1234.0,1307,Non,100
2991,Petit,Romain,M,1979-12-17,romain.petit@datascope.fr,Opérations,Lyon,CDI,2015-12-11,9.1,3591.0,1818,Non,100
1682,Roux,Sophie,F,1997-05-07,sophie.roux@datascope.fr,Logistique,Marseille,CDI,2021-11-26,3.1,2971.0,2461,Oui,80
1870,David,Nicolas,NB,2000-01-28,nicolas.david@datascope.fr,Juridique,Nice,Alternance,2022-12-31,2.0,,1127,Non,50
1777,Fournier,Pierre,F,1979-01-25,pierre.fournier@datascope.fr,R&D,Bordeaux,CDD,2015-02-28,9.8,1722.0,,Oui,80
1885,Bertrand,Louis,F,1973-02-25,louis.bertrand@datascope.fr,Finance,Nantes,CDI,2018-11-30,6.1,2318.0,1194,Oui,50
1029,Dubois,Camille,F,1996-05-16,camille.dubois@datascope.fr,Finance,Nice,CDI,2021-10-09,3.2,3224.0,2645,Non,50
3174,Thomas,Emma,F,1977-09-19,emma.thomas@datascope.fr,Direction,Nice,CDI,2017-06-02,7.6,3269.0,2619,Oui,80
1140,Lefebvre,Thomas,F,1988-02-14,thomas.lefebvre@datascope.fr,Marketing,Paris,Stage,2022-12-08,2.1,900,3004,Oui,100
2618,Lefebvre,Alice,NB,1972-03-29,alice.lefebvre@datascope.fr,Finance,Strasbourg,CDD,2015-02-20,9.9,2596.0,3378,Non,100
1336,Martin,Louis,M,1968-12-21,louis.martin@datascope.fr,Finance,Nice,CDD,2017-09-20,7.3,2476.0,3378,Non,100
1651,Simon,Inès,M,1968-10-21,inès.simon@datascope.fr,RH,Strasbourg,CDD,2015-06-27,9.5,2102.0,,Oui,100
2794,Richard,Marie,M,1993-10-16,marie.richard@datascope.fr,Marketing,Lyon,CDI,2020-11-12,4.1,4144.0,1307,Oui,100
1908,Thomas,Sarah,M,1966-04-14,sarah.thomas@datascope.fr,Commercial,Nice,Stage,2020-05-04,4.7,900,,Oui,100
1918,David,Romain,M,1965-09-02,romain.david@datascope.fr,Informatique,Paris,CDI,2015-10-19,9.2,2608.0,,Non,100
1480,Thomas,Emma,F,1985-01-20,emma.thomas@datascope.fr,R&D,Lille,CDI,2018-07-18,6.5,3403.0,1957,Non,100
2352,Bertrand,Antoine,F,2000-04-26,antoine.bertrand@datascope.fr,R&D,Paris,CDD,2022-05-16,2.6,2639.0,,Non,100
1558,Vincent,Paul,F,1967-03-16,paul.vincent@datascope.fr,RH,Toulouse,CDI,2020-06-09,4.6,1622.0,1875,Non,80
1574,Garcia,Théo,M,1985-03-24,théo.garcia@datascope.fr,Juridique,Strasbourg,CDI,2015-04-13,9.7,2759.0,1790,Oui,100
2995,Lefebvre,Sarah,F,1986-02-15,sarah.lefebvre@datascope.fr,Finance,Marseille,CDI,2022-12-14,2.0,3071.0,1127,Non,100
1516,Bernard,Julie,F,1970-07-31,julie.bernard@datascope.fr,Informatique,Bordeaux,Stage,2018-05-16,6.6,900,1194,Oui,80
2826,Leroy,Marie,F,1979-01-26,marie.leroy@datascope.fr,Marketing,Lyon,CDI,2019-03-11,5.8,3426.0,1818,Non,100
1610,Michel,Chloé,M,2012-10-31,chloé.michel@datascope.fr,Operations,Lille,CDI,2022-05-21,2.6,0,,Non,80
1471,Thomas,Léa,F,1976-08-25,léa.thomas@datascope.fr,Commercial,Lyon,Stage,2024-11-27,0.1,900,3118,Non,100
1038,Bernard,Lucas,M,1986-10-10,lucas.bernard@datascope.fr,Informatique,Strasbourg,Alternance,2017-02-23,7.9,942.0,1845,Oui,50
1020,Thomas,Chloé,F,1976-02-28,chloé.thomas@datascope.fr,Juridique,Nice,CDI,2020-03-16,4.8,2808.0,3284,Oui,80
2628,Laurent,Thomas,F,1974-11-20,thomas.laurent@datascope.fr,Logistique,Nice,CDI,2022-08-04,2.4,2421.0,1401,Non,100
1601,Simon,Louis,M,1975-07-15,louis.simon@datascope.fr,Juridique,Marseille,CDI,2019-05-13,5.6,1574.0,1790,Non,100
3121,Roux,Louis,F,1995-05-29,louis.roux@datascope.fr,Direction,Strasbourg,CDI,2023-11-05,1.2,2603.0,1335,Oui,50
3074,Vincent,Hugo,F,1997-05-13,hugo.vincent@datascope.fr,Finance,Nantes,CDI,2016-07-09,8.5,3437.0,,Non,50
1294,Petit,Emma,F,1966-10-10,emma.petit@datascope.fr,RH,Marseille,CDI,2021-11-21,3.1,1595.0,1413,Non,100
1208,Leroy,Pierre,M,1991-06-28,pierre.leroy@datascope.fr,RH,Bordeaux,CDI,2015-04-10,9.7,3173.0,2630,Non,100
1567,Richard,Théo,F,1994-09-19,théo.richard@datascope.fr,Informatique,Nice,CDI,2020-12-30,4.0,2744.0,1194,Non,100
2521,Thomas,Sarah,M,1972-11-24,sarah.thomas@datascope.fr,Juridique,Lyon,CDI,2024-06-14,0.5,2728.0,2461,Oui,100
3329,Petit,Louis,M,1974-06-11,louis.petit@datascope.fr,Juridique,Marseille,CDI,2019-01-23,5.9,2564.0,1335,Non,100
1894,Vincent,Léa,M,1977-04-08,léa.vincent@datascope.fr,Finance,Toulouse,Alternance,2022-06-27,2.5,900,2515,Oui,80
2986,Martin,Inès,M,1966-09-05,inès.martin@datascope.fr,Logistique,Grenoble,CDI,2023-09-21,1.3,2891.0,1880,Non,100
3012,Vincent,Lucas,M,1974-10-14,lucas.vincent@datascope.fr,RH,Lyon,CDD,2018-02-06,6.9,1673.0,1194,Non,100
1988,Roux,Paul,F,1994-11-10,paul.roux@datascope.fr,R&D,Strasbourg,CDI,2017-12-24,7.0,3769.0,1845,Non,50
1349,Bernard,Léa,M,1980-06-24,léa.bernard@datascope.fr,Commercial,Toulouse,CDI,2015-09-28,9.3,3501.0,1413,Oui,100
2968,Richard,Emma,M,1983-10-18,emma.richard@datascope.fr,RH,Strasbourg,Stage,2020-11-15,4.1,900,2461,Non,100
2205,Michel,Louis,M,1996-03-29,louis.michel@datascope.fr,Logistique,Strasbourg,CDI,2022-06-26,2.5,3654.0,2967,Oui,50
1565,Martin,Thomas,M,1982-08-27,thomas.martin@datascope.fr,Marketing,Lille,CDI,2023-07-21,1.4,2476.0,,Oui,100
3369,Roux,Pierre,F,1965-09-02,pierre.roux@datascope.fr,R&D,Paris,CDD,2016-08-07,8.4,1899.0,2835,Non,100
2084,Garcia,Inès,M,1980-06-30,inès.garcia@datascope.fr,Opérations,Lyon,CDD,2019-08-10,5.4,2362.0,1747,Non,100
2248,Garcia,Sarah,M,1999-07-24,sarah.garcia@datascope.fr,Logistique,Bordeaux,CDI,2015-05-24,9.6,3277.0,,Non,80
1776,Durand,Antoine,M,1983-02-05,antoine.durand@datascope.fr,Marketing,Marseille,CDD,2015-03-20,9.8,2599.0,2607,Non,50
3380,Dubois,Alice,M,1971-02-01,alice.dubois@datascope.fr,RH,Nantes,CDI,2018-05-11,6.6,2983.0,2630,Oui,100
2631,Martin,Antoine,F,1972-05-25,antoine.martin@datascope.fr,Finance,Marseille,CDI,2015-08-29,9.3,2607.0,2607,Non,100
3225,Thomas,Julie,NB,1987-05-28,julie.thomas@datascope.fr,Informatique,Lille,Stage,2024-09-10,0.3,900,3142,Non,80
1396,Robert,Louis,F,1982-08-23,louis.robert@datascope.fr,R&D,Toulouse,CDI,2023-03-13,1.8,3233.0,1307,Non,50
3037,Durand,Julie,F,1965-03-27,julie.durand@datascope.fr,RH,Strasbourg,CDI,2020-01-31,4.9,2772.0,2122,Non,50
3095,Bertrand,Louis,M,1976-06-01,louis.bertrand@datascope.fr,Marketing,Paris,CDI,2018-08-08,6.4,900,3016,Non,100
3260,Moreau,Lucas,NB,1976-12-03,lucas.moreau@datascope.fr,Marketing,Paris,CDI,2024-06-29,0.5,3625.0,,Non,100
2471,Garcia,Alice,M,1990-01-01,alice.garcia@datascope.fr,Direction,Grenoble,CDI,2020-02-01,4.9,3186.0,2245,Non,100
2275,Durand,Théo,M,1985-11-04,théo.durand@datascope.fr,Direction,Lyon,CDI,2021-09-30,3.3,2477.0,3284,Non,100
1606,Garcia,Thomas,NB,1982-07-23,thomas.garcia@datascope.fr,Juridique,Strasbourg,Interim,2015-04-11,9.7,2209.0,3016,Oui,100
2972,Michel,Théo,M,1983-12-26,théo.michel@datascope.fr,Marketing,Toulouse,Alternance,2023-01-24,1.9,1003.0,1875,Oui,100
2117,Roux,Nicolas,M,1992-02-06,nicolas.roux@datascope.fr,Opérations,Bordeaux,CDI,2017-07-22,7.4,1837.0,2597,Non,80
3354,David,Camille,M,1976-09-25,camille.david@datascope.fr,Marketing,Toulouse,CDI,2021-03-12,3.8,2414.0,2067,Non,100
2987,Richard,Sarah,M,1996-12-12,sarah.richard@datascope.fr,Logistique,Lyon,CDI,2020-01-24,4.9,3390.0,,Oui,100
1603,Dubois,Nicolas,F,2000-11-08,nicolas.dubois@datascope.fr,Marketing,Lille,CDI,2016-12-14,8.0,3748.0,3028,Non,100
1129,Lefebvre,Camille,M,1996-07-18,camille.lefebvre@datascope.fr,Informatique,Lyon,Stage,2017-01-16,8.0,900,,Non,80
1771,Roux,Paul,M,1991-04-03,paul.roux@datascope.fr,Commercial,Grenoble,Alternance,2018-05-29,6.6,951.0,3004,Non,100
3089,Leroy,Sarah,M,1973-01-24,sarah.leroy@datascope.fr,Juridique,Grenoble,CDI,2017-11-22,7.1,2967.0,,Non,100
1272,Laurent,Paul,F,1967-11-26,paul.laurent@datascope.fr,R&D,Nantes,Stage,2020-02-12,4.9,900,,Non,100
1835,Michel,Lucas,M,1989-10-29,lucas.michel@datascope.fr,Logistique,Strasbourg,Alternance,2017-08-11,7.4,1267.0,,Non,100
2569,Richard,Antoine,M,1974-05-17,antoine.richard@datascope.fr,Direction,Strasbourg,Alternance,2024-11-16,0.1,1671.0,1957,Oui,100
1326,Bernard,Thomas,M,1977-08-09,thomas.bernard@datascope.fr,Opérations,Grenoble,CDD,2019-06-28,5.5,3099.0,2461,Oui,100
2873,Bertrand,Emma,F,1983-10-19,emma.bertrand@datascope.fr,Direction,Lyon,CDD,2015-02-06,9.9,1626.0,,Non,50
1641,Durand,Inès,F,2012-09-07,inès.duranddatascope.fr,Logistics,Bordeaux,CDI,2017-09-20,-0.2,0,,Oui,100
2104,Bertrand,Inès,F,1988-01-05,inès.bertrand@datascope.fr,Direction,Lyon,Alternance,2021-06-16,3.5,1452.0,3142,Non,100
1720,Bertrand,Sophie,M,1984-11-10,sophie.bertrand@datascope.fr,Logistique,Lille,CDD,2019-10-20,5.2,2499.0,3028,Non,100
2237,Bertrand,Camille,F,1985-10-16,camille.bertrand@datascope.fr,RH,Lyon,Interim,2015-12-12,9.1,2709.0,1641,Non,100
2936,Michel,Chloé,F,1993-01-22,chloé.michel@datascope.fr,Direction,Toulouse,CDI,2022-09-12,2.3,2873.0,3334,Oui,50
2029,Fournier,Théo,F,1998-09-04,théo.fournier@datascope.fr,Commercial,Bordeaux,Alternance,2020-01-07,5.0,1408.0,1401,Non,50
3071,Garcia,Paul,F,1965-03-13,paul.garcia@datascope.fr,Direction,Nice,Alternance,2017-02-01,7.9,1209.0,1401,Non,100
1943,Richard,Antoine,F,1997-05-19,antoine.richard@datascope.fr,R&D,Bordeaux,CDI,2017-07-29,7.4,2893.0,1747,Non,100
3087,Moreau,Nicolas,M,1997-06-25,nicolas.moreau@datascope.fr,R&D,Lille,CDI,2017-04-16,7.7,2923.0,,Non,100
1708,Robert,Chloé,F,1977-06-19,chloé.robert@datascope.fr,Marketing,Marseille,CDD,2016-12-13,8.0,2909.0,1196,Non,50
2877,Robert,Sophie,M,1984-07-15,sophie.robert@datascope.fr,Opérations,Toulouse,CDI,2023-09-10,1.3,2545.0,1880,Non,100
3359,Laurent,Romain,M,1994-12-02,romain.laurent@datascope.fr,Commercial,Marseille,Alternance,2021-05-19,3.6,1481.0,1307,Oui,100
3093,Moreau,Lucas,M,1992-11-27,lucas.moreau@datascope.fr,Informatique,Toulouse,Alternance,2015-06-08,9.6,1629.0,,Non,50
2534,Martin,Nicolas,M,1977-02-28,nicolas.martin@datascope.fr,Finance,Marseille,CDI,2017-08-12,7.4,3251.0,2067,Non,80
2397,Durand,Antoine,M,1996-03-07,antoine.durand@datascope.fr,Logistique,Grenoble,CDI,2017-06-15,7.5,1584.0,2515,Non,100
2064,Laurent,Léa,F,1974-01-02,léa.laurent@datascope.fr,Commercial,Bordeaux,CDI,2024-05-21,0.6,2970.0,2835,Non,80
1190,Laurent,Emma,F,1992-06-20,emma.laurent@datascope.fr,R&D,Paris,CDD,2017-08-03,7.4,2043.0,1201,Non,50
2492,Petit,Chloé,F,1983-08-06,chloé.petit@datascope.fr,Commercial,Marseille,CDI,2016-12-17,8.0,1765.0,1136,Non,80
2276,Roux,Camille,F,1977-01-29,camille.roux@datascope.fr,Informatique,Strasbourg,CDD,2023-11-08,1.1,1466.0,3334,Oui,100
2528,Bertrand,Chloé,M,1973-11-20,chloé.bertrand@datascope.fr,Informatique,Lille,Stage,2019-03-29,5.8,900,,Non,50
2942,Dubois,Paul,M,1967-11-02,paul.dubois@datascope.fr,Commercial,Nice,Alternance,2020-04-09,4.7,1212.0,,Non,50
2984,Garcia,Théo,M,1982-02-10,théo.garcia@datascope.fr,Juridique,Lyon,CDI,2019-02-22,5.9,2686.0,2835,Non,100
1755,Michel,Paul,M,1967-12-04,paul.michel@datascope.fr,RH,Grenoble,CDD,2019-06-17,5.5,2335.0,3004,Non,100
1564,Durand,Théo,M,1995-03-16,théo.durand@datascope.fr,RH,Nice,CDI,2015-08-04,9.4,,1335,Non,80
2067,Moreau,Chloé,M,2014-09-02,chloé.moreaudatascope.fr,Management,Lille,Alternance,2019-07-31,5.4,0,,Non,80
2401,Bertrand,Théo,F,1992-08-01,théo.bertrand@datascope.fr,RH,Lille,Alternance,2015-09-23,9.3,1267.0,1818,Non,100
1142,Durand,Louis,F,1990-12-31,louis.durand@datascope.fr,RH,Nice,CDI,2024-07-26,0.4,2966.0,1127,Oui,100
2779,Simon,Romain,F,1977-04-24,romain.simon@datascope.fr,Commercial,Strasbourg,Alternance,2019-09-22,5.3,1321.0,2597,Non,100
1858,Durand,Léa,F,1997-12-02,léa.durand@datascope.fr,Commercial,Grenoble,CDI,2018-09-12,6.3,3083.0,,Non,50
2169,Leroy,Camille,M,1972-05-30,camille.leroy@datascope.fr,Informatique,Marseille,CDI,2023-03-21,1.8,2900.0,1569,Non,100
2726,Thomas,Hugo,F,1975-06-23,hugo.thomas@datascope.fr,Informatique,Lyon,CDI,2017-03-28,7.8,2639.0,1801,Non,100
2763,Richard,Lucas,F,1997-04-06,lucas.richard@datascope.fr,Direction,Grenoble,Stage,2021-09-22,3.3,900,2461,Non,50
1078,Bernard,Léa,M,1993-12-05,léa.bernard@datascope.fr,Direction,Strasbourg,CDD,2022-10-18,2.2,2690.0,1179,Non,100
1479,Durand,Léa,M,1995-08-18,léa.durand@datascope.fr,RH,Strasbourg,CDI,2023-03-02,1.8,3184.0,3016,Non,80
1559,Michel,Inès,M,1996-10-08,inès.michel@datascope.fr,Informatique,Lyon,CDI,2019-07-03,5.5,3713.0,2525,Oui,100
3083,Bernard,Marie,NB,1986-01-23,marie.bernard@datascope.fr,RH,Nice,CDI,2019-06-15,5.5,2986.0,,Non,80
1855,Fournier,Sarah,M,1982-06-17,sarah.fournier@datascope.fr,Commercial,Nantes,CDI,2017-05-21,7.6,2550.0,,Non,80
3389,Laurent,Alice,M,1995-12-30,alice.laurent@datascope.fr,Finance,Paris,CDI,2021-03-15,3.8,2211.0,2835,Non,100
1305,Petit,Camille,M,1978-01-26,camille.petit@datascope.fr,Logistique,Bordeaux,CDD,2017-09-05,7.3,2340.0,1127,Non,50
1828,Richard,Alice,M,1988-01-26,alice.richard@datascope.fr,Commercial,Marseille,CDI,2020-11-27,4.1,1683.0,1957,Oui,80
2955,Simon,Antoine,F,1994-06-01,antoine.simon@datascope.fr,Juridique,Bordeaux,Alternance,2019-09-14,5.3,,3142,Non,100
2494,Dubois,Antoine,F,1980-02-28,antoine.dubois@datascope.fr,Finance,Nantes,CDD,2022-07-30,2.4,1942.0,2461,Non,80
1799,Laurent,Sophie,F,1970-04-24,sophie.laurent@datascope.fr,Marketing,Marseille,CDI,2017-10-04,7.2,3239.0,,Non,100
3257,Robert,Emma,F,1969-05-21,emma.robert@datascope.fr,Finance,Toulouse,Alternance,2021-07-15,3.5,900,1100,Non,100
3168,Robert,Théo,F,1989-09-23,théo.robert@datascope.fr,Marketing,Lyon,CDI,2022-01-13,3.0,1750.0,,Oui,100
2838,Durand,Lucas,M,1998-08-29,lucas.durand@datascope.fr,Informatique,Bordeaux,CDI,2018-07-08,6.5,3781.0,2967,Non,50
3023,Roux,Sophie,M,1985-11-20,sophie.roux@datascope.fr,Informatique,Grenoble,CDI,2015-04-26,9.7,1952.0,,Oui,100
2137,Garcia,Inès,M,1970-10-05,inès.garcia@datascope.fr,R&D,Paris,CDI,2021-08-27,3.3,3593.0,2835,Non,100
2460,Martin,Hugo,F,1981-11-15,hugo.martin@datascope.fr,RH,Lyon,Alternance,2023-09-21,1.3,1410.0,,Non,100
2846,Laurent,Romain,M,1985-08-21,romain.laurent@datascope.fr,Marketing,Bordeaux,CDI,2023-06-28,1.5,2258.0,2597,Non,80
2213,Bertrand,Antoine,F,1971-10-30,antoine.bertrand@datascope.fr,Juridique,Grenoble,Stage,2016-07-18,8.5,900,3016,Non,100
1837,Simon,Antoine,M,1967-07-24,antoine.simon@datascope.fr,Direction,Lille,Interim,2024-11-09,0.1,1658.0,2515,Oui,50
2702,Thomas,Camille,NB,1978-06-11,camille.thomas@datascope.fr,Logistique,Lille,CDD,2016-07-16,8.5,1699.0,1136,Non,100
1136,Bertrand,Chloé,M,2010-08-16,chloé.bertranddatascope.fr,HR,Lille,Stage,2020-02-01,4.9,0,2967,Non,80
1343,Simon,Hugo,NB,1999-05-18,hugo.simon@datascope.fr,Marketing,Lille,Alternance,2021-09-26,3.3,1187.0,1948,Oui,100
2477,Durand,Emma,M,1982-06-29,emma.durand@datascope.fr,Direction,Nantes,CDI,2015-03-19,9.8,2579.0,1195,Non,50
1638,David,Hugo,M,1982-02-11,hugo.david@datascope.fr,Opérations,Grenoble,CDI,2020-07-26,4.4,2003.0,1519,Non,80
1639,Michel,Camille,M,1970-08-07,camille.michel@datascope.fr,Juridique,Paris,CDI,2020-12-10,4.1,2703.0,3118,Non,100
2089,Robert,Julie,M,1981-08-04,julie.robert@datascope.fr,Commercial,Paris,CDI,2020-05-06,4.7,1874.0,,Non,100
2210,Michel,Julie,M,1972-07-08,julie.michel@datascope.fr,Opérations,Strasbourg,CDD,2022-03-08,2.8,2920.0,3118,Non,100
2841,Lefebvre,Sarah,F,1975-03-24,sarah.lefebvre@datascope.fr,Juridique,Grenoble,CDI,2021-11-20,3.1,3524.0,,Non,80
1699,Simon,Paul,M,1998-01-25,paul.simon@datascope.fr,Finance,Lyon,CDI,2021-09-23,3.3,2766.0,1201,Oui,80
1007,Durand,Pierre,F,1973-01-29,pierre.durand@datascope.fr,Marketing,Toulouse,CDI,2024-11-04,0.2,3224.0,1413,Oui,50
1116,Michel,Chloé,M,1981-04-02,chloé.michel@datascope.fr,Finance,Strasbourg,CDD,2016-03-12,8.8,3275.0,2421,Oui,50
1654,Roux,Thomas,F,1983-10-26,thomas.roux@datascope.fr,Marketing,Marseille,CDI,2016-12-07,8.1,3276.0,1519,Non,100
2912,Robert,Antoine,M,1987-07-16,antoine.robert@datascope.fr,Marketing,Lyon,CDI,2022-10-29,2.2,1648.0,1335,Oui,50
2160,Lefebvre,Inès,F,1972-06-23,inès.lefebvre@datascope.fr,Logistique,Lyon,CDI,2022-06-08,2.6,2176.0,1519,Non,100
1961,Garcia,Paul,M,1991-10-20,paul.garcia@datascope.fr,R&D,Lyon,CDD,2015-08-24,9.4,3448.0,1100,Non,100
1733,Vincent,Nicolas,F,1967-12-30,nicolas.vincent@datascope.fr,RH,Grenoble,CDD,2021-09-19,3.3,1357.0,1195,Oui,100
2902,David,Alice,NB,1973-07-14,alice.david@datascope.fr,R&D,Nice,CDI,2023-04-22,1.7,2453.0,3118,Non,80
3218,Vincent,Sarah,M,1985-03-15,sarah.vincent@datascope.fr,Logistique,Toulouse,CDD,2022-11-05,2.2,2935.0,1569,Non,100
3035,Bernard,Chloé,F,1981-08-15,chloé.bernard@datascope.fr,Logistique,Bordeaux,CDD,2018-10-11,6.2,1615.0,,Non,100
1339,Petit,Paul,M,1965-04-23,paul.petit@datascope.fr,RH,Toulouse,CDD,2019-02-07,5.9,2701.0,1880,Non,100
1648,Lefebvre,Sarah,NB,1988-11-26,sarah.lefebvre@datascope.fr,Commercial,Bordeaux,CDD,2015-09-24,9.3,2304.0,1194,Non,100
2834,Fournier,Théo,F,1973-02-24,théo.fournier@datascope.fr,Opérations,Nantes,CDI,2019-06-16,5.5,1880.0,3028,Non,80
2626,Garcia,Chloé,F,1984-04-22,chloé.garcia@datascope.fr,Commercial,Nantes,CDI,2015-06-26,9.5,3369.0,1413,Non,100
2253,Garcia,Julie,M,1997-04-18,julie.garcia@datascope.fr,Informatique,Lille,Alternance,2019-05-11,5.6,900,1519,Oui,80
2427,Richard,Thomas,M,1990-07-14,thomas.richard@datascope.fr,Direction,Bordeaux,CDI,2021-07-17,3.5,2376.0,1845,Non,50
3222,Garcia,Chloé,NB,1987-02-01,chloé.garcia@datascope.fr,Opérations,Strasbourg,CDI,2016-02-14,8.9,2903.0,1127,Non,100
2107,Richard,Camille,F,1972-10-11,camille.richard@datascope.fr,R&D,Lyon,Stage,2016-10-04,8.2,900,2525,Non,100
2463,Petit,Emma,M,1994-08-15,emma.petit@datascope.fr,Logistique,Grenoble,CDI,2016-07-25,8.4,2487.0,,Oui,50
2499,Richard,Lucas,M,1971-08-10,lucas.richard@datascope.fr,Informatique,Lyon,CDD,2023-03-11,1.8,2020.0,1195,Non,100
2931,Moreau,Lucas,M,1971-10-29,lucas.moreau@datascope.fr,R&D,Toulouse,CDI,2015-07-23,9.4,2945.0,,Oui,100
1089,Durand,Romain,F,1981-05-02,romain.durand@datascope.fr,Informatique,Nantes,Stage,2023-09-14,1.3,900,1100,Non,80
1088,Lefebvre,Théo,F,1972-01-16,théo.lefebvre@datascope.fr,Opérations,Toulouse,CDI,2024-10-17,0.2,1886.0,,Non,80
3334,Lefebvre,Alice,F,2015-01-12,alice.lefebvredatascope.fr,Management,Paris,CDI,2024-10-01,0.2,0,1100,Non,100
3005,Martin,Louis,F,1969-12-13,louis.martin@datascope.fr,Informatique,Lyon,CDI,2021-11-17,3.1,2517.0,3378,Non,100
2885,Martin,Nicolas,F,1973-04-16,nicolas.martin@datascope.fr,R&D,Paris,CDI,2022-07-09,2.5,2928.0,,Non,50
3284,Robert,Pierre,F,2013-08-06,pierre.robertdatascope.fr,R&D,Nice,CDI,2017-08-28,7.3,0,1747,Non,100
1958,Martin,Nicolas,M,1976-11-12,nicolas.martin@datascope.fr,Marketing,Grenoble,CDI,2020-12-20,4.0,2957.0,2245,Non,100
2555,Thomas,Marie,F,1993-08-16,marie.thomas@datascope.fr,Finance,Toulouse,CDD,2018-05-21,6.6,1924.0,1307,Oui,100
2805,Leroy,Inès,M,1986-08-08,inès.leroy@datascope.fr,Opérations,Grenoble,CDD,2022-09-29,2.3,3251.0,2630,Non,100
1205,Garcia,Sophie,M,1991-05-10,sophie.garcia@datascope.fr,RH,Bordeaux,CDI,2019-08-03,5.4,3213.0,,Non,50
2514,Lefebvre,Alice,F,1977-08-31,alice.lefebvre@datascope.fr,R&D,Marseille,CDD,2016-10-14,8.2,2836.0,,Oui,100
2271,Moreau,Chloé,M,1968-01-27,chloé.moreau@datascope.fr,Juridique,Paris,Alternance,2017-01-17,8.0,1249.0,1801,Oui,100
1729,Fournier,Romain,F,1971-09-07,romain.fournier@datascope.fr,Opérations,Lille,CDD,2024-09-18,0.3,2364.0,1335,Non,50
1313,Simon,Alice,M,1990-04-01,alice.simon@datascope.fr,Juridique,Toulouse,CDI,2015-05-14,9.6,3138.0,,Non,50
2384,Martin,Alice,M,1996-05-17,alice.martin@datascope.fr,Opérations,Bordeaux,CDD,2019-07-27,5.4,3873.0,3284,Non,80
2683,Martin,Marie,NB,1984-05-15,marie.martin@datascope.fr,Informatique,Bordeaux,CDD,2017-01-08,8.0,1986.0,1100,Non,100
3258,Robert,Sarah,M,1995-09-21,sarah.robert@datascope.fr,Opérations,Paris,CDI,2024-11-02,0.2,2024.0,,Non,100
3387,Roux,Lucas,M,1984-12-06,lucas.roux@datascope.fr,Commercial,Toulouse,CDI,2019-04-07,5.7,3507.0,1880,Non,100
1022,David,Sarah,M,1968-09-29,sarah.david@datascope.fr,Finance,Bordeaux,CDI,2023-02-28,1.8,2669.0,1127,Non,100
1087,Moreau,Théo,F,1978-01-07,théo.moreau@datascope.fr,Juridique,Nice,CDI,2018-01-04,7.0,2569.0,3028,Non,100
1801,Bertrand,Emma,F,2014-08-12,emma.bertrand@datascope.fr,Operations,Toulouse,CDI,2015-02-18,9.9,0,1136,Non,50
2643,Garcia,Antoine,M,1994-11-09,antoine.garcia@datascope.fr,Finance,Lyon,CDI,2018-05-31,6.6,2433.0,3284,Non,80
2194,Moreau,Antoine,F,1978-08-12,antoine.moreau@datascope.fr,Juridique,Toulouse,CDD,2024-07-23,0.4,2779.0,1519,Non,100
1755,Michel,Paul,M,1967-12-04,paul.michel@datascope.fr,RH,Grenoble,CDD,2019-06-17,5.5,2335.0,3004,Non,100
3194,Simon,Thomas,F,2000-09-25,thomas.simon@datascope.fr,R&D,Toulouse,CDI,2023-07-22,1.4,2926.0,1194,Non,100
2407,Thomas,Alice,F,1989-03-23,alice.thomas@datascope.fr,Informatique,Nice,Stage,2020-11-12,4.1,900,2607,Oui,100
2738,Bertrand,Romain,M,1988-02-08,romain.bertrand@datascope.fr,Logistique,Grenoble,CDD,2022-10-11,2.2,1501.0,2607,Non,100
2085,Bertrand,Hugo,M,1996-02-21,hugo.bertrand@datascope.fr,Juridique,Lyon,CDD,2015-07-21,9.4,3407.0,2515,Non,100
1622,Robert,Alice,F,1998-02-07,alice.robert@datascope.fr,R&D,Lille,Alternance,2015-03-16,9.8,1015.0,1957,Non,100
2476,Bernard,Sarah,F,1988-01-13,sarah.bernard@datascope.fr,Finance,Paris,CDI,2021-08-26,3.3,3128.0,3004,Non,100
2604,Roux,Romain,F,1999-07-29,romain.roux@datascope.fr,Commercial,Bordeaux,Alternance,2022-07-07,2.5,936.0,1875,Non,100
3165,Laurent,Alice,F,1994-01-30,alice.laurent@datascope.fr,Finance,Marseille,CDI,2018-08-11,6.4,4254.0,3378,Non,100
2720,Thomas,Théo,M,1984-08-10,théo.thomas@datascope.fr,Marketing,Bordeaux,CDI,2018-08-29,6.3,2863.0,1247,Non,80
3280,Thomas,Julie,M,1990-04-16,julie.thomas@datascope.fr,Informatique,Nantes,CDI,2019-03-28,5.8,1979.0,3004,Non,80
1661,Robert,Pierre,M,1990-01-05,pierre.robert@datascope.fr,Direction,Marseille,CDD,2020-02-05,4.9,2452.0,,Non,80
2259,Leroy,Alice,M,1995-05-13,alice.leroy@datascope.fr,Opérations,Strasbourg,CDI,2020-11-25,4.1,2066.0,2245,Oui,100
3050,Dubois,Hugo,M,1989-03-03,hugo.dubois@datascope.fr,Juridique,Strasbourg,Alternance,2020-07-08,4.5,1050.0,,Non,100
2932,Roux,Julie,F,1988-12-13,julie.roux@datascope.fr,Direction,Nantes,CDI,2021-09-23,3.3,2189.0,3284,Oui,100
2092,Dubois,Pierre,F,1983-12-24,pierre.dubois@datascope.fr,Opérations,Grenoble,CDI,2021-08-14,3.4,2843.0,1335,Oui,100
1042,Michel,Camille,M,1974-08-08,camille.michel@datascope.fr,Juridique,Marseille,CDI,2015-02-03,9.9,2729.0,1179,Non,100
1382,Petit,Paul,F,1971-10-23,paul.petit@datascope.fr,Marketing,Nice,CDI,2020-03-07,4.8,2979.0,1092,Oui,100
1045,Leroy,Thomas,M,1978-02-25,thomas.leroy@datascope.fr,Juridique,Marseille,Stage,2016-08-03,8.4,900,1747,Non,50
2978,Lefebvre,Sophie,F,1993-12-07,sophie.lefebvre@datascope.fr,RH,Marseille,CDI,2021-03-08,3.8,2989.0,1875,Non,100
1867,Petit,Paul,M,1978-03-22,paul.petit@datascope.fr,Commercial,Strasbourg,CDI,2021-02-01,3.9,2290.0,,Non,100
1814,Robert,Marie,F,1969-10-10,marie.robert@datascope.fr,Marketing,Bordeaux,CDD,2017-07-13,7.5,2436.0,1179,Non,80
3378,Petit,Paul,F,2013-11-19,paul.petitdatascope.fr,Sales,Bordeaux,CDI,2019-12-17,-1.7,0,3028,Non,100
1505,Martin,Marie,M,2000-07-24,marie.martin@datascope.fr,R&D,Lyon,CDI,2021-01-23,3.9,2289.0,3334,Non,80
2458,Michel,Théo,F,1974-09-03,théo.michel@datascope.fr,Commercial,Grenoble,CDI,2015-10-31,9.2,1312.0,1196,Non,50
1518,Richard,Théo,F,1996-08-02,théo.richard@datascope.fr,Commercial,Lyon,CDI,2019-12-29,5.0,2703.0,1801,Non,100
1942,Bertrand,Théo,NB,1977-06-16,théo.bertrand@datascope.fr,R&D,Bordeaux,CDD,2021-06-14,3.5,2302.0,,Non,100
1173,Roux,Paul,M,1983-10-20,paul.roux@datascope.fr,Logistique,Marseille,CDI,2020-05-26,4.6,2182.0,2245,Non,100
2380,Dubois,Camille,M,1999-05-29,camille.dubois@datascope.fr,R&D,Strasbourg,CDD,2019-07-10,5.5,3105.0,,Non,100
3043,Michel,Julie,F,1967-09-16,julie.michel@datascope.fr,Finance,Paris,CDI,2022-11-24,2.1,3430.0,1136,Oui,100
2768,Laurent,Antoine,F,1972-12-28,antoine.laurent@datascope.fr,R&D,Nantes,CDI,2023-08-12,1.4,1320.0,3004,Non,50
2312,Laurent,Hugo,F,1977-06-26,hugo.laurent@datascope.fr,Juridique,Paris,CDI,2023-10-23,1.2,2245.0,1845,Non,50
2882,Robert,Hugo,F,1978-08-25,hugo.robert@datascope.fr,Commercial,Nice,Alternance,2015-07-12,9.5,1220.0,3378,Non,100
2644,Leroy,Paul,F,1994-09-27,paul.leroy@datascope.fr,Finance,Grenoble,CDI,2021-05-25,3.6,3210.0,1127,Oui,100
2303,Garcia,Marie,M,1991-05-06,marie.garcia@datascope.fr,Juridique,Nantes,Interim,2016-11-29,8.1,2695.0,1335,Oui,80
2065,Thomas,Camille,F,1999-05-12,camille.thomas@datascope.fr,Opérations,Nantes,CDI,2016-11-30,8.1,3039.0,2122,Non,100
1465,Robert,Sophie,F,1973-12-27,sophie.robert@datascope.fr,Marketing,Bordeaux,CDI,2023-08-20,1.4,3493.0,2515,Non,100
2003,Fournier,Nicolas,M,1968-06-29,nicolas.fournier@datascope.fr,R&D,Lyon,Alternance,2020-02-28,4.8,1736.0,2619,Non,80
1176,Simon,Pierre,F,1980-08-22,pierre.simon@datascope.fr,R&D,Toulouse,CDD,2018-02-27,6.8,1851.0,1136,Non,100
3339,Moreau,Chloé,M,1982-04-03,chloé.moreau@datascope.fr,Informatique,Marseille,CDI,2024-06-16,0.5,3992.0,,Non,100
1316,Bernard,Emma,F,1992-06-13,emma.bernard@datascope.fr,Finance,Paris,CDI,2018-10-03,6.2,3381.0,2967,Non,100
3301,Bertrand,Romain,F,2000-10-09,romain.bertrand@datascope.fr,Marketing,Grenoble,CDI,2017-05-30,7.6,2341.0,1641,Non,100
3101,Lefebvre,Antoine,M,1989-04-16,antoine.lefebvre@datascope.fr,Informatique,Marseille,CDI,2024-07-20,0.4,3904.0,1127,Non,80
1634,Bernard,Sophie,F,1965-01-11,sophie.bernard@datascope.fr,Logistique,Toulouse,CDI,2024-05-09,0.6,1218.0,1880,Non,50
2836,Michel,Thomas,M,1969-05-25,thomas.michel@datascope.fr,Finance,Paris,Alternance,2016-08-23,8.4,900,,Oui,100
2164,Fournier,Chloé,F,1999-05-21,chloé.fournier@datascope.fr,Opérations,Toulouse,CDI,2020-03-21,4.8,1130.0,1335,Non,100
3367,Bernard,Nicolas,NB,1973-05-17,nicolas.bernard@datascope.fr,Logistique,Nantes,Stage,2024-12-20,0.0,900,1196,Non,100
2487,Michel,Marie,F,1966-03-27,marie.michel@datascope.fr,Opérations,Nice,Alternance,2023-06-13,1.6,1166.0,2607,Non,100
1123,Richard,Sarah,M,1983-03-15,sarah.richard@datascope.fr,Commercial,Lyon,CDD,2022-08-21,2.4,2124.0,3142,Oui,100
2195,Lefebvre,Thomas,NB,2000-11-04,thomas.lefebvre@datascope.fr,Commercial,Nice,Interim,2022-05-28,2.6,3249.0,3142,Non,100
2500,Roux,Hugo,F,1980-06-22,hugo.roux@datascope.fr,Opérations,Toulouse,CDI,2019-03-21,5.8,3155.0,1307,Non,100
1230,Moreau,Antoine,F,1985-09-28,antoine.moreau@datascope.fr,RH,Strasbourg,Stage,2020-02-07,4.9,900,2525,Non,100
2328,Richard,Julie,NB,1979-12-18,julie.richard@datascope.fr,Finance,Bordeaux,CDI,2022-05-05,2.7,2432.0,2461,Oui,80
1809,Vincent,Théo,NB,1971-07-05,théo.vincent@datascope.fr,Juridique,Marseille,Stage,2021-09-18,3.3,900,2515,Oui,100
2835,Bernard,Marie,M,2011-08-15,marie.bernarddatascope.fr,Finance,Nice,Alternance,2024-01-14,1.0,0,3284,Non,50
1423,Thomas,Hugo,F,2013-04-25,hugo.thomas@datascope.fr,Marketing,Marseille,Interim,2019-08-31,5.3,,3334,Oui,100
1183,Moreau,Nicolas,M,1965-10-12,nicolas.moreau@datascope.fr,RH,Nantes,CDI,2020-05-18,4.6,1936.0,,Oui,50
1376,Simon,Chloé,F,1965-10-15,chloé.simon@datascope.fr,RH,Grenoble,CDI,2024-06-24,0.5,2745.0,2461,Non,100
3207,Bernard,Louis,M,1996-03-29,louis.bernard@datascope.fr,Opérations,Grenoble,CDI,2021-08-08,3.4,2620.0,2122,Non,100
1830,Durand,Emma,F,1987-08-02,emma.durand@datascope.fr,Direction,Lyon,CDI,2021-08-03,3.4,3665.0,1005,Non,100
3299,Vincent,Camille,F,1979-08-17,camille.vincent@datascope.fr,RH,Strasbourg,CDD,2021-04-13,3.7,1895.0,2421,Oui,50
1856,Laurent,Nicolas,M,1973-12-17,nicolas.laurent@datascope.fr,R&D,Paris,CDI,2021-05-12,3.6,1131.0,2619,Non,100
2866,Garcia,Julie,F,1993-02-19,julie.garcia@datascope.fr,Commercial,Lille,CDD,2020-03-01,4.8,2980.0,2967,Non,100
1570,Petit,Théo,M,1971-06-19,théo.petit@datascope.fr,Informatique,Strasbourg,CDI,2018-11-03,6.2,3033.0,3378,Non,100
3143,Laurent,Chloé,F,1989-03-18,chloé.laurent@datascope.fr,Commercial,Lille,CDI,2020-04-17,4.7,1338.0,3016,Non,100
1377,Leroy,Sarah,M,1986-06-23,sarah.leroy@datascope.fr,Logistique,Lyon,CDI,2019-06-20,5.5,3839.0,2607,Oui,50
2014,David,Théo,F,1987-07-27,théo.david@datascope.fr,Finance,Lyon,CDI,2018-06-18,6.5,2561.0,1179,Oui,80
2829,Simon,Sarah,M,1991-09-08,sarah.simon@datascope.fr,Logistique,Nice,CDI,2019-04-12,5.7,2495.0,1413,Non,100
1318,Laurent,Emma,M,1995-06-28,emma.laurent@datascope.fr,Marketing,Nantes,CDI,2021-06-20,3.5,3063.0,,Non,50
2694,Robert,Camille,M,1989-04-14,camille.robert@datascope.fr,Informatique,Toulouse,CDI,2022-09-02,2.3,3314.0,2630,Non,80
1839,Robert,Julie,M,1985-10-06,julie.robert@datascope.fr,Marketing,Marseille,CDI,2017-05-12,7.6,4120.0,1201,Non,100
2059,Leroy,Sophie,NB,1976-08-05,sophie.leroy@datascope.fr,Finance,Lille,Alternance,2018-02-03,6.9,901.0,2630,Non,100
2850,Vincent,Théo,NB,1991-11-30,théo.vincent@datascope.fr,R&D,Nantes,CDD,2016-12-10,8.1,1595.0,2421,Oui,100
3361,Fournier,Antoine,M,1986-09-29,antoine.fournier@datascope.fr,RH,Marseille,CDI,2018-04-08,6.7,2365.0,1307,Non,50
2250,Martin,Sophie,F,1985-07-26,sophie.martin@datascope.fr,Informatique,Paris,CDI,2015-10-06,9.2,2211.0,1519,Non,100
1950,Bernard,Camille,M,1994-12-30,camille.bernard@datascope.fr,Finance,Marseille,CDI,2016-01-30,8.9,3308.0,1561,Oui,50
1159,Petit,Sophie,F,1993-10-01,sophie.petit@datascope.fr,Informatique,Grenoble,CDI,2016-01-16,9.0,2871.0,1641,Non,100
2141,Thomas,Théo,M,1987-02-24,théo.thomas@datascope.fr,Commercial,Lille,CDI,2018-11-26,6.1,3200.0,1401,Non,80
3351,Simon,Hugo,M,1968-05-13,hugo.simon@datascope.fr,Informatique,Strasbourg,Stage,2021-02-18,3.9,900,1201,Non,80
2054,Bertrand,Sophie,F,1970-06-23,sophie.bertrand@datascope.fr,Opérations,Grenoble,CDI,2022-10-22,2.2,3930.0,2645,Non,80
2687,Moreau,Léa,F,1978-05-07,léa.moreau@datascope.fr,Juridique,Lille,CDI,2016-02-16,8.9,3726.0,,Non,100
1209,Michel,Sophie,NB,1990-12-15,sophie.michel@datascope.fr,Informatique,Nantes,CDI,2016-06-14,8.5,4040.0,3334,Non,100
1969,Roux,Inès,M,1972-10-09,inès.roux@datascope.fr,Finance,Nice,CDD,2023-07-13,1.5,2626.0,1747,Non,100
3020,Moreau,Nicolas,M,1981-08-31,nicolas.moreau@datascope.fr,Logistique,Toulouse,CDI,2018-06-02,6.6,3547.0,1880,Non,50
1291,Petit,Paul,M,1969-10-30,paul.petit@datascope.fr,R&D,Nantes,CDD,2020-03-02,4.8,3205.0,1569,Non,80
2796,Richard,Théo,M,1976-08-28,théo.richard@datascope.fr,Marketing,Bordeaux,CDI,2020-05-14,4.6,3367.0,1818,Non,50
1670,Lefebvre,Nicolas,NB,1988-03-31,nicolas.lefebvre@datascope.fr,Marketing,Lyon,CDI,2022-12-29,2.0,3143.0,,Non,100
2868,Simon,Lucas,NB,1996-07-09,lucas.simon@datascope.fr,Direction,Lille,CDD,2022-07-26,2.4,3722.0,1179,Non,50
2111,Vincent,Théo,F,1973-09-19,théo.vincent@datascope.fr,Informatique,Lyon,CDI,2016-04-14,8.7,3895.0,1957,Oui,100
1906,Michel,Chloé,M,1985-01-30,chloé.michel@datascope.fr,Informatique,Lille,CDI,2015-02-12,9.9,2399.0,,Non,100
2979,Dubois,Lucas,NB,1989-02-08,lucas.dubois@datascope.fr,Commercial,Toulouse,CDI,2017-05-07,7.7,2130.0,,Oui,100
1246,Bertrand,Sarah,F,1998-10-14,sarah.bertrand@datascope.fr,R&D,Lille,Alternance,2023-05-10,1.6,1117.0,3118,Non,100
2377,Simon,Nicolas,NB,1986-07-05,nicolas.simon@datascope.fr,Opérations,Bordeaux,CDI,2015-10-05,9.2,3057.0,1179,Non,100
3388,Lefebvre,Pierre,F,1966-01-24,pierre.lefebvre@datascope.fr,R&D,Lyon,CDD,2019-12-02,5.1,1441.0,1194,Non,100
2674,Thomas,Léa,F,1973-12-20,léa.thomas@datascope.fr,RH,Lyon,CDD,2019-04-11,5.7,2504.0,1880,Oui,100
2369,Richard,Paul,F,1975-05-10,paul.richard@datascope.fr,Commercial,Bordeaux,CDI,2023-03-29,1.8,1755.0,,Non,100
1534,Garcia,Sarah,M,1995-08-22,sarah.garcia@datascope.fr,Opérations,Lyon,Alternance,2018-11-10,6.1,900,1401,Non,100
1652,Robert,Inès,M,1993-07-17,inès.robert@datascope.fr,Informatique,Strasbourg,Alternance,2016-01-02,9.0,1219.0,2245,Non,100
2919,Richard,Alice,F,1983-03-05,alice.richard@datascope.fr,Opérations,Lyon,CDI,2024-04-11,0.7,3745.0,1818,Oui,100
1407,Durand,Paul,NB,1968-01-19,paul.durand@datascope.fr,Informatique,Marseille,Stage,2023-01-16,2.0,900,2835,Oui,100
2297,Roux,Julie,M,1977-05-14,julie.roux@datascope.fr,Direction,Lyon,CDI,2021-03-17,3.8,2425.0,1335,Non,100
2524,Bernard,Emma,F,1982-02-24,emma.bernard@datascope.fr,RH,Lille,CDI,2024-07-22,0.4,3987.0,2630,Non,80
1512,Moreau,Inès,M,1975-05-10,inès.moreau@datascope.fr,Finance,Bordeaux,CDD,2023-06-24,1.5,2177.0,1801,Non,100
1113,Petit,Sophie,F,1977-10-15,sophie.petit@datascope.fr,Logistique,Bordeaux,CDD,2015-04-23,9.7,2129.0,1092,Non,100
2854,Bernard,Nicolas,F,1980-08-21,nicolas.bernard@datascope.fr,Logistique,Lille,CDD,2020-09-18,4.3,2184.0,1948,Non,100
2498,Bertrand,Alice,M,1981-10-14,alice.bertrand@datascope.fr,Commercial,Nantes,Alternance,2021-11-19,3.1,1095.0,,Non,100
2612,Bernard,Pierre,F,1969-12-19,pierre.bernard@datascope.fr,Marketing,Marseille,Stage,2017-02-15,7.9,900,1948,Non,100
2710,Dubois,Antoine,M,1973-12-21,antoine.dubois@datascope.fr,RH,Grenoble,CDI,2019-03-19,5.8,3113.0,2967,Oui,100
3259,Durand,Alice,F,1981-02-27,alice.durand@datascope.fr,Logistique,Lille,CDD,2024-09-10,0.3,2789.0,1194,Non,100
3197,Lefebvre,Sarah,M,1979-08-21,sarah.lefebvre@datascope.fr,Direction,Strasbourg,CDI,2024-07-18,0.5,3322.0,1401,Non,100
3142,Bernard,Nicolas,M,2010-11-18,nicolas.bernard@datascope.fr,Management,Paris,CDD,2020-08-13,4.4,0,3118,Non,50
2106,Leroy,Inès,M,1966-12-27,inès.leroy@datascope.fr,Juridique,Paris,CDI,2016-09-28,8.3,2934.0,3284,Non,100
2718,Fournier,Théo,F,1991-12-03,théo.fournier@datascope.fr,Logistique,Lyon,CDI,2023-06-24,1.5,2239.0,1196,Non,100
2167,Thomas,Thomas,M,1968-01-19,thomas.thomas@datascope.fr,Juridique,Nice,CDI,2015-02-18,9.9,2225.0,,Oui,100
2416,Fournier,Emma,M,1974-04-12,emma.fournier@datascope.fr,Finance,Lyon,CDD,2021-03-11,3.8,2933.0,2421,Non,100
3264,Simon,Paul,F,1984-08-25,paul.simon@datascope.fr,R&D,Strasbourg,CDD,2016-11-30,8.1,1261.0,2630,Non,50
1647,Martin,Julie,M,1966-11-14,julie.martin@datascope.fr,Finance,Nantes,CDI,2023-01-25,1.9,3265.0,2421,Non,100
3055,Petit,Chloé,F,1991-05-30,chloé.petit@datascope.fr,Logistique,Bordeaux,CDI,2021-11-10,3.1,2222.0,2421,Oui,100
2883,Roux,Louis,F,1985-06-24,louis.roux@datascope.fr,Marketing,Grenoble,Interim,2018-09-30,6.3,2249.0,2597,Non,100
3366,Roux,Lucas,F,1969-11-28,lucas.roux@datascope.fr,Marketing,Nantes,CDI,2020-11-03,4.2,2577.0,,Oui,80
3265,Garcia,Inès,M,1970-06-18,inès.garcia@datascope.fr,Direction,Grenoble,Alternance,2022-08-17,2.4,1057.0,1569,Non,100
1179,Thomas,Camille,M,2010-03-04,camille.thomasdatascope.fr,Finance,Grenoble,Alternance,2017-05-17,7.6,0,1401,Non,100
2869,Leroy,Sophie,M,2000-10-17,sophie.leroy@datascope.fr,Informatique,Grenoble,Stage,2022-05-05,2.7,900,1801,Non,100
1073,Thomas,Thomas,F,1974-06-16,thomas.thomas@datascope.fr,Juridique,Bordeaux,CDI,2022-07-08,2.5,2467.0,1401,Oui,100
3036,Durand,Pierre,M,1981-08-13,pierre.durand@datascope.fr,Opérations,Grenoble,Interim,2016-04-29,8.7,2349.0,1413,Oui,50
2144,Michel,Louis,M,1991-09-08,louis.michel@datascope.fr,Opérations,Lille,CDI,2016-10-28,8.2,3148.0,1100,Oui,100
2470,Dubois,Chloé,F,1994-07-07,chloé.dubois@datascope.fr,Commercial,Marseille,CDI,2019-11-24,5.1,2188.0,3284,Oui,100
3044,Richard,Julie,M,1987-12-28,julie.richard@datascope.fr,Direction,Bordeaux,CDI,2022-07-15,2.5,2657.0,,Non,100
1074,David,Lucas,M,1991-05-23,lucas.david@datascope.fr,Commercial,Lyon,CDI,2015-01-17,10.0,2085.0,1561,Oui,50
1436,Thomas,Pierre,F,1970-10-02,pierre.thomas@datascope.fr,Logistique,Lyon,CDI,2015-01-11,10.0,3163.0,1948,Non,100
2127,Richard,Hugo,F,1975-09-01,hugo.richard@datascope.fr,R&D,Toulouse,CDI,2022-10-09,2.2,2499.0,1201,Oui,100
2007,Dubois,Emma,F,1985-05-02,emma.dubois@datascope.fr,Marketing,Grenoble,Alternance,2020-06-19,4.5,1223.0,,Oui,80
1322,Thomas,Léa,M,1978-09-16,léa.thomas@datascope.fr,Finance,Nice,CDI,2015-02-18,9.9,3450.0,,Oui,80
1785,Durand,Thomas,F,1988-06-17,thomas.durand@datascope.fr,RH,Lille,Stage,2016-05-12,8.6,900,2525,Non,50
1568,Michel,Pierre,F,1967-07-26,pierre.michel@datascope.fr,RH,Toulouse,CDI,2016-11-10,8.1,2203.0,,Non,100
2812,Roux,Léa,M,1988-02-26,léa.roux@datascope.fr,Informatique,Nantes,Alternance,2021-06-20,3.5,1393.0,3004,Oui,100
1810,Roux,Romain,M,1993-02-03,romain.roux@datascope.fr,Direction,Bordeaux,Stage,2022-02-11,2.9,900,1196,Non,100
1973,David,Hugo,M,1973-09-17,hugo.david@datascope.fr,Commercial,Toulouse,Interim,2017-01-28,7.9,1744.0,2607,Non,50
2175,Thomas,Hugo,M,1970-10-28,hugo.thomas@datascope.fr,R&D,Lille,CDI,2024-01-13,1.0,3268.0,1801,Non,100
2300,Fournier,Chloé,F,1980-06-27,chloé.fournier@datascope.fr,R&D,Nantes,CDI,2016-02-02,8.9,3330.0,2067,Non,50
2903,Thomas,Lucas,M,1970-03-02,lucas.thomas@datascope.fr,Opérations,Lille,CDD,2021-10-17,3.2,2520.0,2461,Non,100
2990,Lefebvre,Marie,M,2000-02-24,marie.lefebvre@datascope.fr,Juridique,Marseille,CDI,2022-05-06,2.7,1409.0,,Non,100
3002,Robert,Inès,M,1981-01-07,inès.robert@datascope.fr,Commercial,Bordeaux,Alternance,2023-02-21,1.9,1005.0,3142,Non,100
1637,Leroy,Inès,NB,1966-02-10,inès.leroy@datascope.fr,Marketing,Lille,CDI,2023-07-03,1.5,2829.0,1127,Oui,100
1778,Michel,Camille,NB,1993-04-05,camille.michel@datascope.fr,Marketing,Lille,CDD,2016-10-17,8.2,3093.0,2630,Non,100
1028,Vincent,Antoine,M,2000-04-17,antoine.vincent@datascope.fr,Juridique,Grenoble,CDI,2017-04-22,7.7,2693.0,,Non,50
2830,Roux,Lucas,F,1965-04-02,lucas.roux@datascope.fr,Direction,Grenoble,CDI,2018-07-01,6.5,2660.0,2967,Non,80
2818,Bertrand,Hugo,M,1968-10-01,hugo.bertrand@datascope.fr,Juridique,Bordeaux,CDI,2018-06-23,6.5,,1880,Non,100
2340,Richard,Inès,F,1989-07-25,inès.richard@datascope.fr,R&D,Strasbourg,CDI,2017-01-09,8.0,3521.0,1100,Oui,100
3240,Michel,Inès,M,1980-08-29,inès.michel@datascope.fr,Commercial,Lyon,CDD,2017-03-01,7.8,2972.0,,Non,80
2579,Vincent,Julie,F,1969-05-14,julie.vincent@datascope.fr,Finance,Lyon,CDD,2016-06-20,8.5,900,1194,Non,80
1857,Petit,Pierre,M,1977-05-27,pierre.petit@datascope.fr,RH,Marseille,CDI,2022-03-08,2.8,2544.0,2525,Non,50
2166,Fournier,Julie,M,2000-10-11,julie.fournier@datascope.fr,Juridique,Nantes,CDI,2015-05-22,9.6,2602.0,,Non,100
2450,Thomas,Chloé,F,1982-11-10,chloé.thomas@datascope.fr,Logistique,Bordeaux,CDI,2023-04-02,1.7,3650.0,1401,Non,100
1001,Robert,Inès,M,1978-04-27,inès.robert@datascope.fr,Juridique,Strasbourg,CDI,2020-07-19,4.5,2288.0,,Oui,100
2727,Martin,Chloé,M,1971-05-08,chloé.martin@datascope.fr,Marketing,Bordeaux,CDD,2023-07-07,1.5,1428.0,1100,Non,100
1905,Martin,Camille,M,1968-03-09,camille.martin@datascope.fr,RH,Paris,CDI,2019-03-14,5.8,4139.0,1092,Non,80
1286,Leroy,Paul,F,1990-02-22,paul.leroy@datascope.fr,Logistique,Paris,CDD,2019-12-14,5.0,3306.0,2245,Non,100
2561,Martin,Nicolas,M,1983-05-13,nicolas.martin@datascope.fr,Finance,Grenoble,CDI,2020-02-23,4.9,3605.0,,Non,100
3128,Durand,Sarah,M,1987-07-05,sarah.durand@datascope.fr,RH,Paris,CDI,2020-10-01,4.2,2530.0,,Non,100
2881,Dubois,Léa,F,1989-06-21,léa.dubois@datascope.fr,RH,Lille,CDI,2023-12-10,1.1,2691.0,2515,Non,100
2637,David,Paul,NB,1999-02-26,paul.david@datascope.fr,Direction,Nantes,CDD,2017-12-24,7.0,2526.0,3334,Non,100
2700,Richard,Camille,M,1971-10-23,camille.richard@datascope.fr,Direction,Paris,CDI,2016-04-18,8.7,1791.0,1401,Oui,80
2921,Bertrand,Sophie,M,1992-10-02,sophie.bertrand@datascope.fr,RH,Bordeaux,CDD,2021-01-28,3.9,2225.0,1179,Non,100
2391,Bertrand,Lucas,M,1966-08-22,lucas.bertrand@datascope.fr,Commercial,Toulouse,CDD,2019-08-18,5.4,2197.0,1201,Non,100
3323,Richard,Emma,M,1992-09-27,emma.richard@datascope.fr,Informatique,Lyon,CDI,2015-07-07,9.5,2847.0,1641,Oui,50
1530,Dubois,Antoine,F,1973-06-27,antoine.dubois@datascope.fr,Logistique,Paris,CDD,2017-11-28,7.1,2198.0,2421,Non,100
2957,Richard,Louis,M,1996-03-27,louis.richard@datascope.fr,Logistique,Grenoble,CDI,2019-02-24,5.9,3812.0,1307,Non,100
2808,Garcia,Sophie,M,1984-02-18,sophie.garcia@datascope.fr,Commercial,Strasbourg,CDI,2019-05-25,5.6,3207.0,3334,Non,100
2371,Durand,Inès,M,1985-02-15,inès.durand@datascope.fr,Juridique,Marseille,CDD,2016-11-21,8.1,2471.0,,Non,50
2478,Lefebvre,Alice,M,1981-08-26,alice.lefebvre@datascope.fr,Direction,Toulouse,CDI,2021-06-16,3.5,3964.0,1875,Non,100
1680,Richard,Louis,NB,1998-10-17,louis.richard@datascope.fr,Direction,Lyon,CDD,2020-01-27,4.9,2683.0,2122,Non,100
1737,Vincent,Louis,M,1993-06-02,louis.vincent@datascope.fr,Direction,Paris,CDI,2017-08-15,7.4,2916.0,1957,Non,100
1172,Moreau,Emma,M,1978-04-04,emma.moreau@datascope.fr,RH,Paris,CDI,2016-10-04,8.2,1736.0,2421,Non,100
2947,Michel,Julie,M,1977-06-25,julie.michel@datascope.fr,Direction,Lille,CDI,2018-08-20,6.4,2808.0,2597,Non,80
2635,Durand,Pierre,M,1977-12-02,pierre.durand@datascope.fr,Direction,Nice,CDD,2016-12-20,8.0,2958.0,,Non,100
1903,Durand,Julie,F,1980-02-02,julie.durand@datascope.fr,Logistique,Paris,CDI,2018-03-22,6.8,1606.0,,Non,100
2145,Garcia,Louis,M,1981-10-30,louis.garcia@datascope.fr,Finance,Nantes,CDI,2015-12-04,9.1,2966.0,1195,Oui,80
1732,Laurent,Camille,F,1986-06-29,camille.laurent@datascope.fr,Logistique,Paris,Stage,2018-05-23,6.6,900,1790,Non,100
2666,Laurent,Paul,F,1995-06-26,paul.laurent@datascope.fr,RH,Bordeaux,CDD,2017-01-09,8.0,3254.0,1845,Non,100
2429,Roux,Emma,F,1983-12-03,emma.roux@datascope.fr,Commercial,Nice,CDI,2024-05-29,0.6,2508.0,1179,Non,100
1054,Moreau,Lucas,F,1992-04-10,lucas.moreau@datascope.fr,Logistique,Strasbourg,Alternance,2015-02-20,9.9,900,1195,Non,80
1500,Thomas,Chloé,M,1987-11-18,chloé.thomas@datascope.fr,Direction,Nantes,Alternance,2021-02-17,3.9,1099.0,2597,Oui,80
3267,Fournier,Alice,F,1987-05-25,alice.fournier@datascope.fr,Informatique,Strasbourg,CDD,2018-12-28,6.0,2947.0,1880,Non,50
2291,Garcia,Lucas,F,1989-06-06,lucas.garcia@datascope.fr,Commercial,Grenoble,CDI,2023-01-24,1.9,2336.0,1335,Oui,100
2110,Vincent,Sarah,F,1985-05-19,sarah.vincent@datascope.fr,Direction,Nice,Alternance,2021-03-19,3.8,1111.0,1196,Oui,100
2730,Bernard,Camille,M,1995-11-09,camille.bernard@datascope.fr,R&D,Paris,CDI,2017-11-29,7.1,2757.0,3334,Non,80
1497,Leroy,Chloé,M,1986-06-17,chloé.leroy@datascope.fr,Direction,Marseille,Alternance,2024-10-17,0.2,928.0,1247,Non,100
1869,Laurent,Inès,F,1977-02-04,inès.laurent@datascope.fr,RH,Lyon,CDI,2015-09-03,9.3,3286.0,3334,Non,80
2162,Richard,Marie,F,1995-05-24,marie.richard@datascope.fr,R&D,Marseille,Stage,2021-12-15,3.0,900,1790,Non,100
1521,Fournier,Théo,F,1977-11-07,théo.fournier@datascope.fr,Finance,Nantes,CDI,2017-09-23,7.3,2477.0,3378,Non,100
1264,Bernard,Romain,F,1978-10-29,romain.bernard@datascope.fr,Informatique,Lyon,CDI,2015-03-28,9.8,2841.0,1100,Non,100
1071,Durand,Sarah,F,1966-04-28,sarah.durand@datascope.fr,Logistique,Marseille,Alternance,2021-03-23,3.8,1148.0,1335,Non,100
3069,Leroy,Julie,F,1998-02-22,julie.leroy@datascope.fr,Direction,Marseille,CDD,2018-11-08,6.1,3111.0,,Non,50
2179,Fournier,Camille,M,1976-04-13,camille.fournier@datascope.fr,Logistique,Nice,CDI,2021-10-26,3.2,2921.0,1569,Non,100
1853,Bernard,Marie,M,1991-05-12,marie.bernard@datascope.fr,R&D,Toulouse,Stage,2015-11-01,9.2,900,1561,Non,100
2270,Petit,Pierre,M,1997-06-28,pierre.petit@datascope.fr,Finance,Marseille,CDD,2017-10-07,7.2,2574.0,1845,Non,100
1551,Leroy,Léa,F,1967-10-01,léa.leroy@datascope.fr,Commercial,Bordeaux,CDI,2018-02-28,6.8,2146.0,,Oui,80
2698,Garcia,Sarah,M,1987-09-30,sarah.garcia@datascope.fr,Finance,Nice,CDD,2018-10-05,6.2,1950.0,3118,Non,100
2984,Garcia,Théo,M,1982-02-10,théo.garcia@datascope.fr,Juridique,Lyon,CDI,2019-02-22,5.9,2686.0,2835,Non,100
2669,Robert,Sophie,F,1972-03-06,sophie.robert@datascope.fr,Opérations,Lyon,CDI,2019-01-09,6.0,3253.0,1335,Non,50
3261,Robert,Louis,M,1988-07-21,louis.robert@datascope.fr,Finance,Marseille,CDI,2021-01-10,4.0,3253.0,,Oui,100
2041,Moreau,Sarah,M,1974-06-17,sarah.moreau@datascope.fr,Juridique,Lyon,CDD,2020-11-18,4.1,2604.0,,Non,50
2682,Michel,Louis,F,1968-06-24,louis.michel@datascope.fr,Direction,Paris,CDI,2018-01-11,7.0,3040.0,3378,Non,100
1822,Thomas,Léa,M,1999-01-08,léa.thomas@datascope.fr,Finance,Lyon,CDI,2020-01-31,4.9,2644.0,1875,Non,100
1962,Bernard,Chloé,M,1995-12-15,chloé.bernard@datascope.fr,Logistique,Bordeaux,CDD,2021-06-29,3.5,2756.0,1179,Non,100
2825,David,Marie,NB,1975-07-30,marie.david@datascope.fr,Juridique,Nice,CDI,2018-08-11,6.4,3614.0,1948,Non,100
3360,Moreau,Paul,F,1978-01-15,paul.moreau@datascope.fr,Juridique,Marseille,CDD,2020-04-01,4.8,1192.0,1092,Non,100
1433,Fournier,Alice,M,1989-03-04,alice.fournier@datascope.fr,Juridique,Strasbourg,CDI,2023-03-31,1.8,2199.0,1307,Non,50
1520,Leroy,Marie,F,1976-08-01,marie.leroy@datascope.fr,Logistique,Lyon,CDI,2017-06-12,7.6,1959.0,2630,Non,80
1297,Lefebvre,Sophie,F,1999-05-23,sophie.lefebvre@datascope.fr,R&D,Toulouse,CDD,2022-01-01,3.0,1770.0,1818,Non,50
2884,Thomas,Julie,M,1987-09-17,julie.thomas@datascope.fr,R&D,Nice,CDI,2016-03-12,8.8,2028.0,2421,Non,100
2706,Bertrand,Sarah,F,1996-02-19,sarah.bertrand@datascope.fr,R&D,Nice,CDI,2015-05-04,9.7,2989.0,1307,Non,100
2048,Thomas,Romain,M,1993-02-17,romain.thomas@datascope.fr,Juridique,Lille,CDI,2020-06-17,4.5,2620.0,,Non,100
2357,Petit,Thomas,M,1975-07-23,thomas.petit@datascope.fr,Opérations,Nantes,CDI,2023-02-02,1.9,1933.0,1005,Non,100
2290,Moreau,Hugo,M,1966-04-26,hugo.moreau@datascope.fr,Informatique,Toulouse,Interim,2015-01-19,9.9,1973.0,,Oui,80
2211,Laurent,Léa,F,2014-09-10,léa.laurent@datascope.fr,R&D,Nice,CDI,2021-02-04,3.9,0,3378,Non,100
2099,Robert,Pierre,F,1971-03-13,pierre.robert@datascope.fr,Commercial,Lyon,CDD,2016-11-19,8.1,2336.0,1201,Non,100
3027,Durand,Sophie,M,1988-09-21,sophie.durand@datascope.fr,Logistique,Strasbourg,CDD,2023-06-20,1.5,3090.0,2515,Non,50
1968,Moreau,Camille,M,1984-10-29,camille.moreau@datascope.fr,Direction,Nice,Interim,2016-12-13,8.0,2155.0,3142,Non,50
1526,Richard,Sarah,M,1996-12-08,sarah.richard@datascope.fr,Marketing,Nice,CDI,2023-05-28,1.6,2672.0,1201,Non,50
3201,Lefebvre,Sarah,M,1967-02-10,sarah.lefebvre@datascope.fr,Juridique,Bordeaux,CDI,2019-07-26,5.4,2817.0,,Non,100
1727,Richard,Thomas,M,1973-03-27,thomas.richard@datascope.fr,Commercial,Marseille,Stage,2017-02-19,7.9,900,,Non,100
1167,Leroy,Sarah,F,1968-01-03,sarah.leroy@datascope.fr,Opérations,Toulouse,CDI,2024-06-13,0.6,929.0,1561,Non,100
2023,Simon,Théo,M,1978-07-08,théo.simon@datascope.fr,R&D,Lyon,Alternance,2020-02-27,4.8,1148.0,1092,Non,100
1592,Durand,Inès,M,1980-12-21,inès.durand@datascope.fr,Informatique,Strasbourg,CDD,2020-11-07,4.1,2343.0,1179,Non,80
1979,Thomas,Hugo,F,1975-06-24,hugo.thomas@datascope.fr,Commercial,Grenoble,CDD,2016-02-13,8.9,2263.0,1845,Non,50
1383,Fournier,Nicolas,F,1967-07-26,nicolas.fournier@datascope.fr,RH,Bordeaux,CDD,2016-08-17,8.4,3422.0,1561,Non,100
3019,Laurent,Hugo,F,1969-07-25,hugo.laurent@datascope.fr,Informatique,Bordeaux,CDI,2023-04-25,1.7,4523.0,2645,Oui,100
1998,Simon,Paul,F,1975-06-03,paul.simon@datascope.fr,R&D,Lyon,CDI,2018-05-02,6.7,2872.0,2630,Non,50
1100,Lefebvre,Alice,F,2010-05-10,alice.lefebvre@datascope.fr,HR,Lille,CDD,2016-01-18,9.0,0,2967,Non,100
1330,Martin,Théo,F,1997-09-02,théo.martin@datascope.fr,Finance,Nantes,CDI,2017-06-08,7.6,3713.0,,Non,50
1483,David,Camille,M,1981-06-08,camille.david@datascope.fr,R&D,Paris,CDD,2017-06-23,7.5,2219.0,2122,Non,100
2962,Dubois,Paul,M,1995-09-21,paul.dubois@datascope.fr,R&D,Grenoble,CDD,2020-07-01,4.5,2986.0,3378,Non,100
2336,Fournier,Romain,F,1989-01-21,romain.fournier@datascope.fr,Opérations,Paris,Interim,2017-03-30,7.8,2556.0,2967,Non,50
2123,Martin,Emma,F,1968-02-12,emma.martin@datascope.fr,Direction,Lille,CDI,2017-04-06,7.7,2330.0,2525,Non,100
2935,Thomas,Sophie,F,1988-02-14,sophie.thomas@datascope.fr,Informatique,Strasbourg,CDI,2022-07-06,2.5,2314.0,3004,Non,100
2467,Leroy,Louis,F,1974-08-06,louis.leroy@datascope.fr,Marketing,Nantes,CDD,2019-03-17,5.8,2596.0,2067,Oui,100
2896,Durand,Inès,M,1987-01-07,inès.durand@datascope.fr,Finance,Bordeaux,CDD,2018-09-05,6.3,1598.0,1401,Oui,100
1926,Simon,Emma,F,1977-01-18,emma.simon@datascope.fr,Finance,Toulouse,CDI,2019-03-06,5.8,3428.0,1413,Non,100
2082,Laurent,Chloé,F,1985-10-19,chloé.laurent@datascope.fr,Marketing,Paris,Interim,2024-08-15,0.4,2490.0,1136,Non,80
2789,Lefebvre,Lucas,F,1977-04-11,lucas.lefebvre@datascope.fr,Logistique,Bordeaux,CDI,2015-02-10,9.9,3038.0,1641,Non,100
2823,Bertrand,Emma,M,1966-04-30,emma.bertrand@datascope.fr,Logistique,Nice,Stage,2021-01-04,4.0,900,2515,Non,100
2188,Garcia,Nicolas,F,1990-02-06,nicolas.garcia@datascope.fr,R&D,Lyon,CDI,2020-02-28,4.8,1417.0,2525,Oui,80
1741,Simon,Louis,F,1979-09-16,louis.simon@datascope.fr,Logistique,Grenoble,CDI,2017-02-03,7.9,3686.0,,Non,80
1362,Petit,Théo,M,1986-08-30,théo.petit@datascope.fr,Logistique,Marseille,CDD,2016-06-12,8.6,2645.0,1641,Oui,80
2898,Simon,Antoine,M,1969-09-10,antoine.simon@datascope.fr,RH,Strasbourg,CDI,2023-10-30,1.2,2410.0,,Oui,100
2395,Moreau,Sarah,F,1965-11-16,sarah.moreau@datascope.fr,Informatique,Nantes,Interim,2024-03-06,0.8,2094.0,,Oui,80
1227,Leroy,Nicolas,NB,1998-07-02,nicolas.leroy@datascope.fr,R&D,Lille,Stage,2017-12-07,7.1,900,2525,Non,50
2468,Dubois,Sarah,M,1997-08-24,sarah.dubois@datascope.fr,Informatique,Bordeaux,CDI,2017-08-19,7.4,3801.0,,Non,100
2713,Fournier,Chloé,M,1969-04-16,chloé.fournier@datascope.fr,Opérations,Nantes,Stage,2019-04-23,5.7,900,,Oui,80
2664,Simon,Inès,M,1989-10-02,inès.simon@datascope.fr,Juridique,Marseille,CDI,2018-07-02,6.5,3062.0,,Non,50
1623,Martin,Sarah,M,1990-10-21,sarah.martin@datascope.fr,Informatique,Paris,CDI,2016-01-20,8.9,2321.0,1790,Non,100
1888,Richard,Romain,F,1972-04-05,romain.richard@datascope.fr,Commercial,Strasbourg,Stage,2019-09-08,5.3,900,2967,Non,80
2737,Vincent,Emma,M,1996-01-05,emma.vincent@datascope.fr,Marketing,Nantes,CDD,2020-07-08,4.5,2182.0,2122,Non,50
2446,Moreau,Hugo,M,1994-01-27,hugo.moreau@datascope.fr,Commercial,Paris,CDD,2018-07-02,6.5,1299.0,2607,Non,100
1575,Bertrand,Louis,M,1996-11-22,louis.bertrand@datascope.fr,Marketing,Paris,CDI,2023-02-11,1.9,3549.0,,Non,50
2256,Laurent,Louis,F,2000-09-28,louis.laurent@datascope.fr,Direction,Bordeaux,Alternance,2015-01-30,9.9,1271.0,1957,Oui,80
1717,Vincent,Antoine,F,1990-08-16,antoine.vincent@datascope.fr,RH,Strasbourg,CDI,2015-04-23,9.7,3715.0,1307,Non,100
2238,David,Nicolas,M,1983-04-23,nicolas.david@datascope.fr,R&D,Toulouse,Alternance,2022-04-24,2.7,1470.0,1519,Non,100
2974,David,Sarah,F,1972-03-12,sarah.david@datascope.fr,Direction,Paris,CDI,2016-01-09,9.0,1929.0,,Oui,100
2022,Roux,Camille,M,1987-02-18,camille.roux@datascope.fr,R&D,Bordeaux,CDI,2023-08-31,1.3,,,Oui,100
2570,Petit,Léa,M,1998-06-25,léa.petit@datascope.fr,Commercial,Lyon,CDI,2016-06-11,8.6,1587.0,2515,Non,80
2904,Lefebvre,Sarah,M,1992-09-02,sarah.lefebvre@datascope.fr,Informatique,Bordeaux,CDD,2019-04-22,5.7,2309.0,,Non,100
2121,Richard,Camille,M,1997-12-03,camille.richard@datascope.fr,Direction,Bordeaux,CDI,2024-03-29,0.8,3202.0,1136,Non,100
2880,Vincent,Antoine,M,1965-09-16,antoine.vincent@datascope.fr,Marketing,Marseille,CDI,2018-11-14,6.1,3940.0,2619,Non,80
3135,Moreau,Emma,F,1983-12-23,emma.moreau@datascope.fr,Juridique,Toulouse,CDI,2022-11-09,2.1,1899.0,1136,Non,100
1367,Martin,Hugo,M,1978-04-09,hugo.martin@datascope.fr,Direction,Grenoble,Stage,2017-09-06,7.3,900,1519,Oui,50
1076,Robert,Thomas,F,1997-04-09,thomas.robert@datascope.fr,Opérations,Lyon,Stage,2018-04-13,6.7,900,,Non,100
2480,Dubois,Camille,M,1978-06-22,camille.dubois@datascope.fr,R&D,Nantes,CDI,2016-01-12,9.0,1979.0,1875,Oui,100
2181,Robert,Romain,M,1987-05-08,romain.robert@datascope.fr,Finance,Grenoble,Alternance,2019-02-08,5.9,900,1179,Oui,50
1270,Dubois,Romain,M,1996-01-07,romain.dubois@datascope.fr,R&D,Toulouse,CDI,2020-06-28,4.5,3653.0,3028,Non,50
1632,Moreau,Léa,M,1992-06-19,léa.moreau@datascope.fr,RH,Marseille,Stage,2021-10-29,3.2,,,Non,100
1992,Thomas,Thomas,F,1982-04-15,thomas.thomas@datascope.fr,Opérations,Paris,CDI,2016-07-05,8.5,3263.0,1880,Non,100
2809,Dubois,Sarah,F,1998-01-08,sarah.dubois@datascope.fr,Finance,Paris,CDD,2021-09-12,3.3,3066.0,2967,Non,100
3311,Fournier,Romain,F,1982-08-15,romain.fournier@datascope.fr,Opérations,Strasbourg,Alternance,2018-07-06,6.5,1461.0,,Non,100
2552,Garcia,Léa,F,1971-12-10,léa.garcia@datascope.fr,Juridique,Nantes,CDI,2016-01-22,8.9,2775.0,,Non,100
1418,Bertrand,Sarah,F,1992-04-26,sarah.bertrand@datascope.fr,RH,Bordeaux,Alternance,2017-03-29,7.8,1472.0,3284,Non,100
1104,Thomas,Léa,F,1997-12-26,léa.thomas@datascope.fr,R&D,Paris,Stage,2022-01-16,3.0,900,,Non,100
3068,Thomas,Chloé,M,1997-02-28,chloé.thomas@datascope.fr,Informatique,Bordeaux,CDI,2019-12-03,5.1,1435.0,1790,Non,100
2719,Robert,Pierre,M,1981-03-30,pierre.robert@datascope.fr,Juridique,Nice,Alternance,2018-12-04,6.1,1005.0,1247,Non,80
2214,Fournier,Inès,F,1965-10-31,inès.fournier@datascope.fr,Logistique,Strasbourg,CDI,2018-06-02,6.6,1954.0,3004,Non,80
2530,Lefebvre,Inès,M,1975-09-07,inès.lefebvre@datascope.fr,Juridique,Lille,CDI,2017-11-20,7.1,2973.0,1195,Non,50
1472,Garcia,Marie,M,1975-06-02,marie.garcia@datascope.fr,R&D,Marseille,Alternance,2016-02-16,8.9,1262.0,1845,Non,80
2326,Thomas,Paul,F,1999-06-24,paul.thomas@datascope.fr,Commercial,Grenoble,CDI,2020-08-27,4.3,3642.0,3378,Non,100
2680,Lefebvre,Léa,F,1981-04-23,léa.lefebvre@datascope.fr,Juridique,Paris,Stage,2022-06-13,2.6,900,1179,Non,100
1883,Vincent,Antoine,M,1976-11-15,antoine.vincent@datascope.fr,Marketing,Toulouse,Alternance,2018-05-14,6.6,1518.0,3004,Non,100
2578,Leroy,Marie,NB,1973-04-01,marie.leroy@datascope.fr,R&D,Paris,Interim,2022-03-12,2.8,2047.0,,Non,100
3320,Leroy,Thomas,M,1990-01-07,thomas.leroy@datascope.fr,Finance,Strasbourg,CDI,2021-11-08,3.1,2913.0,1307,Non,100
2553,Lefebvre,Théo,M,1966-04-24,théo.lefebvre@datascope.fr,Informatique,Nantes,CDI,2018-01-30,6.9,1603.0,,Oui,100
2186,Garcia,Pierre,F,1999-11-21,pierre.garcia@datascope.fr,Commercial,Grenoble,CDI,2019-06-06,5.6,4499.0,,Non,100
1457,Thomas,Paul,NB,1981-11-19,paul.thomas@datascope.fr,Opérations,Nantes,CDI,2019-01-22,5.9,2212.0,1569,Non,100
1938,Fournier,Paul,M,1999-08-16,paul.fournier@datascope.fr,Commercial,Lille,CDD,2023-12-25,1.0,1542.0,1948,Non,50
3307,Laurent,Thomas,F,1992-02-15,thomas.laurent@datascope.fr,Direction,Lyon,Interim,2023-08-21,1.4,2348.0,2645,Oui,100
1359,Petit,Sophie,M,1977-11-11,sophie.petit@datascope.fr,Marketing,Nantes,Interim,2019-03-19,5.8,2927.0,1127,Oui,100
2180,Vincent,Antoine,F,1985-02-22,antoine.vincent@datascope.fr,RH,Nantes,CDI,2020-07-11,4.5,2647.0,1413,Non,100
2257,Fournier,Louis,F,2000-07-14,louis.fournier@datascope.fr,Informatique,Lyon,CDI,2015-06-03,9.6,2091.0,2967,Non,100
2695,Bertrand,Alice,M,2000-06-06,alice.bertrand@datascope.fr,Informatique,Marseille,CDI,2021-04-06,3.7,3540.0,3004,Non,100
1387,Simon,Alice,F,1986-08-25,alice.simon@datascope.fr,R&D,Strasbourg,CDI,2015-08-25,9.4,3920.0,3118,Non,100
1196,Laurent,Pierre,F,2013-06-27,pierre.laurentdatascope.fr,Logistics,Strasbourg,CDI,2022-09-28,-0.4,0,2461,Oui,100
1554,Richard,Hugo,F,1975-01-26,hugo.richard@datascope.fr,Logistique,Marseille,CDI,2022-11-25,2.1,2957.0,,Non,100
3075,Thomas,Antoine,M,1997-11-16,antoine.thomas@datascope.fr,Direction,Paris,CDI,2016-10-13,8.2,1956.0,1092,Oui,100
3229,Vincent,Louis,F,1994-12-31,louis.vincent@datascope.fr,Finance,Toulouse,CDI,2015-11-16,9.1,3346.0,3334,Non,100
2625,Dubois,Théo,NB,1976-04-16,théo.dubois@datascope.fr,Commercial,Lyon,CDD,2018-02-26,6.8,2849.0,,Non,100
1874,Robert,Sarah,M,1968-04-14,sarah.robert@datascope.fr,Commercial,Bordeaux,CDI,2015-07-16,9.5,3319.0,1136,Oui,100
1620,Thomas,Léa,M,1987-11-02,léa.thomas@datascope.fr,R&D,Nice,CDI,2018-02-04,6.9,2089.0,,Oui,100
1207,Garcia,Alice,M,1972-10-19,alice.garcia@datascope.fr,Commercial,Nice,CDD,2015-05-08,9.7,,2525,Non,80
2564,Martin,Inès,M,1997-03-04,inès.martin@datascope.fr,RH,Marseille,CDI,2024-02-06,0.9,3811.0,2630,Oui,100
2899,Durand,Alice,M,1982-04-23,alice.durand@datascope.fr,Finance,Strasbourg,CDI,2024-03-14,0.8,2828.0,1875,Non,100
1253,Richard,Louis,F,1977-03-22,louis.richard@datascope.fr,Opérations,Strasbourg,CDI,2021-02-24,3.8,1060.0,2122,Non,80
3195,David,Léa,M,2000-05-17,léa.david@datascope.fr,Finance,Toulouse,CDD,2015-11-23,9.1,2222.0,1005,Oui,100
1820,Simon,Alice,M,1995-11-01,alice.simon@datascope.fr,Opérations,Grenoble,Interim,2019-09-16,5.3,2696.0,1875,Non,100
1310,Bernard,Alice,F,1976-01-27,alice.bernard@datascope.fr,Opérations,Strasbourg,CDD,2019-10-18,5.2,3282.0,1845,Non,80
2347,Simon,Nicolas,F,1993-05-01,nicolas.simon@datascope.fr,Informatique,Lyon,CDI,2019-01-17,6.0,2498.0,,Non,100
2959,Garcia,Antoine,NB,1974-03-27,antoine.garcia@datascope.fr,RH,Toulouse,CDI,2020-07-20,4.4,2444.0,3016,Non,100
1453,Durand,Pierre,F,1984-05-10,pierre.durand@datascope.fr,Opérations,Lyon,CDI,2020-05-10,4.6,1192.0,2607,Non,50
3046,Petit,Paul,F,1996-11-05,paul.petit@datascope.fr,RH,Toulouse,Interim,2018-02-27,6.8,2078.0,,Non,100
3114,Simon,Thomas,F,1976-08-08,thomas.simon@datascope.fr,Juridique,Lyon,CDI,2019-07-28,5.4,2047.0,1005,Non,100
2496,Simon,Sarah,F,1986-02-22,sarah.simon@datascope.fr,RH,Lyon,CDD,2015-03-06,9.8,2334.0,,Non,100
1034,Robert,Romain,M,1966-11-20,romain.robert@datascope.fr,RH,Nantes,CDI,2021-07-08,3.5,2966.0,2525,Non,80
1821,Roux,Chloé,M,2000-10-15,chloé.roux@datascope.fr,Marketing,Lyon,Alternance,2022-01-27,2.9,1327.0,2967,Oui,80
2664,Simon,Inès,M,1989-10-02,inès.simon@datascope.fr,Juridique,Marseille,CDI,2018-07-02,6.5,3062.0,,Non,50
2246,Leroy,Paul,F,1987-12-31,paul.leroy@datascope.fr,Marketing,Strasbourg,CDD,2017-03-29,7.8,1154.0,3378,Oui,100
2842,Moreau,Alice,F,1988-05-12,alice.moreau@datascope.fr,Juridique,Lille,CDI,2018-09-02,6.3,3088.0,3016,Non,50
1319,Dubois,Marie,M,1985-03-25,marie.dubois@datascope.fr,Logistique,Lyon,Interim,2017-10-14,7.2,1630.0,1247,Oui,100
1519,Garcia,Inès,F,2015-07-17,inès.garciadatascope.fr,Operations,Toulouse,Interim,2024-12-21,-2.4,0,,Non,100
1174,Michel,Chloé,F,1982-05-20,chloé.michel@datascope.fr,Direction,Marseille,Alternance,2019-07-30,5.4,900,1401,Non,80
2464,Durand,Antoine,F,1985-05-09,antoine.durand@datascope.fr,Direction,Toulouse,CDI,2022-02-11,2.9,2353.0,,Non,100
1517,David,Alice,F,1998-05-05,alice.david@datascope.fr,Juridique,Marseille,Alternance,2020-09-17,4.3,993.0,,Non,100
1156,Bernard,Romain,M,1997-09-08,romain.bernard@datascope.fr,RH,Lyon,Interim,2018-11-25,6.1,2266.0,1335,Non,100
1351,Bernard,Paul,F,1986-12-20,paul.bernard@datascope.fr,Informatique,Bordeaux,Stage,2020-02-26,4.8,900,3284,Non,100
2301,Bernard,Léa,M,1988-12-31,léa.bernard@datascope.fr,Juridique,Bordeaux,CDI,2019-06-04,5.6,2770.0,,Non,100
1762,Martin,Romain,F,1992-01-06,romain.martin@datascope.fr,Informatique,Grenoble,CDI,2022-07-31,2.4,3477.0,1307,Non,100
1563,Thomas,Alice,F,1982-11-19,alice.thomas@datascope.fr,Informatique,Marseille,CDD,2017-10-28,7.2,2450.0,1801,Oui,100
1413,Petit,Hugo,F,2010-06-11,hugo.petitdatascope.fr,Logistics,Strasbourg,CDI,2024-10-18,0.2,0,1957,Non,80
2819,Durand,Lucas,F,1993-06-24,lucas.durand@datascope.fr,Logistique,Bordeaux,CDI,2018-07-27,6.4,2234.0,,Non,100
1649,Moreau,Inès,M,1984-04-11,inès.moreau@datascope.fr,Finance,Nantes,CDI,2017-05-14,7.6,2274.0,,Non,80
1951,Martin,Alice,M,1998-11-29,alice.martin@datascope.fr,Informatique,Nice,CDI,2022-02-11,2.9,2952.0,1413,Non,100
2504,Michel,Pierre,M,1987-05-09,pierre.michel@datascope.fr,RH,Lyon,Interim,2018-06-17,6.5,3008.0,,Non,100
2907,Leroy,Louis,M,1966-10-02,louis.leroy@datascope.fr,Logistique,Grenoble,CDI,2023-02-22,1.9,2623.0,1005,Non,100
3254,Thomas,Léa,F,1984-06-21,léa.thomas@datascope.fr,Commercial,Nice,CDI,2024-09-16,0.3,1784.0,3142,Non,50
1800,Laurent,Antoine,M,1988-10-20,antoine.laurent@datascope.fr,Informatique,Grenoble,CDI,2018-02-18,6.9,3373.0,1100,Oui,50
1154,Fournier,Louis,F,1985-01-27,louis.fournier@datascope.fr,Finance,Grenoble,CDI,2018-03-15,6.8,2330.0,1801,Non,80
2385,Michel,Marie,M,1998-10-27,marie.michel@datascope.fr,Commercial,Nantes,CDI,2019-02-15,5.9,3748.0,3378,Non,100
2820,David,Paul,F,1975-10-16,paul.david@datascope.fr,Opérations,Toulouse,CDD,2021-06-25,3.5,2039.0,3142,Oui,100
2066,Fournier,Paul,NB,1992-05-22,paul.fournier@datascope.fr,Opérations,Paris,CDI,2022-10-04,2.2,3229.0,1747,Non,80
1702,Roux,Théo,F,1982-02-10,théo.roux@datascope.fr,RH,Bordeaux,CDI,2019-06-07,5.6,2877.0,,Oui,50
2481,Moreau,Lucas,M,1988-05-01,lucas.moreau@datascope.fr,Marketing,Bordeaux,CDI,2016-12-11,8.1,3693.0,2122,Non,100
1665,Roux,Pierre,M,1999-04-28,pierre.roux@datascope.fr,Finance,Nice,CDD,2018-03-28,6.8,3212.0,3118,Non,100
3337,Bernard,Inès,F,1989-08-18,inès.bernard@datascope.fr,Juridique,Lyon,CDI,2019-02-09,5.9,2968.0,,Non,100
1525,Petit,Sophie,M,1971-08-19,sophie.petit@datascope.fr,Opérations,Bordeaux,CDI,2021-04-13,3.7,3826.0,1561,Non,100
1922,Bernard,Marie,F,1992-02-29,marie.bernard@datascope.fr,Informatique,Marseille,CDI,2022-11-16,2.1,2406.0,3004,Non,100
1579,Dubois,Paul,M,1971-08-19,paul.dubois@datascope.fr,Informatique,Paris,CDD,2019-05-19,5.6,1388.0,3142,Non,100
2102,Fournier,Léa,F,1981-07-22,léa.fournier@datascope.fr,Juridique,Toulouse,CDD,2023-11-28,1.1,2258.0,3142,Non,100
2767,Michel,Antoine,F,1999-06-14,antoine.michel@datascope.fr,Juridique,Nice,Stage,2019-07-07,5.5,900,3016,Non,100
2961,Richard,Pierre,NB,1987-03-07,pierre.richard@datascope.fr,Juridique,Lyon,CDI,2021-12-13,3.0,2461.0,1136,Non,100
2671,Leroy,Antoine,F,1973-07-13,antoine.leroy@datascope.fr,Informatique,Bordeaux,Stage,2020-08-05,4.4,900,2525,Non,100
2916,Fournier,Alice,M,1985-01-04,alice.fournier@datascope.fr,Commercial,Lyon,CDI,2023-12-12,1.1,3597.0,1875,Oui,100
2346,Richard,Thomas,NB,1988-11-26,thomas.richard@datascope.fr,Opérations,Strasbourg,CDI,2022-05-29,2.6,1218.0,2067,Non,100
1910,Bertrand,Paul,F,1979-09-29,paul.bertrand@datascope.fr,R&D,Toulouse,CDI,2020-09-08,4.3,2006.0,1747,Non,50
3296,Dubois,Hugo,F,1978-09-17,hugo.dubois@datascope.fr,Finance,Bordeaux,CDI,2019-07-24,5.4,2974.0,1519,Non,100
1993,David,Marie,F,1978-06-09,marie.david@datascope.fr,Informatique,Strasbourg,CDI,2017-08-31,7.3,2688.0,2461,Non,80
2440,Garcia,Camille,M,1984-04-15,camille.garcia@datascope.fr,Opérations,Lyon,CDI,2019-06-28,5.5,2503.0,,Non,100
2111,Vincent,Théo,F,1973-09-19,théo.vincent@datascope.fr,Informatique,Lyon,CDI,2016-04-14,8.7,3895.0,1957,Oui,100
2833,Martin,Nicolas,M,1972-02-22,nicolas.martin@datascope.fr,Finance,Nantes,CDD,2015-12-20,9.0,3303.0,2067,Non,100
3140,Leroy,Hugo,F,1967-06-12,hugo.leroy@datascope.fr,RH,Paris,CDI,2015-06-18,9.5,2215.0,3028,Non,100
3183,Petit,Alice,F,1984-07-24,alice.petit@datascope.fr,Logistique,Toulouse,CDI,2020-09-30,4.3,2460.0,,Non,80
1428,Simon,Théo,F,1993-12-09,théo.simon@datascope.fr,R&D,Lille,CDI,2020-12-12,4.1,2697.0,1127,Non,100
1790,Simon,Paul,M,2011-01-26,paul.simondatascope.fr,Legal,Bordeaux,CDI,2017-01-26,-2.5,0,,Oui,100
2177,Thomas,Julie,M,1991-04-19,julie.thomas@datascope.fr,Opérations,Nantes,CDI,2018-06-25,6.5,3406.0,1179,Non,50
1542,Garcia,Romain,M,1969-03-23,romain.garcia@datascope.fr,Finance,Nantes,CDI,2016-11-19,8.1,900,2067,Non,100
2373,David,Camille,F,1995-10-23,camille.david@datascope.fr,Informatique,Lille,CDI,2019-06-03,5.6,3091.0,1194,Non,100
3214,Fournier,Nicolas,F,1984-10-22,nicolas.fournier@datascope.fr,RH,Lyon,CDI,2023-07-24,1.4,4296.0,1247,Non,100
1781,Durand,Chloé,M,1975-05-26,chloé.durand@datascope.fr,Informatique,Lyon,CDI,2023-12-17,1.0,2505.0,2645,Non,100
1455,Robert,Pierre,M,1975-03-11,pierre.robert@datascope.fr,Commercial,Nantes,Interim,2020-02-17,4.9,2334.0,2245,Non,100
1834,Durand,Chloé,F,1988-10-05,chloé.durand@datascope.fr,Commercial,Bordeaux,CDI,2016-07-02,8.5,3440.0,3142,Non,100
1929,Fournier,Léa,M,1969-02-24,léa.fournier@datascope.fr,R&D,Bordeaux,Alternance,2018-08-29,6.3,900,1196,Non,100
3066,Simon,Hugo,M,1972-04-15,hugo.simon@datascope.fr,R&D,Lyon,CDI,2021-12-27,3.0,1204.0,2245,Non,80
2258,Richard,Pierre,F,1981-02-22,pierre.richard@datascope.fr,Finance,Bordeaux,CDD,2015-06-29,9.5,2795.0,3142,Non,100
2934,Thomas,Emma,F,1972-04-08,emma.thomas@datascope.fr,Commercial,Bordeaux,CDD,2019-08-25,5.4,3181.0,1401,Non,100
1537,Lefebvre,Sophie,F,1969-11-02,sophie.lefebvre@datascope.fr,Opérations,Grenoble,Stage,2018-03-07,6.8,900,1195,Oui,100
1555,Garcia,Inès,F,1994-07-07,inès.garcia@datascope.fr,Informatique,Toulouse,CDI,2018-02-18,6.9,2770.0,1092,Oui,100
2017,Moreau,Romain,F,1966-11-16,romain.moreau@datascope.fr,Direction,Marseille,Interim,2015-01-05,10.0,2738.0,,Oui,100
2306,Roux,Camille,M,1988-08-27,camille.roux@datascope.fr,Juridique,Marseille,Alternance,2020-12-12,4.1,1468.0,1247,Oui,100
2774,Dubois,Chloé,M,1966-02-19,chloé.dubois@datascope.fr,Juridique,Toulouse,CDD,2016-09-14,8.3,1496.0,,Oui,100
1876,Garcia,Antoine,M,1985-06-10,antoine.garcia@datascope.fr,Informatique,Toulouse,CDI,2017-03-29,7.8,3347.0,2461,Non,100
1348,Lefebvre,Léa,F,1967-03-05,léa.lefebvre@datascope.fr,Finance,Bordeaux,Stage,2018-09-16,6.3,900,,Oui,100
1540,Bertrand,Nicolas,NB,1981-01-18,nicolas.bertrand@datascope.fr,Opérations,Lille,CDI,2020-08-12,4.4,3311.0,1875,Non,100
1215,Thomas,Théo,M,1983-06-25,théo.thomas@datascope.fr,R&D,Lille,Stage,2024-11-19,0.1,900,1100,Non,100
3191,Vincent,Marie,F,1978-07-05,marie.vincent@datascope.fr,Finance,Nice,CDI,2018-09-08,6.3,2622.0,3028,Non,100
2057,Thomas,Hugo,F,1996-11-30,hugo.thomas@datascope.fr,Logistique,Grenoble,CDI,2023-12-07,1.1,3385.0,3378,Non,100
2744,Fournier,Emma,F,1997-07-06,emma.fournier@datascope.fr,Logistique,Bordeaux,Alternance,2019-08-29,5.3,1367.0,1801,Non,100
1793,Michel,Sarah,M,1965-11-08,sarah.michel@datascope.fr,Opérations,Grenoble,CDI,2019-09-25,5.3,2012.0,,Non,100
1168,Garcia,Léa,M,1973-07-02,léa.garcia@datascope.fr,Opérations,Marseille,CDI,2023-06-10,1.6,2859.0,,Non,100
1728,Roux,Hugo,F,1973-07-18,hugo.roux@datascope.fr,R&D,Strasbourg,Interim,2017-03-01,7.8,1848.0,3142,Oui,100
1546,Leroy,Théo,M,1965-07-28,théo.leroy@datascope.fr,Informatique,Paris,CDI,2022-06-21,2.5,2177.0,,Non,50
1143,Durand,Antoine,M,1969-09-21,antoine.durand@datascope.fr,R&D,Lille,Stage,2017-12-27,7.0,900,1401,Non,100
1414,Thomas,Louis,M,1980-03-02,louis.thomas@datascope.fr,Finance,Strasbourg,CDI,2016-08-14,8.4,3630.0,3142,Oui,50
3322,Garcia,Marie,F,1967-09-20,marie.garcia@datascope.fr,Direction,Lyon,CDI,2019-09-26,5.3,1450.0,3378,Oui,100
1700,Roux,Louis,F,1970-07-04,louis.roux@datascope.fr,Opérations,Toulouse,CDI,2020-04-09,4.7,2186.0,1561,Non,100
1653,Bernard,Inès,F,1990-01-07,inès.bernard@datascope.fr,Juridique,Bordeaux,CDI,2019-05-06,5.7,1952.0,1335,Non,100
2451,Thomas,Théo,F,1990-07-11,théo.thomas@datascope.fr,RH,Lille,CDD,2023-05-29,1.6,900,2619,Non,100
3325,Laurent,Léa,F,1967-11-26,léa.laurent@datascope.fr,R&D,Grenoble,CDI,2016-12-02,8.1,3556.0,1880,Non,100
1358,Thomas,Lucas,M,1990-07-29,lucas.thomas@datascope.fr,Direction,Lille,CDI,2017-12-07,7.1,3071.0,1790,Non,50
1766,Laurent,Hugo,NB,1981-04-11,hugo.laurent@datascope.fr,Direction,Lyon,CDI,2015-02-10,9.9,2065.0,1880,Non,80
2621,Simon,Léa,NB,1983-01-28,léa.simon@datascope.fr,Opérations,Bordeaux,Alternance,2022-02-05,2.9,1002.0,1401,Non,50
2075,Martin,Paul,F,1970-04-26,paul.martin@datascope.fr,R&D,Nice,CDI,2019-09-16,5.3,2896.0,,Oui,50
1440,Lefebvre,Sophie,M,2000-09-30,sophie.lefebvre@datascope.fr,Informatique,Nantes,CDI,2020-11-09,4.1,2440.0,1307,Non,100
2592,Lefebvre,Lucas,M,1986-05-11,lucas.lefebvre@datascope.fr,R&D,Toulouse,Alternance,2022-05-20,2.6,1450.0,1194,Non,50
1890,Michel,Marie,M,1974-05-14,marie.michel@datascope.fr,R&D,Nice,CDI,2023-02-18,1.9,1336.0,3284,Oui,100
2513,Vincent,Théo,F,1992-01-31,théo.vincent@datascope.fr,Finance,Nantes,CDI,2015-09-11,9.3,3809.0,1845,Non,100
2540,Garcia,Pierre,F,1993-07-07,pierre.garcia@datascope.fr,Informatique,Marseille,CDI,2019-07-20,5.5,3514.0,1790,Non,100
1612,Fournier,Lucas,M,1998-07-23,lucas.fournier@datascope.fr,Informatique,Nice,CDI,2022-10-17,2.2,3153.0,2597,Non,100
3041,Martin,Romain,F,1994-08-02,romain.martin@datascope.fr,Commercial,Nantes,CDI,2020-05-19,4.6,1128.0,1818,Non,80
3172,Garcia,Hugo,M,1986-08-25,hugo.garcia@datascope.fr,Marketing,Grenoble,CDI,2017-05-10,7.6,2743.0,1569,Non,100
2062,Fournier,Inès,M,1991-06-06,inès.fournier@datascope.fr,Informatique,Nantes,Interim,2017-06-26,7.5,2464.0,,Non,100
3319,Garcia,Louis,M,1986-05-04,louis.garcia@datascope.fr,Direction,Marseille,Interim,2020-03-17,4.8,3277.0,2122,Non,100
1868,Moreau,Sarah,F,1985-06-05,sarah.moreau@datascope.fr,Marketing,Strasbourg,CDI,2017-05-19,7.6,3278.0,1100,Oui,50
3122,Vincent,Emma,F,1983-05-02,emma.vincent@datascope.fr,RH,Nice,CDI,2017-11-21,7.1,3211.0,,Non,80
2182,Garcia,Hugo,M,1995-09-17,hugo.garcia@datascope.fr,Juridique,Toulouse,CDD,2017-01-20,7.9,3092.0,3142,Non,80
2623,Leroy,Louis,M,1983-02-24,louis.leroy@datascope.fr,Direction,Strasbourg,CDI,2020-06-04,4.6,4089.0,1100,Non,100
1134,Laurent,Julie,M,1985-02-21,julie.laurent@datascope.fr,Logistique,Paris,CDD,2021-12-14,3.0,2302.0,1335,Non,100
2335,Martin,Marie,M,1975-07-02,marie.martin@datascope.fr,Marketing,Toulouse,Interim,2017-05-28,7.6,1431.0,,Non,50
3150,Richard,Théo,M,1984-02-01,théo.richard@datascope.fr,Direction,Marseille,Alternance,2023-08-13,1.4,1173.0,,Non,100
2073,Fournier,Chloé,F,1968-09-23,chloé.fournier@datascope.fr,Direction,Toulouse,CDI,2018-03-17,6.8,3120.0,,Non,100
1391,Garcia,Nicolas,M,1969-08-06,nicolas.garcia@datascope.fr,Marketing,Lyon,CDD,2022-06-25,2.5,2769.0,2967,Non,100
2996,Bernard,Inès,M,1991-03-24,inès.bernard@datascope.fr,Marketing,Bordeaux,Alternance,2022-07-25,2.4,900,1957,Oui,100
2047,Roux,Lucas,F,1993-04-16,lucas.roux@datascope.fr,Juridique,Strasbourg,CDI,2021-04-17,3.7,2738.0,2122,Non,50
2587,Lefebvre,Sophie,F,1979-03-03,sophie.lefebvre@datascope.fr,Finance,Bordeaux,CDI,2023-06-30,1.5,3625.0,2835,Non,100
1768,Michel,Emma,F,1975-09-21,emma.michel@datascope.fr,Commercial,Lyon,CDI,2019-06-15,5.5,1938.0,3028,Non,50
1963,Bertrand,Nicolas,M,1972-12-07,nicolas.bertrand@datascope.fr,RH,Toulouse,CDI,2018-02-24,6.9,2718.0,2630,Oui,100
3108,Petit,Pierre,M,1995-04-25,pierre.petit@datascope.fr,Informatique,Lyon,CDI,2019-02-20,5.9,2232.0,1201,Oui,100
1731,Dubois,Alice,NB,1994-04-14,alice.dubois@datascope.fr,Logistique,Grenoble,CDD,2023-05-11,1.6,2241.0,1818,Oui,100
2778,Robert,Antoine,M,1965-07-15,antoine.robert@datascope.fr,RH,Bordeaux,Alternance,2015-09-10,9.3,,1561,Non,50
1780,Robert,Théo,NB,1971-07-07,théo.robert@datascope.fr,Commercial,Nice,CDI,2021-06-29,3.5,3527.0,,Oui,100
2101,David,Camille,M,1972-03-28,camille.david@datascope.fr,Marketing,Nantes,CDI,2018-03-25,6.8,2390.0,1179,Non,50
2970,Robert,Sophie,M,1993-03-18,sophie.robert@datascope.fr,RH,Lyon,CDI,2023-08-21,1.4,3422.0,2421,Non,50
2824,Robert,Lucas,F,1985-07-14,lucas.robert@datascope.fr,Marketing,Paris,Interim,2020-07-12,4.5,2295.0,2515,Non,100
2307,Richard,Alice,M,1974-07-14,alice.richard@datascope.fr,Marketing,Toulouse,Alternance,2019-04-04,5.7,1044.0,,Non,100
2112,Garcia,Hugo,F,1972-11-14,hugo.garcia@datascope.fr,Finance,Nantes,CDI,2022-03-20,2.8,2997.0,1413,Oui,50
1248,Vincent,Louis,F,1965-01-09,louis.vincent@datascope.fr,Marketing,Nice,CDI,2021-03-28,3.8,3321.0,,Non,100
3326,Roux,Hugo,F,1977-12-31,hugo.roux@datascope.fr,Juridique,Lille,CDI,2022-06-02,2.6,1515.0,1747,Non,100
2367,Petit,Romain,F,1982-01-19,romain.petit@datascope.fr,R&D,Marseille,CDD,2019-04-06,5.7,1626.0,1569,Non,100
1213,Richard,Sophie,M,1971-05-28,sophie.richard@datascope.fr,Informatique,Strasbourg,CDI,2023-11-29,1.1,2273.0,1195,Non,100
2593,Moreau,Emma,F,1969-11-29,emma.moreau@datascope.fr,Marketing,Nice,CDD,2021-08-16,3.4,2983.0,2619,Oui,80
2433,Martin,Marie,F,1965-12-05,marie.martin@datascope.fr,Marketing,Nantes,CDD,2023-06-18,1.5,1357.0,,Oui,100
3358,Laurent,Antoine,M,1968-11-23,antoine.laurent@datascope.fr,Marketing,Grenoble,CDD,2020-07-28,4.4,2323.0,1747,Non,50
2074,Michel,Inès,M,1972-12-04,inès.michel@datascope.fr,Direction,Paris,CDI,2021-08-30,3.3,2645.0,1818,Non,100
1182,David,Théo,F,1971-09-19,théo.david@datascope.fr,Commercial,Marseille,CDI,2023-08-02,1.4,1593.0,1401,Non,80
3306,Durand,Julie,F,1994-03-14,julie.durand@datascope.fr,Juridique,Strasbourg,CDI,2023-06-23,1.5,3752.0,,Non,80
2714,Robert,Pierre,F,1993-03-08,pierre.robert@datascope.fr,Finance,Strasbourg,CDD,2022-02-19,2.9,3049.0,2607,Oui,100
1562,Durand,Théo,M,2000-12-09,théo.durand@datascope.fr,Commercial,Nice,Stage,2018-11-11,6.1,900,,Non,80
1811,Dubois,Théo,F,1982-02-10,théo.dubois@datascope.fr,Juridique,Strasbourg,Alternance,2019-02-02,5.9,1289.0,2967,Non,100
2199,Martin,Nicolas,M,1997-09-26,nicolas.martin@datascope.fr,Informatique,Paris,CDD,2021-07-31,3.4,3002.0,1201,Non,100
2815,Bernard,Antoine,F,1968-01-09,antoine.bernard@datascope.fr,Informatique,Toulouse,Alternance,2023-11-20,1.1,965.0,2597,Non,100
2895,Laurent,Pierre,F,1995-08-13,pierre.laurent@datascope.fr,Commercial,Strasbourg,CDI,2020-01-23,4.9,2046.0,3142,Non,100
1187,Richard,Camille,F,1967-06-09,camille.richard@datascope.fr,Marketing,Lyon,CDI,2021-02-22,3.9,2371.0,1195,Non,80
1509,Michel,Julie,F,1967-08-15,julie.michel@datascope.fr,R&D,Grenoble,Interim,2015-05-06,9.7,1699.0,1100,Oui,100
1025,Richard,Thomas,F,1988-03-11,thomas.richard@datascope.fr,R&D,Nantes,Alternance,2018-07-06,6.5,1155.0,1413,Non,50
2893,Leroy,Théo,F,1966-11-05,théo.leroy@datascope.fr,Marketing,Marseille,CDI,2021-07-05,3.5,2127.0,3334,Oui,100
2769,Thomas,Camille,M,1968-09-28,camille.thomas@datascope.fr,RH,Nice,CDI,2020-05-03,4.7,3305.0,2645,Oui,100
1170,Martin,Sophie,M,1980-07-20,sophie.martin@datascope.fr,Commercial,Grenoble,CDD,2023-10-13,1.2,3849.0,1569,Non,80
2928,Martin,Sarah,F,1992-02-15,sarah.martin@datascope.fr,Informatique,Lille,CDI,2019-06-21,5.5,3689.0,3284,Non,100
2864,Robert,Paul,M,1975-03-13,paul.robert@datascope.fr,R&D,Strasbourg,CDI,2023-04-13,1.7,2596.0,2122,Non,100
1186,Leroy,Chloé,M,1966-09-30,chloé.leroy@datascope.fr,Logistique,Lille,CDI,2024-08-18,0.4,4098.0,3028,Non,80
3310,Laurent,Thomas,F,1998-10-10,thomas.laurent@datascope.fr,Finance,Marseille,CDI,2019-06-08,5.6,3084.0,3378,Oui,100
2386,Fournier,Emma,NB,1969-06-14,emma.fournier@datascope.fr,Logistique,Lille,CDD,2015-12-25,9.0,2497.0,,Non,50
2693,David,Paul,F,1965-07-10,paul.david@datascope.fr,Juridique,Marseille,Stage,2022-03-20,2.8,900,,Oui,100
2350,Martin,Pierre,NB,1971-03-09,pierre.martin@datascope.fr,Commercial,Marseille,CDI,2023-05-27,1.6,1941.0,1957,Oui,100
2729,Michel,Emma,M,1989-11-30,emma.michel@datascope.fr,Opérations,Lyon,CDI,2017-06-04,7.6,1921.0,1195,Non,80
2332,Bernard,Emma,M,1977-07-16,emma.bernard@datascope.fr,Opérations,Grenoble,CDI,2015-09-29,9.3,3361.0,1194,Non,100
3290,Roux,Théo,M,1988-09-09,théo.roux@datascope.fr,Logistique,Nice,CDD,2019-07-08,5.5,3661.0,2619,Oui,80
3105,Bernard,Louis,F,1970-09-21,louis.bernard@datascope.fr,Commercial,Lyon,CDD,2024-07-23,0.4,2242.0,1127,Non,100
1569,Moreau,Romain,F,2010-12-18,romain.moreau@datascope.fr,IT,Bordeaux,CDD,2023-08-29,1.3,0,3378,Non,100
2431,Bertrand,Théo,M,1995-05-30,théo.bertrand@datascope.fr,RH,Strasbourg,CDI,2018-04-23,6.7,3845.0,1100,Non,80
1079,Dubois,Camille,M,1982-03-20,camille.dubois@datascope.fr,Direction,Strasbourg,Alternance,2017-10-05,7.2,956.0,1569,Non,100
2652,Bertrand,Sarah,F,1975-05-13,sarah.bertrand@datascope.fr,Informatique,Lille,CDI,2017-07-06,7.5,2644.0,2645,Oui,100
1577,Leroy,Chloé,M,1987-01-27,chloé.leroy@datascope.fr,Finance,Paris,CDI,2015-09-03,9.3,,,Non,50
3011,Martin,Thomas,M,1971-10-04,thomas.martin@datascope.fr,Direction,Toulouse,CDI,2015-05-30,9.6,2408.0,1569,Non,80
3030,Moreau,Sarah,F,1996-07-03,sarah.moreau@datascope.fr,Opérations,Strasbourg,CDI,2024-01-14,1.0,3570.0,3334,Non,80
1329,David,Paul,M,1980-04-25,paul.david@datascope.fr,R&D,Grenoble,CDI,2021-12-24,3.0,2254.0,,Non,50
1698,Michel,Louis,F,1986-02-22,louis.michel@datascope.fr,R&D,Paris,CDI,2015-01-10,10.0,2324.0,1801,Non,100
2537,Simon,Chloé,F,1984-10-08,chloé.simon@datascope.fr,Juridique,Nice,CDI,2016-09-23,8.3,2989.0,3118,Non,100
2832,Michel,Sarah,F,1986-07-25,sarah.michel@datascope.fr,Logistique,Marseille,CDI,2015-05-23,9.6,3246.0,,Non,100
1308,Laurent,Inès,M,1969-08-04,inès.laurent@datascope.fr,Juridique,Nice,Alternance,2015-01-31,9.9,900,2645,Non,100
2031,Laurent,Thomas,F,1965-01-20,thomas.laurent@datascope.fr,Informatique,Lyon,Stage,2023-09-09,1.3,900,2245,Non,80
2871,Richard,Lucas,F,1986-11-05,lucas.richard@datascope.fr,Opérations,Strasbourg,CDI,2021-03-09,3.8,3933.0,,Non,100
1760,Laurent,Chloé,M,1970-10-22,chloé.laurent@datascope.fr,R&D,Strasbourg,CDI,2020-12-09,4.1,2576.0,3118,Non,80
1163,Garcia,Pierre,M,1999-02-20,pierre.garcia@datascope.fr,Direction,Toulouse,CDI,2021-06-01,3.6,2105.0,3004,Non,100
2752,Fournier,Hugo,F,1979-05-29,hugo.fournier@datascope.fr,Juridique,Lyon,CDI,2020-05-06,4.7,2116.0,,Non,100
2168,Roux,Chloé,F,1968-01-03,chloé.roux@datascope.fr,Finance,Nantes,CDI,2021-08-05,3.4,2441.0,2525,Non,50
2862,Vincent,Thomas,F,1975-06-04,thomas.vincent@datascope.fr,Finance,Nantes,CDI,2024-05-12,0.6,3753.0,1247,Oui,50
2870,Michel,Antoine,NB,1995-08-13,antoine.michel@datascope.fr,Informatique,Lyon,CDI,2020-09-18,4.3,3431.0,3028,Non,100
1893,Moreau,Nicolas,M,1972-03-22,nicolas.moreau@datascope.fr,RH,Bordeaux,Interim,2024-02-21,0.9,1553.0,3028,Non,100
1914,Vincent,Emma,F,1980-11-17,emma.vincent@datascope.fr,Finance,Nantes,CDD,2015-02-12,9.9,2985.0,1875,Non,100
1250,Martin,Pierre,F,1981-04-22,pierre.martin@datascope.fr,Logistique,Nantes,CDD,2017-09-06,7.3,1355.0,1401,Non,100
3227,Bertrand,Sarah,NB,1985-05-01,sarah.bertrand@datascope.fr,R&D,Nantes,CDI,2021-12-19,3.0,2739.0,1875,Non,100
3082,Petit,Inès,M,1986-07-22,inès.petit@datascope.fr,RH,Lille,CDI,2015-05-19,9.6,2058.0,1875,Non,100
2915,Richard,Pierre,M,1967-11-22,pierre.richard@datascope.fr,Logistique,Toulouse,Alternance,2022-02-09,2.9,1182.0,2525,Oui,100
1021,Fournier,Chloé,F,1987-06-15,chloé.fournier@datascope.fr,Informatique,Grenoble,CDI,2019-09-17,5.3,2529.0,2515,Non,100
1219,Lefebvre,Théo,F,1967-12-11,théo.lefebvre@datascope.fr,Juridique,Marseille,CDI,2020-02-04,4.9,2698.0,2645,Oui,50
2950,Leroy,Nicolas,M,1986-12-18,nicolas.leroy@datascope.fr,Opérations,Lille,CDI,2020-02-29,4.8,1815.0,1136,Non,50
2596,Richard,Marie,M,1986-12-05,marie.richard@datascope.fr,RH,Grenoble,CDD,2021-08-30,3.3,2455.0,1127,Non,100
1628,Richard,Théo,F,1995-09-29,théo.richard@datascope.fr,R&D,Nantes,CDI,2022-01-29,2.9,2397.0,1845,Non,50
3133,Vincent,Romain,NB,1975-01-26,romain.vincent@datascope.fr,R&D,Toulouse,Stage,2017-05-09,7.6,900,2122,Oui,100
1118,Martin,Pierre,F,1989-12-21,pierre.martin@datascope.fr,R&D,Marseille,CDI,2020-12-15,4.0,3126.0,3118,Non,100
2725,Vincent,Sarah,M,1971-07-20,sarah.vincent@datascope.fr,Opérations,Paris,CDI,2024-07-01,0.5,2936.0,1561,Oui,100
3017,Thomas,Sophie,M,1974-02-04,sophie.thomas@datascope.fr,Opérations,Marseille,CDI,2016-07-11,8.5,,,Oui,80
2466,Garcia,Julie,M,1982-11-14,julie.garcia@datascope.fr,RH,Toulouse,CDD,2021-09-25,3.3,2978.0,1307,Non,80
1061,Laurent,Nicolas,F,1975-08-28,nicolas.laurent@datascope.fr,Informatique,Grenoble,CDI,2016-03-14,8.8,2809.0,1875,Non,50
1357,Roux,Sarah,M,1986-10-11,sarah.roux@datascope.fr,R&D,Nantes,CDI,2015-11-06,9.2,3457.0,1641,Non,100
1941,Garcia,Marie,F,1988-02-14,marie.garcia@datascope.fr,Logistique,Paris,Stage,2021-10-11,3.2,900,1801,Non,100
2394,Bernard,Marie,F,1984-10-08,marie.bernard@datascope.fr,Commercial,Bordeaux,CDD,2024-12-25,0.0,1622.0,3284,Non,80
1052,Petit,Camille,M,1969-10-15,camille.petit@datascope.fr,Finance,Strasbourg,CDI,2023-05-01,1.7,2382.0,1747,Non,50
2707,Garcia,Nicolas,F,1977-05-20,nicolas.garcia@datascope.fr,Commercial,Toulouse,CDI,2021-01-12,4.0,3151.0,,Non,100
1041,Garcia,Inès,M,1967-09-29,inès.garcia@datascope.fr,Opérations,Paris,CDI,2024-04-10,0.7,2730.0,1195,Oui,50
1251,Fournier,Chloé,F,1980-03-29,chloé.fournier@datascope.fr,Opérations,Toulouse,Stage,2015-12-15,9.0,900,1880,Non,100
2688,Bertrand,Alice,M,2000-03-15,alice.bertrand@datascope.fr,Finance,Bordeaux,CDI,2024-02-21,0.9,2571.0,,Non,50
2803,Petit,Théo,M,1967-11-09,théo.petit@datascope.fr,Direction,Nantes,CDI,2017-07-11,7.5,2389.0,2067,Non,80
3331,Richard,Hugo,NB,1991-01-31,hugo.richard@datascope.fr,RH,Lille,CDI,2024-06-09,0.6,2471.0,1335,Non,100
1202,Fournier,Lucas,F,1979-02-20,lucas.fournier@datascope.fr,Marketing,Nice,CDI,2024-08-31,0.3,2434.0,1005,Non,100
1862,Petit,Chloé,M,1998-04-03,chloé.petit@datascope.fr,RH,Strasbourg,CDI,2022-11-03,2.2,4225.0,1194,Non,80
1687,Fournier,Léa,NB,1990-01-18,léa.fournier@datascope.fr,Commercial,Marseille,CDI,2020-06-01,4.6,2746.0,,Non,50
2639,Dubois,Lucas,M,1981-05-11,lucas.dubois@datascope.fr,Opérations,Bordeaux,Alternance,2015-02-08,9.9,1080.0,3334,Non,100
2550,Petit,Hugo,F,1988-12-07,hugo.petit@datascope.fr,Commercial,Bordeaux,CDI,2017-12-12,7.1,2237.0,1196,Non,100
3107,Roux,Sarah,F,1967-08-17,sarah.roux@datascope.fr,Informatique,Grenoble,CDI,2019-12-05,5.1,3241.0,1641,Oui,100
2232,Roux,Sarah,NB,1993-08-27,sarah.roux@datascope.fr,RH,Grenoble,CDI,2016-03-18,8.8,2776.0,2630,Non,100
1722,Thomas,Sarah,M,1972-10-14,sarah.thomas@datascope.fr,Finance,Lyon,CDI,2017-06-21,7.5,2382.0,1747,Oui,50
2672,Richard,Julie,F,1988-10-31,julie.richard@datascope.fr,Marketing,Paris,CDI,2017-08-16,7.4,3327.0,2421,Non,80
1474,Garcia,Théo,M,1983-10-31,théo.garcia@datascope.fr,Commercial,Marseille,CDI,2020-01-28,4.9,2304.0,1747,Non,100
1221,Moreau,Lucas,M,1987-07-06,lucas.moreau@datascope.fr,RH,Strasbourg,CDD,2018-06-04,6.6,2086.0,1092,Non,100
1040,Dubois,Thomas,M,1994-07-22,thomas.dubois@datascope.fr,Direction,Marseille,CDI,2020-04-12,4.7,2579.0,,Non,100
1484,Petit,Inès,F,1982-05-10,inès.petit@datascope.fr,Finance,Grenoble,CDI,2018-08-05,6.4,2352.0,1194,Oui,50
2951,Vincent,Louis,F,1969-07-27,louis.vincent@datascope.fr,Logistique,Marseille,CDD,2022-12-28,2.0,2457.0,1641,Non,100
2212,Fournier,Thomas,F,1970-12-28,thomas.fournier@datascope.fr,Direction,Lille,CDI,2019-06-26,5.5,3018.0,1127,Oui,100
2708,Robert,Julie,M,1977-01-20,julie.robert@datascope.fr,Marketing,Lille,Alternance,2022-09-27,2.3,900,,Oui,100
2756,Roux,Théo,NB,1994-02-14,théo.roux@datascope.fr,Direction,Strasbourg,Alternance,2018-07-23,6.4,1568.0,1196,Non,100
1420,Robert,Nicolas,F,1971-12-11,nicolas.robert@datascope.fr,Informatique,Bordeaux,CDI,2021-03-01,3.8,2472.0,1880,Non,80
2547,David,Julie,M,1980-03-15,julie.david@datascope.fr,Commercial,Toulouse,Interim,2017-07-19,7.5,1701.0,,Oui,100
2052,Moreau,Sarah,F,2000-04-16,sarah.moreau@datascope.fr,R&D,Lille,CDI,2016-07-27,8.4,2148.0,,Oui,80
3235,Vincent,Lucas,M,1966-11-01,lucas.vincent@datascope.fr,Opérations,Grenoble,CDI,2017-07-20,7.4,3102.0,1201,Non,50
2456,Michel,Sophie,F,1979-01-26,sophie.michel@datascope.fr,Direction,Grenoble,Alternance,2020-05-19,4.6,900,3118,Non,50
3294,Dubois,Romain,M,1991-12-07,romain.dubois@datascope.fr,Informatique,Toulouse,CDI,2021-07-28,3.4,2195.0,1401,Non,100
1595,Bertrand,Pierre,F,1982-08-29,pierre.bertrand@datascope.fr,Finance,Lyon,CDI,2017-06-09,7.6,3045.0,1801,Oui,100
1832,Robert,Chloé,F,1993-01-20,chloé.robert@datascope.fr,Informatique,Grenoble,CDI,2023-02-16,1.9,2644.0,2835,Non,100
1831,Thomas,Inès,F,1973-05-22,inès.thomas@datascope.fr,Opérations,Lille,CDI,2016-12-12,8.1,3781.0,,Non,50
3057,Dubois,Lucas,F,1990-06-30,lucas.dubois@datascope.fr,Opérations,Grenoble,Stage,2023-08-31,1.3,900,2067,Non,80
1350,Simon,Marie,F,1981-03-28,marie.simon@datascope.fr,Finance,Paris,CDI,2017-08-03,7.4,3051.0,2067,Oui,100
2598,Michel,Alice,M,1971-12-29,alice.michel@datascope.fr,Juridique,Paris,CDD,2024-03-11,0.8,3059.0,1747,Non,50
2693,David,Paul,F,1965-07-10,paul.david@datascope.fr,Juridique,Marseille,Stage,2022-03-20,2.8,900,,Oui,100
2611,Vincent,Sophie,M,1993-06-17,sophie.vincent@datascope.fr,Commercial,Lille,Alternance,2018-11-25,6.1,1549.0,1875,Non,50
3085,Dubois,Hugo,M,1999-03-18,hugo.dubois@datascope.fr,Commercial,Bordeaux,CDD,2022-04-13,2.7,1710.0,2597,Non,100
2288,Robert,Sophie,F,1984-04-29,sophie.robert@datascope.fr,Finance,Bordeaux,CDI,2021-04-22,3.7,3077.0,2619,Non,80
2436,Roux,Chloé,M,2000-06-04,chloé.roux@datascope.fr,Juridique,Paris,CDI,2019-06-10,5.6,926.0,2067,Non,100
1581,Simon,Alice,M,2013-06-01,alice.simon@datascope.fr,R&D,Strasbourg,CDI,2015-01-28,9.9,0,3334,Oui,100
1283,Michel,Chloé,F,1994-09-20,chloé.michel@datascope.fr,Commercial,Paris,CDI,2020-11-01,4.2,2680.0,1801,Non,100
2661,Garcia,Théo,F,1971-07-15,théo.garcia@datascope.fr,Marketing,Paris,CDI,2024-07-20,0.4,3485.0,1845,Oui,100
3125,Dubois,Hugo,M,1992-12-16,hugo.dubois@datascope.fr,R&D,Toulouse,CDI,2024-05-05,0.7,2991.0,,Non,50
1823,Roux,Inès,NB,1993-08-07,inès.roux@datascope.fr,RH,Bordeaux,Alternance,2018-06-01,6.6,1319.0,2835,Non,100
1010,Martin,Camille,M,1971-01-23,camille.martin@datascope.fr,Direction,Bordeaux,Alternance,2015-02-26,9.8,1284.0,1880,Non,80
2890,Martin,Léa,M,1998-10-05,léa.martin@datascope.fr,R&D,Bordeaux,CDI,2024-12-17,0.0,3108.0,3118,Non,100
2784,Simon,Emma,M,1990-06-07,emma.simon@datascope.fr,Direction,Paris,CDD,2017-01-10,8.0,3013.0,3284,Non,100
3353,Durand,Alice,M,1981-03-01,alice.durand@datascope.fr,Opérations,Bordeaux,Alternance,2021-12-28,3.0,1280.0,2645,Non,100
3212,Bertrand,Pierre,NB,1982-11-08,pierre.bertrand@datascope.fr,Commercial,Lille,Stage,2020-09-06,4.3,,1335,Non,100
1748,Petit,Sophie,F,1979-07-18,sophie.petit@datascope.fr,Juridique,Nantes,CDI,2017-09-07,7.3,2666.0,1790,Non,50
2923,Richard,Louis,M,1966-09-20,louis.richard@datascope.fr,R&D,Nantes,CDI,2015-05-06,9.7,2603.0,3028,Non,100
1426,Roux,Romain,M,1969-01-07,romain.roux@datascope.fr,Informatique,Lille,CDI,2024-08-31,0.3,4708.0,1875,Non,100
2518,Laurent,Léa,F,1987-01-09,léa.laurent@datascope.fr,RH,Lyon,CDI,2016-09-21,8.3,4454.0,1136,Non,80
1997,Michel,Marie,M,1975-04-25,marie.michel@datascope.fr,Opérations,Paris,CDI,2017-01-20,7.9,3330.0,1413,Non,80
2536,Thomas,Marie,M,1969-03-12,marie.thomas@datascope.fr,Finance,Paris,CDI,2018-11-30,6.1,1819.0,,Non,80
2900,Michel,Louis,F,1997-12-12,louis.michel@datascope.fr,Informatique,Nantes,Alternance,2019-07-01,5.5,1377.0,3284,Non,100
2323,Bertrand,Sophie,F,1995-04-12,sophie.bertrand@datascope.fr,Informatique,Nice,CDI,2023-07-29,1.4,4542.0,1818,Non,80
3185,Laurent,Antoine,M,1990-01-31,antoine.laurent@datascope.fr,R&D,Lyon,CDI,2024-11-27,0.1,2355.0,3028,Non,80
2589,David,Théo,M,1975-12-07,théo.david@datascope.fr,Direction,Lille,CDI,2021-02-22,3.9,2764.0,,Non,100
2359,Bernard,Louis,F,1991-03-22,louis.bernard@datascope.fr,Logistique,Marseille,CDD,2024-04-16,0.7,3082.0,2245,Non,100
2421,Simon,Paul,F,2011-02-08,paul.simondatascope.fr,Marketing,Bordeaux,CDI,2024-01-02,1.0,0,3284,Non,50
1405,Thomas,Camille,M,1969-05-07,camille.thomas@datascope.fr,Informatique,Grenoble,CDD,2017-10-09,7.2,1710.0,,Non,80
2944,Garcia,Lucas,F,1988-02-29,lucas.garcia@datascope.fr,Opérations,Bordeaux,CDI,2017-05-09,7.6,2666.0,1845,Oui,100
3382,Michel,Paul,M,1996-08-06,paul.michel@datascope.fr,Finance,Toulouse,CDI,2017-01-31,7.9,3406.0,1247,Non,80
1725,Moreau,Hugo,F,1993-07-20,hugo.moreau@datascope.fr,Opérations,Paris,CDD,2016-11-11,8.1,2230.0,3028,Non,100
1972,Dubois,Thomas,M,1979-08-13,thomas.dubois@datascope.fr,RH,Lille,CDI,2021-05-25,3.6,1901.0,1880,Non,100
1989,Robert,Inès,F,1992-01-09,inès.robert@datascope.fr,R&D,Nice,CDI,2019-01-21,5.9,1921.0,1136,Non,100
3077,Bernard,Camille,NB,1990-11-02,camille.bernard@datascope.fr,Direction,Strasbourg,CDI,2021-02-13,3.9,3666.0,,Non,100
1873,Lefebvre,Lucas,F,1983-05-11,lucas.lefebvre@datascope.fr,Informatique,Bordeaux,Alternance,2016-03-14,8.8,1095.0,1790,Non,100
3091,Dubois,Camille,F,1981-10-22,camille.dubois@datascope.fr,Direction,Lyon,CDD,2017-09-04,7.3,2273.0,3004,Non,100
1057,Simon,Inès,F,1983-03-09,inès.simon@datascope.fr,Opérations,Lille,CDI,2022-01-28,2.9,3153.0,3334,Oui,100
3067,Garcia,Chloé,F,1981-01-07,chloé.garcia@datascope.fr,Commercial,Nice,Stage,2024-02-22,0.9,900,,Non,100
1774,Vincent,Louis,F,1977-12-03,louis.vincent@datascope.fr,Marketing,Bordeaux,CDI,2015-11-03,9.2,3742.0,1801,Non,100
3100,Roux,Emma,M,1981-12-05,emma.roux@datascope.fr,RH,Strasbourg,CDI,2024-05-11,0.6,3173.0,3378,Oui,100
1923,Vincent,Sophie,F,1978-03-14,sophie.vincent@datascope.fr,Finance,Strasbourg,CDI,2021-03-19,3.8,3348.0,1845,Non,80
1792,Lefebvre,Inès,F,1988-03-06,inès.lefebvre@datascope.fr,R&D,Nantes,CDD,2017-10-27,7.2,1467.0,1127,Oui,80
1785,Durand,Thomas,F,1988-06-17,thomas.durand@datascope.fr,RH,Lille,Stage,2016-05-12,8.6,900,2525,Non,50
2457,Laurent,Camille,M,1993-04-04,camille.laurent@datascope.fr,Juridique,Marseille,CDI,2016-04-28,8.7,1841.0,1194,Oui,50
3286,Thomas,Paul,F,1984-07-09,paul.thomas@datascope.fr,R&D,Bordeaux,CDI,2023-09-03,1.3,3475.0,1790,Non,100
2034,Dubois,Thomas,NB,1977-06-12,thomas.dubois@datascope.fr,Logistique,Grenoble,CDI,2024-11-13,0.1,2684.0,3334,Non,50
2285,Leroy,Chloé,F,1973-10-10,chloé.leroy@datascope.fr,Commercial,Marseille,Alternance,2015-03-23,9.8,900,1818,Oui,100
1083,Dubois,Inès,NB,1991-07-01,inès.dubois@datascope.fr,Commercial,Nice,CDI,2020-08-25,4.4,2706.0,1957,Oui,80
1422,Petit,Sarah,M,1965-12-02,sarah.petit@datascope.fr,Commercial,Grenoble,CDI,2020-09-28,4.3,3369.0,1801,Non,100
3202,Laurent,Léa,M,1977-02-01,léa.laurent@datascope.fr,RH,Toulouse,CDI,2020-09-26,4.3,2886.0,2597,Oui,100
1206,Bernard,Alice,M,1993-11-17,alice.bernard@datascope.fr,Informatique,Grenoble,CDI,2020-09-08,4.3,2851.0,2597,Non,80
1786,Leroy,Marie,M,1977-12-24,marie.leroy@datascope.fr,R&D,Strasbourg,CDI,2018-03-16,6.8,1338.0,1335,Non,100
2797,David,Louis,F,1967-09-07,louis.david@datascope.fr,Juridique,Bordeaux,Alternance,2016-02-14,8.9,987.0,,Non,50
1716,Simon,Inès,M,1966-01-17,inès.simon@datascope.fr,Marketing,Lille,CDI,2018-10-24,6.2,2131.0,1005,Non,50
1381,Robert,Hugo,M,1970-10-03,hugo.robert@datascope.fr,R&D,Toulouse,CDI,2023-05-14,1.6,2138.0,1196,Non,100
1763,Vincent,Nicolas,F,1972-06-24,nicolas.vincent@datascope.fr,Opérations,Lille,CDI,2021-12-31,3.0,2971.0,1569,Non,100
3279,Roux,Paul,F,1969-04-13,paul.roux@datascope.fr,Informatique,Lyon,CDD,2018-01-26,6.9,1786.0,2461,Oui,100
1593,Garcia,Pierre,M,2000-10-02,pierre.garcia@datascope.fr,RH,Grenoble,CDI,2024-04-11,0.7,3491.0,2245,Oui,100
2486,Fournier,Julie,F,2011-07-12,julie.fournier@datascope.fr,Management,Bordeaux,Alternance,2018-05-15,6.6,0,1875,Oui,100
3025,Durand,Paul,F,1993-02-04,paul.durand@datascope.fr,Direction,Nantes,Alternance,2018-10-01,6.3,1212.0,3334,Non,100
1211,Petit,Chloé,M,1996-03-13,chloé.petit@datascope.fr,Opérations,Bordeaux,CDI,2017-09-16,7.3,3625.0,1136,Non,50
1157,Dubois,Alice,M,1988-04-25,alice.dubois@datascope.fr,Commercial,Lille,CDD,2020-04-09,4.7,2073.0,1194,Non,100
2204,Robert,Julie,F,1966-10-23,julie.robert@datascope.fr,Logistique,Paris,Alternance,2017-05-30,7.6,,1127,Oui,50
1026,Durand,Camille,F,2000-06-27,camille.durand@datascope.fr,RH,Strasbourg,CDI,2016-10-04,8.2,3491.0,,Non,50
1429,Bernard,Marie,F,1967-12-02,marie.bernard@datascope.fr,Direction,Toulouse,CDI,2023-10-11,1.2,3892.0,2245,Non,100
3302,David,Théo,F,1977-05-13,théo.david@datascope.fr,Finance,Bordeaux,CDI,2024-05-31,0.6,2111.0,2461,Non,100
2004,Durand,Marie,F,2000-07-07,marie.durand@datascope.fr,Opérations,Strasbourg,CDI,2018-06-22,6.5,3307.0,1845,Non,100
2423,Durand,Inès,F,1979-08-31,inès.durand@datascope.fr,RH,Marseille,CDI,2016-07-20,8.4,2015.0,,Non,100
3119,Fournier,Sarah,M,1977-10-19,sarah.fournier@datascope.fr,Commercial,Paris,CDD,2020-04-17,4.7,3486.0,1195,Oui,100
2491,Martin,Antoine,M,1982-03-28,antoine.martin@datascope.fr,Informatique,Bordeaux,CDI,2017-11-19,7.1,3241.0,1880,Non,100
3186,Durand,Pierre,F,1994-02-24,pierre.durand@datascope.fr,Logistique,Nantes,CDI,2024-06-07,0.6,3161.0,2245,Non,100
1392,Lefebvre,Lucas,F,1978-09-12,lucas.lefebvre@datascope.fr,Logistique,Strasbourg,Alternance,2021-11-11,3.1,1251.0,1307,Non,50
1557,Vincent,Théo,M,1976-01-19,théo.vincent@datascope.fr,Finance,Lille,CDI,2019-06-03,5.6,2072.0,,Non,100
1233,Roux,Paul,NB,1982-05-21,paul.roux@datascope.fr,Opérations,Strasbourg,CDI,2018-09-12,6.3,3643.0,,Non,100
2119,Bertrand,Marie,M,1986-03-14,marie.bertrand@datascope.fr,Juridique,Lyon,CDI,2016-11-12,8.1,1818.0,3016,Oui,50
2742,Petit,Camille,F,1990-02-05,camille.petit@datascope.fr,Informatique,Paris,CDI,2024-08-18,0.4,3405.0,1100,Oui,100
1695,Lefebvre,Théo,F,1997-11-12,théo.lefebvre@datascope.fr,Finance,Lille,Interim,2023-12-03,1.1,2299.0,2967,Non,100
2943,Laurent,Théo,M,1996-03-01,théo.laurent@datascope.fr,Direction,Nantes,CDI,2019-02-28,5.8,1872.0,,Non,100
1342,Fournier,Sophie,M,2000-02-16,sophie.fournier@datascope.fr,R&D,Marseille,CDI,2021-09-11,3.3,3156.0,3142,Non,100
3348,Simon,Théo,M,1989-11-21,théo.simon@datascope.fr,Opérations,Paris,CDI,2019-11-16,5.1,2732.0,1005,Oui,100
2801,Bernard,Emma,F,1991-04-13,emma.bernard@datascope.fr,Marketing,Paris,CDI,2023-11-12,1.1,2451.0,,Non,50
1536,Durand,Chloé,M,1976-01-08,chloé.durand@datascope.fr,Finance,Paris,CDI,2021-05-22,3.6,2813.0,1195,Oui,100
1048,Lefebvre,Lucas,M,1976-03-20,lucas.lefebvre@datascope.fr,Juridique,Nice,CDD,2016-07-02,8.5,2537.0,,Non,100
2277,Laurent,Sophie,M,1977-01-25,sophie.laurent@datascope.fr,Juridique,Marseille,CDI,2017-04-16,7.7,2090.0,1957,Non,50
1401,Bernard,Sophie,M,2013-02-22,sophie.bernard@datascope.fr,Logistics,Marseille,CDI,2021-02-02,3.9,0,1247,Non,100
1268,Thomas,Sophie,F,1969-06-30,sophie.thomas@datascope.fr,Informatique,Toulouse,CDI,2016-03-08,8.8,3170.0,1127,Oui,100
1011,Thomas,Paul,M,1965-07-29,paul.thomas@datascope.fr,Opérations,Lille,Stage,2022-07-24,2.4,900,1100,Non,100
2231,Dubois,Lucas,NB,1972-03-03,lucas.dubois@datascope.fr,Opérations,Nantes,CDI,2020-06-19,4.5,3041.0,2645,Non,100
3377,David,Inès,F,1972-08-02,inès.david@datascope.fr,Direction,Marseille,Alternance,2024-10-06,0.2,1185.0,1845,Non,100
1664,Roux,Léa,F,1990-08-17,léa.roux@datascope.fr,Logistique,Lyon,Stage,2021-02-01,3.9,900,,Non,80
1259,Durand,Inès,M,1982-08-17,inès.durand@datascope.fr,RH,Grenoble,CDI,2022-08-12,2.4,2022.0,2835,Non,100
2860,Richard,Lucas,F,1990-11-29,lucas.richard@datascope.fr,R&D,Grenoble,CDI,2024-02-03,0.9,3586.0,1307,Oui,100
1826,David,Nicolas,M,1971-12-11,nicolas.david@datascope.fr,Marketing,Lille,CDI,2017-02-15,7.9,4192.0,1335,Non,80
1004,Fournier,Romain,F,1981-01-13,romain.fournier@datascope.fr,Marketing,Bordeaux,CDI,2016-06-04,8.6,2271.0,1194,Non,100
3246,Garcia,Théo,F,1994-05-06,théo.garcia@datascope.fr,Commercial,Nantes,CDD,2019-05-14,5.6,1266.0,2525,Non,80
1645,Dubois,Marie,F,1982-10-14,marie.dubois@datascope.fr,R&D,Paris,Interim,2018-12-08,6.1,2416.0,1747,Non,80
1053,Roux,Théo,NB,1984-02-28,théo.roux@datascope.fr,Juridique,Paris,Stage,2015-06-03,9.6,900,1875,Oui,50
2689,Roux,Chloé,M,1986-01-23,chloé.roux@datascope.fr,RH,Lyon,Stage,2021-03-26,3.8,900,,Non,100
3368,Robert,Marie,M,1974-10-27,marie.robert@datascope.fr,Informatique,Strasbourg,Alternance,2020-08-09,4.4,1054.0,1948,Non,50
2319,Bertrand,Théo,M,1985-06-19,théo.bertrand@datascope.fr,RH,Strasbourg,CDI,2017-09-10,7.3,2339.0,1194,Non,100
3098,Michel,Théo,F,1976-02-13,théo.michel@datascope.fr,Logistique,Paris,CDD,2023-11-21,1.1,3104.0,1247,Non,100
2983,Lefebvre,Chloé,F,1997-09-08,chloé.lefebvre@datascope.fr,Juridique,Nantes,CDI,2023-05-26,1.6,2561.0,2067,Non,100
2619,Roux,Marie,F,2014-03-24,marie.rouxdatascope.fr,Marketing,Nantes,Interim,2018-07-09,-2.4,0,1092,Non,50
1439,Leroy,Thomas,F,1991-11-21,thomas.leroy@datascope.fr,Logistique,Strasbourg,Stage,2016-06-29,8.5,1031.0,2967,Non,100
2264,Martin,Chloé,F,1977-05-03,chloé.martin@datascope.fr,Direction,Strasbourg,CDD,2015-12-06,9.1,1985.0,1005,Oui,50
2922,Lefebvre,Thomas,M,1971-01-29,thomas.lefebvre@datascope.fr,Juridique,Lille,CDD,2020-01-09,5.0,2442.0,1413,Non,80
1285,Bernard,Antoine,M,1978-06-13,antoine.bernard@datascope.fr,Juridique,Bordeaux,CDI,2016-02-26,8.8,1516.0,1100,Non,80
1099,Thomas,Lucas,NB,1981-11-01,lucas.thomas@datascope.fr,Juridique,Lille,CDD,2021-01-10,4.0,2955.0,1005,Non,100
2740,Durand,Inès,M,1968-09-15,inès.durand@datascope.fr,Opérations,Lyon,CDI,2016-05-14,8.6,1762.0,2597,Oui,100
2681,Vincent,Pierre,M,1993-10-20,pierre.vincent@datascope.fr,RH,Grenoble,Interim,2019-08-22,5.4,2041.0,,Oui,80
3118,Lefebvre,Louis,NB,2013-01-25,louis.lefebvredatascope.fr,Marketing,Lille,CDI,2018-03-24,-0.4,0,3016,Non,100
1667,Durand,Thomas,NB,1980-05-16,thomas.durand@datascope.fr,Commercial,Grenoble,CDI,2017-01-13,8.0,1469.0,1195,Non,100
1650,Vincent,Léa,F,1992-01-26,léa.vincent@datascope.fr,Logistique,Bordeaux,CDI,2015-03-07,9.8,2797.0,3118,Non,100
2495,Petit,Chloé,F,1984-04-02,chloé.petit@datascope.fr,Juridique,Marseille,Alternance,2021-07-17,3.5,1499.0,,Non,100
1105,Leroy,Nicolas,F,1991-02-24,nicolas.leroy@datascope.fr,Juridique,Bordeaux,CDI,2018-11-26,6.1,3415.0,1790,Oui,80
2139,Dubois,Thomas,F,1991-10-20,thomas.dubois@datascope.fr,Direction,Bordeaux,CDI,2017-01-15,8.0,2897.0,3284,Non,80
3395,Richard,Romain,F,2000-07-10,romain.richard@datascope.fr,Informatique,Grenoble,CDI,2023-05-10,1.6,3063.0,1957,Non,50
1487,Moreau,Théo,M,1968-12-07,théo.moreau@datascope.fr,R&D,Strasbourg,Alternance,2015-07-20,9.5,1779.0,1401,Non,50
1328,Martin,Léa,NB,1995-02-03,léa.martin@datascope.fr,Opérations,Toulouse,Stage,2023-12-31,1.0,900,1845,Non,80
2249,Bertrand,Théo,F,1990-06-01,théo.bertrand@datascope.fr,Commercial,Nice,CDI,2017-05-10,7.6,3238.0,1194,Non,50
1321,Simon,Marie,NB,1976-06-01,marie.simon@datascope.fr,Commercial,Marseille,CDI,2018-06-05,6.6,2471.0,3118,Non,100
3269,Durand,Thomas,F,1992-09-25,thomas.durand@datascope.fr,Marketing,Grenoble,CDI,2016-01-26,8.9,2955.0,1092,Oui,100
1644,Robert,Emma,F,1968-04-23,emma.robert@datascope.fr,Commercial,Nantes,CDD,2020-05-07,4.7,3033.0,,Non,100
1747,Vincent,Camille,M,2010-01-13,camille.vincentdatascope.fr,Logistics,Paris,CDD,2023-05-13,1.6,0,,Non,100
1892,Dubois,Julie,M,1978-08-20,julie.dubois@datascope.fr,Opérations,Toulouse,Alternance,2017-11-02,7.2,1280.0,2245,Non,50
2568,Garcia,Romain,M,1993-09-08,romain.garcia@datascope.fr,Marketing,Marseille,CDI,2015-07-06,9.5,3080.0,1845,Non,100
3166,Bernard,Julie,F,1968-04-13,julie.bernard@datascope.fr,Logistique,Grenoble,CDI,2024-08-14,0.4,1633.0,1875,Non,100
3211,Martin,Théo,M,1967-04-18,théo.martin@datascope.fr,Finance,Marseille,CDI,2015-02-12,9.9,2860.0,1845,Non,100
2748,Leroy,Marie,M,1995-01-03,marie.leroy@datascope.fr,Commercial,Lille,Alternance,2023-07-24,1.4,910.0,2607,Oui,80
1150,David,Sophie,M,1975-06-01,sophie.david@datascope.fr,Juridique,Lille,CDI,2015-05-07,9.7,3903.0,1641,Non,100
1953,Bernard,Hugo,F,1965-11-14,hugo.bernard@datascope.fr,Juridique,Marseille,CDI,2018-08-20,6.4,2518.0,1747,Non,100
1370,Martin,Inès,F,1993-02-09,inès.martin@datascope.fr,Juridique,Strasbourg,CDI,2015-11-10,9.1,2591.0,3016,Non,100
2375,Thomas,Antoine,F,1993-03-15,antoine.thomas@datascope.fr,R&D,Marseille,CDI,2020-04-07,4.7,2624.0,1641,Non,100
1964,Petit,Louis,F,1994-07-11,louis.petit@datascope.fr,Opérations,Lille,CDI,2020-12-14,4.0,3003.0,2245,Non,50
1454,Lefebvre,Nicolas,F,1986-03-30,nicolas.lefebvre@datascope.fr,Direction,Paris,CDI,2022-05-14,2.6,2384.0,3028,Oui,100
2251,Moreau,Chloé,M,1978-08-23,chloé.moreau@datascope.fr,Juridique,Marseille,Alternance,2021-05-12,3.6,972.0,1196,Oui,100
1913,Durand,Louis,F,1981-02-02,louis.durand@datascope.fr,Logistique,Nice,CDI,2024-02-17,0.9,1874.0,1179,Non,100
1158,Michel,Antoine,F,1980-11-28,antoine.michel@datascope.fr,Commercial,Lille,CDI,2018-10-23,6.2,3172.0,1335,Non,100
2788,Laurent,Camille,M,1984-03-31,camille.laurent@datascope.fr,R&D,Lyon,CDI,2020-05-09,4.6,2656.0,1569,Non,100
1808,Michel,Sarah,M,1970-07-08,sarah.michel@datascope.fr,RH,Bordeaux,CDI,2024-04-24,0.7,3370.0,1247,Non,100
3346,Michel,Pierre,M,1978-07-17,pierre.michel@datascope.fr,Finance,Nice,CDI,2020-08-29,4.3,2541.0,3284,Oui,100
2716,Martin,Hugo,M,1986-02-17,hugo.martin@datascope.fr,Marketing,Strasbourg,CDI,2023-08-22,1.4,,,Non,100
1994,David,Thomas,M,1972-06-18,thomas.david@datascope.fr,Direction,Lille,CDI,2024-12-02,0.1,2891.0,1845,Non,80
1220,Bernard,Théo,F,2000-09-30,théo.bernard@datascope.fr,RH,Lille,CDI,2024-05-14,0.6,3006.0,1247,Non,50
1023,Petit,Thomas,F,1969-10-25,thomas.petit@datascope.fr,R&D,Nice,CDI,2017-01-10,8.0,3802.0,1005,Non,100
3006,Roux,Nicolas,NB,1966-11-19,nicolas.roux@datascope.fr,RH,Lille,CDI,2017-08-23,7.4,3161.0,1948,Non,100
1043,Bernard,Romain,F,1990-01-04,romain.bernard@datascope.fr,Marketing,Grenoble,CDD,2020-07-19,4.5,2337.0,3378,Oui,80
2692,Martin,Alice,M,1966-10-14,alice.martin@datascope.fr,Informatique,Nantes,CDI,2017-08-09,7.4,2974.0,,Non,100
3355,Robert,Antoine,M,1989-10-16,antoine.robert@datascope.fr,R&D,Lyon,CDI,2018-12-19,6.0,2839.0,1247,Non,100
3308,Simon,Lucas,M,1983-01-18,lucas.simon@datascope.fr,Direction,Nantes,Stage,2022-10-25,2.2,900,1801,Non,100
2056,Moreau,Sarah,NB,1981-04-20,sarah.moreau@datascope.fr,Commercial,Grenoble,CDI,2022-12-22,2.0,2754.0,2967,Non,100
3178,Lefebvre,Marie,M,1982-08-12,marie.lefebvre@datascope.fr,Marketing,Marseille,Alternance,2020-07-03,4.5,1092.0,3004,Non,100
3200,Leroy,Romain,M,1983-03-29,romain.leroy@datascope.fr,Informatique,Nantes,CDI,2021-11-19,3.1,3110.0,,Oui,100
1365,Simon,Thomas,F,1998-01-01,thomas.simon@datascope.fr,R&D,Strasbourg,CDI,2020-11-17,4.1,2806.0,,Oui,80
3112,Bertrand,Paul,M,1999-07-02,paul.bertrand@datascope.fr,Informatique,Paris,CDI,2015-02-26,9.8,2967.0,1127,Non,100
3328,David,Romain,F,1978-05-09,romain.david@datascope.fr,R&D,Lille,CDI,2022-04-02,2.7,2854.0,2630,Oui,100
1676,Thomas,Marie,F,1973-02-24,marie.thomas@datascope.fr,RH,Grenoble,CDI,2023-01-21,1.9,3665.0,,Oui,100
1802,Durand,Emma,M,1974-11-18,emma.durand@datascope.fr,Commercial,Strasbourg,CDI,2022-05-24,2.6,3458.0,2245,Non,100
1797,David,Romain,F,1968-12-11,romain.david@datascope.fr,Logistique,Bordeaux,Alternance,2023-08-06,1.4,1392.0,3378,Non,100
1352,Leroy,Nicolas,F,1974-09-10,nicolas.leroy@datascope.fr,Finance,Marseille,Interim,2021-08-20,3.4,2110.0,2245,Non,50
1740,Thomas,Inès,M,1977-07-04,inès.thomas@datascope.fr,Logistique,Paris,CDI,2022-05-06,2.7,2889.0,1561,Non,50
2516,Thomas,Hugo,F,1967-06-01,hugo.thomas@datascope.fr,RH,Toulouse,Stage,2015-04-18,9.7,900,3378,Oui,100
2113,Bertrand,Camille,F,1976-03-03,camille.bertrand@datascope.fr,Informatique,Paris,CDI,2020-10-13,4.2,3185.0,2525,Non,100
2539,Garcia,Emma,F,1989-11-18,emma.garcia@datascope.fr,Juridique,Nice,CDI,2019-06-24,5.5,2574.0,1880,Oui,100
1473,Laurent,Camille,M,1969-03-14,camille.laurent@datascope.fr,Informatique,Lyon,CDI,2021-04-28,3.7,3106.0,3004,Non,100
1819,Fournier,Lucas,M,1994-05-20,lucas.fournier@datascope.fr,Informatique,Lyon,CDI,2015-04-23,9.7,2349.0,1005,Non,100
2905,Robert,Louis,M,1991-03-22,louis.robert@datascope.fr,RH,Strasbourg,CDI,2015-11-23,9.1,4562.0,1747,Non,100
2265,Laurent,Julie,F,1976-03-31,julie.laurent@datascope.fr,Juridique,Marseille,CDI,2016-02-07,8.9,3099.0,2525,Non,100
2791,Moreau,Sarah,F,1975-05-22,sarah.moreau@datascope.fr,R&D,Nice,CDI,2015-07-21,9.4,2612.0,3378,Non,50
1120,Garcia,Sarah,M,1978-01-26,sarah.garcia@datascope.fr,Marketing,Nantes,CDI,2022-12-19,2.0,2690.0,2630,Oui,80
2770,Richard,Thomas,F,1987-11-05,thomas.richard@datascope.fr,Finance,Toulouse,CDI,2022-04-09,2.7,2808.0,,Non,80
1671,Bernard,Pierre,F,1992-10-19,pierre.bernard@datascope.fr,RH,Lyon,CDI,2024-06-28,0.5,2530.0,1948,Non,100
1486,Bernard,Romain,M,1996-11-10,romain.bernard@datascope.fr,Logistique,Paris,CDI,2016-03-26,8.8,2705.0,2461,Non,100
1108,Petit,Paul,F,1967-12-09,paul.petit@datascope.fr,Opérations,Lille,Stage,2018-10-17,6.2,900,,Non,80
1688,Roux,Louis,F,1966-07-02,louis.roux@datascope.fr,Logistique,Toulouse,CDI,2017-07-14,7.5,3367.0,2515,Non,100
2807,Moreau,Théo,F,1973-12-20,théo.moreau@datascope.fr,Direction,Toulouse,CDI,2017-12-29,7.0,3376.0,,Non,100
2670,Richard,Paul,F,1968-06-28,paul.richard@datascope.fr,Opérations,Bordeaux,CDI,2023-08-15,1.4,2499.0,2245,Non,100
2751,Lefebvre,Thomas,F,1978-04-23,thomas.lefebvre@datascope.fr,Direction,Paris,CDI,2022-06-13,2.6,2839.0,1195,Non,50
1704,Durand,Théo,F,1969-12-27,théo.durand@datascope.fr,Informatique,Grenoble,Interim,2024-01-05,1.0,1808.0,3118,Non,100
1373,Bernard,Sophie,M,1996-11-27,sophie.bernard@datascope.fr,R&D,Nantes,CDI,2023-06-14,1.5,3359.0,2067,Non,50
2992,Garcia,Thomas,M,2010-12-24,thomas.garcia@datascope.fr,Marketing,Nice,CDD,2017-02-06,7.9,0,3284,Non,100
3234,Robert,Paul,M,1997-05-28,paul.robert@datascope.fr,Opérations,Lyon,CDI,2016-03-13,8.8,2049.0,1127,Non,50
2002,Dubois,Thomas,M,1983-05-28,thomas.dubois@datascope.fr,Marketing,Marseille,CDI,2020-03-04,4.8,3682.0,1747,Non,50
2515,Leroy,Emma,NB,2013-05-21,emma.leroydatascope.fr,Operations,Nantes,CDD,2021-07-13,-1.8,0,2967,Non,80
2622,Martin,Chloé,NB,1982-05-18,chloé.martin@datascope.fr,Juridique,Bordeaux,Stage,2024-07-26,0.4,900,,Oui,100
1324,Durand,Hugo,M,1986-08-26,hugo.durand@datascope.fr,Informatique,Grenoble,Alternance,2023-10-29,1.2,960.0,1519,Oui,100
3278,Bertrand,Pierre,M,1970-09-04,pierre.bertrand@datascope.fr,R&D,Paris,CDI,2024-08-23,0.4,3216.0,1195,Non,100
2771,Michel,Alice,F,1977-02-23,alice.michel@datascope.fr,Logistique,Nantes,Alternance,2023-07-30,1.4,1247.0,3334,Non,50
1833,Thomas,Hugo,M,1985-10-31,hugo.thomas@datascope.fr,R&D,Strasbourg,CDI,2019-12-13,5.1,3408.0,2461,Non,100
1902,Bernard,Antoine,M,1991-11-03,antoine.bernard@datascope.fr,RH,Grenoble,CDI,2021-01-08,4.0,3189.0,2421,Non,100
3052,Durand,Sarah,M,1970-11-19,sarah.durand@datascope.fr,Direction,Nice,CDI,2021-06-16,3.5,2297.0,1845,Non,100
2302,Martin,Théo,M,1983-05-21,théo.martin@datascope.fr,Commercial,Lyon,CDI,2015-03-27,9.8,2506.0,,Non,100
3080,Dubois,Nicolas,F,1975-02-15,nicolas.dubois@datascope.fr,Finance,Nice,Alternance,2024-05-26,0.6,1447.0,1092,Oui,80
1693,Bertrand,Chloé,M,1983-11-29,chloé.bertrand@datascope.fr,Informatique,Nice,CDI,2020-08-08,4.4,1618.0,1413,Non,100
2741,Michel,Thomas,NB,1985-02-14,thomas.michel@datascope.fr,Marketing,Paris,CDI,2021-11-26,3.1,1244.0,2245,Non,100
1115,Richard,Sarah,F,1986-07-12,sarah.richard@datascope.fr,Direction,Toulouse,CDI,2015-03-26,9.8,4113.0,3284,Non,80
1456,Thomas,Chloé,F,1976-01-21,chloé.thomas@datascope.fr,RH,Bordeaux,Alternance,2018-04-10,6.7,1004.0,1948,Non,100
2657,Laurent,Chloé,F,1967-03-29,chloé.laurent@datascope.fr,Direction,Toulouse,CDI,2017-10-26,7.2,2820.0,1179,Non,100
1960,Thomas,Sarah,M,1972-02-08,sarah.thomas@datascope.fr,Informatique,Nice,CDI,2022-05-30,2.6,2716.0,3378,Non,100
2399,Vincent,Pierre,M,2000-11-16,pierre.vincent@datascope.fr,Informatique,Paris,CDI,2018-04-22,6.7,3001.0,,Non,100
2843,Laurent,Louis,M,1968-12-24,louis.laurent@datascope.fr,Finance,Toulouse,CDD,2018-09-19,6.3,2790.0,1196,Non,100
2412,Leroy,Emma,M,1990-12-03,emma.leroy@datascope.fr,Informatique,Grenoble,CDI,2021-09-05,3.3,3288.0,,Oui,100
1844,Bertrand,Chloé,F,1977-09-26,chloé.bertrand@datascope.fr,Informatique,Bordeaux,CDI,2015-02-23,9.9,2030.0,2645,Non,50
1287,Bernard,Inès,F,1966-10-08,inès.bernard@datascope.fr,Logistique,Marseille,CDI,2024-11-26,0.1,2495.0,3118,Non,100
2011,David,Sophie,M,1998-01-13,sophie.david@datascope.fr,Finance,Marseille,Alternance,2018-09-02,6.3,1055.0,,Non,100
3247,Richard,Emma,M,1987-03-19,emma.richard@datascope.fr,Logistique,Lyon,Alternance,2019-01-28,5.9,1112.0,1100,Non,50
2510,Roux,Louis,F,1968-06-22,louis.roux@datascope.fr,Marketing,Strasbourg,CDI,2024-03-06,0.8,2961.0,2067,Non,80
3065,Bertrand,Lucas,M,1984-12-28,lucas.bertrand@datascope.fr,RH,Paris,CDD,2015-12-04,9.1,2517.0,1100,Non,50
3250,Laurent,Alice,NB,1996-12-21,alice.laurent@datascope.fr,Logistique,Grenoble,CDD,2022-12-15,2.0,2007.0,2835,Non,100
3163,Garcia,Théo,F,1978-05-05,théo.garcia@datascope.fr,RH,Nantes,Stage,2017-05-11,7.6,900,3016,Oui,100
2512,Simon,Emma,F,1984-12-18,emma.simon@datascope.fr,Informatique,Paris,CDI,2015-02-08,9.9,,2245,Non,80
1415,Michel,Sophie,F,1995-02-12,sophie.michel@datascope.fr,R&D,Lille,Stage,2015-11-03,9.2,900,1247,Non,100
3013,Bernard,Camille,M,1969-12-12,camille.bernard@datascope.fr,Informatique,Marseille,CDI,2020-01-20,4.9,2358.0,1790,Non,80
2958,Bertrand,Alice,M,1970-05-18,alice.bertrand@datascope.fr,RH,Toulouse,CDI,2024-09-23,0.3,2400.0,1880,Non,100
2482,Leroy,Alice,F,1995-09-18,alice.leroy@datascope.fr,Direction,Strasbourg,CDI,2023-06-11,1.6,2928.0,,Non,100
1122,Bertrand,Emma,F,1990-04-08,emma.bertrand@datascope.fr,Informatique,Strasbourg,CDD,2024-12-28,0.0,2185.0,,Non,100
2769,Thomas,Camille,M,1968-09-28,camille.thomas@datascope.fr,RH,Nice,CDI,2020-05-03,4.7,3305.0,2645,Oui,100
2447,Richard,Marie,F,1981-11-25,marie.richard@datascope.fr,Opérations,Strasbourg,CDI,2021-06-23,3.5,2856.0,2067,Oui,100
2298,Michel,Alice,F,1997-01-30,alice.michel@datascope.fr,Marketing,Nantes,Stage,2022-05-14,2.6,900,1519,Non,100
1410,Lefebvre,Alice,F,1981-11-16,alice.lefebvre@datascope.fr,R&D,Grenoble,CDI,2019-02-03,5.9,2613.0,2619,Non,50
1583,Durand,Lucas,F,1993-02-13,lucas.durand@datascope.fr,Logistique,Nantes,CDI,2021-11-17,3.1,3182.0,1801,Non,50
1584,Simon,Théo,F,1985-07-28,théo.simon@datascope.fr,Logistique,Bordeaux,CDI,2019-09-10,5.3,3644.0,2645,Non,100
3262,Garcia,Emma,M,1982-10-25,emma.garcia@datascope.fr,Marketing,Toulouse,CDI,2021-02-09,3.9,3237.0,,Non,100
1278,Petit,Paul,F,1993-02-28,paul.petit@datascope.fr,RH,Grenoble,CDI,2016-09-15,8.3,2964.0,1307,Non,50
2130,Roux,Nicolas,F,2000-05-03,nicolas.roux@datascope.fr,Informatique,Lille,CDD,2018-10-03,6.2,1869.0,1335,Non,50
1052,Petit,Camille,M,1969-10-15,camille.petit@datascope.fr,Finance,Strasbourg,CDI,2023-05-01,1.7,2382.0,1747,Non,50
3088,Michel,Inès,F,1976-06-23,inès.michel@datascope.fr,Direction,Nantes,CDI,2024-09-11,0.3,1957.0,1100,Non,50
2614,Robert,Sarah,M,1998-06-13,sarah.robert@datascope.fr,Direction,Bordeaux,Interim,2024-03-19,0.8,2481.0,,Non,100
2734,Garcia,Lucas,F,1992-06-03,lucas.garcia@datascope.fr,Direction,Lyon,CDI,2021-07-01,3.5,2793.0,2245,Non,100
1597,Moreau,Paul,F,1996-02-17,paul.moreau@datascope.fr,Opérations,Lille,CDI,2022-05-13,2.6,1813.0,,Non,50
1841,Lefebvre,Inès,F,1987-02-11,inès.lefebvre@datascope.fr,Finance,Paris,CDD,2020-09-14,4.3,2960.0,1247,Oui,50
1618,Lefebvre,Nicolas,F,1980-12-18,nicolas.lefebvre@datascope.fr,R&D,Toulouse,Stage,2022-03-27,2.8,900,,Non,50
2581,Petit,Théo,F,1966-04-23,théo.petit@datascope.fr,Direction,Nantes,CDD,2024-05-01,0.7,1902.0,1092,Oui,80
2280,Lefebvre,Emma,M,1986-09-01,emma.lefebvre@datascope.fr,Juridique,Strasbourg,CDI,2021-12-26,3.0,2751.0,2630,Non,100
1201,Garcia,Hugo,M,2013-09-14,hugo.garciadatascope.fr,IT,Nantes,CDI,2022-04-02,2.7,0,,Non,100
1018,Fournier,Hugo,M,1991-06-01,hugo.fournier@datascope.fr,R&D,Strasbourg,Stage,2022-05-25,2.6,900,,Non,100
1849,Robert,Julie,M,1990-10-16,julie.robert@datascope.fr,Logistique,Nice,CDI,2020-07-23,4.4,3757.0,2619,Non,50
3014,Simon,Léa,M,1993-08-16,léa.simon@datascope.fr,Direction,Grenoble,CDD,2024-02-11,0.9,2027.0,1413,Oui,100
1571,Roux,Sophie,F,1983-04-17,sophie.roux@datascope.fr,R&D,Nantes,CDD,2016-06-05,8.6,2492.0,1880,Non,100
1977,Leroy,Lucas,M,1989-09-02,lucas.leroy@datascope.fr,R&D,Grenoble,Alternance,2016-01-07,9.0,1303.0,3016,Non,80
2544,Petit,Emma,F,1971-07-07,emma.petit@datascope.fr,RH,Bordeaux,Alternance,2019-05-10,5.6,1382.0,1818,Non,100
1344,Bertrand,Théo,M,1987-04-08,théo.bertrand@datascope.fr,Logistique,Lille,Alternance,2023-07-13,1.5,1134.0,1641,Non,100
2861,Leroy,Alice,M,1994-03-08,alice.leroy@datascope.fr,Juridique,Nice,CDI,2018-04-22,6.7,1878.0,1747,Non,100
1750,Roux,Marie,F,1994-10-25,marie.roux@datascope.fr,Commercial,Nantes,CDI,2017-03-15,7.8,3018.0,1201,Non,100
2541,Durand,Chloé,M,1976-07-09,chloé.durand@datascope.fr,RH,Toulouse,CDI,2018-06-08,6.6,2807.0,2461,Non,100
1394,David,Lucas,F,1971-11-24,lucas.david@datascope.fr,Finance,Lyon,CDI,2019-08-10,5.4,3205.0,,Non,100
1384,Bernard,Hugo,F,1971-03-03,hugo.bernard@datascope.fr,Direction,Toulouse,CDI,2022-05-21,2.6,1785.0,2461,Oui,100
1114,Moreau,Marie,NB,1990-09-27,marie.moreau@datascope.fr,Opérations,Bordeaux,CDI,2021-03-29,3.8,2966.0,1519,Oui,50
2798,Richard,Lucas,M,1972-11-08,lucas.richard@datascope.fr,R&D,Bordeaux,Alternance,2020-09-06,4.3,1478.0,,Oui,100
3175,Vincent,Léa,M,1993-10-23,léa.vincent@datascope.fr,R&D,Lille,Alternance,2018-05-15,6.6,947.0,,Non,100
3137,Bernard,Alice,F,1993-03-19,alice.bernard@datascope.fr,Informatique,Toulouse,CDI,2022-02-11,2.9,3011.0,1880,Oui,100
3312,Garcia,Antoine,M,1976-06-24,antoine.garcia@datascope.fr,RH,Toulouse,CDD,2022-03-24,2.8,2439.0,2967,Non,100
1900,Garcia,Nicolas,M,1979-10-02,nicolas.garcia@datascope.fr,Opérations,Bordeaux,CDI,2024-10-26,0.2,2522.0,1247,Non,100
1758,Garcia,Nicolas,M,1999-08-16,nicolas.garcia@datascope.fr,R&D,Lyon,CDI,2016-07-21,8.4,3302.0,3118,Oui,100
1899,Simon,Inès,M,1981-10-03,inès.simon@datascope.fr,RH,Lille,CDI,2017-05-08,7.6,4245.0,1747,Oui,80
1586,Bertrand,Nicolas,F,1979-12-20,nicolas.bertrand@datascope.fr,Juridique,Lille,CDI,2024-10-05,0.2,3024.0,1948,Oui,100
1069,Moreau,Chloé,F,1995-01-16,chloé.moreau@datascope.fr,Direction,Bordeaux,CDI,2022-05-23,2.6,3164.0,1561,Non,50
3230,Leroy,Inès,F,1998-01-15,inès.leroy@datascope.fr,Finance,Nice,CDI,2023-05-06,1.7,1581.0,2630,Non,50
2398,Dubois,Sophie,F,2013-05-03,sophie.dubois@datascope.fr,Marketing,Marseille,Alternance,2021-11-21,3.1,,2525,Non,100
2906,Petit,Thomas,M,1986-01-27,thomas.petit@datascope.fr,Commercial,Bordeaux,CDI,2015-08-06,9.4,3411.0,1801,Non,80
3092,Bernard,Alice,M,1987-01-28,alice.bernard@datascope.fr,Commercial,Marseille,CDI,2023-02-17,1.9,2240.0,2645,Non,100
2816,Fournier,Marie,F,1970-02-23,marie.fournier@datascope.fr,Commercial,Marseille,CDI,2022-07-20,2.5,2651.0,3334,Non,80
1696,Robert,Sarah,F,1978-03-13,sarah.robert@datascope.fr,R&D,Nice,CDI,2023-11-09,1.1,3114.0,1413,Non,100
3053,Richard,Théo,F,1981-06-12,théo.richard@datascope.fr,Finance,Nice,CDI,2015-07-12,9.5,3564.0,3028,Oui,80
1795,Petit,Chloé,F,1973-08-20,chloé.petit@datascope.fr,Commercial,Marseille,CDI,2015-08-02,9.4,2708.0,,Non,50
1360,Laurent,Thomas,M,1972-05-22,thomas.laurent@datascope.fr,Juridique,Bordeaux,Interim,2017-10-08,7.2,1947.0,3284,Non,80
2532,Roux,Alice,M,1995-02-10,alice.roux@datascope.fr,Opérations,Marseille,CDD,2022-04-20,2.7,2831.0,2607,Non,100
1659,Vincent,Lucas,M,2000-08-07,lucas.vincent@datascope.fr,Direction,Paris,CDI,2022-03-17,2.8,3541.0,,Non,100
2886,Lefebvre,Inès,M,1992-03-14,inès.lefebvre@datascope.fr,Juridique,Nice,CDD,2018-08-03,6.4,3072.0,3028,Non,50
2020,Fournier,Marie,F,1968-03-20,marie.fournier@datascope.fr,R&D,Toulouse,CDI,2024-04-30,0.7,2510.0,,Non,100
2509,Roux,Sophie,M,1998-04-13,sophie.roux@datascope.fr,Juridique,Strasbourg,CDD,2017-12-14,7.0,2089.0,,Oui,100
1549,Leroy,Julie,M,1984-02-26,julie.leroy@datascope.fr,Opérations,Marseille,Stage,2022-10-06,2.2,900,3028,Non,80
3232,Garcia,Alice,F,1983-12-13,alice.garcia@datascope.fr,Direction,Nantes,CDI,2016-04-07,8.7,3584.0,1194,Non,100
2449,Michel,Antoine,M,1982-11-26,antoine.michel@datascope.fr,Marketing,Nice,CDI,2018-07-27,6.4,3248.0,,Non,50
1397,Durand,Marie,M,1994-06-06,marie.durand@datascope.fr,Direction,Paris,CDI,2024-06-14,0.5,2594.0,1201,Non,100
2413,David,Chloé,F,1981-09-10,chloé.david@datascope.fr,Marketing,Nice,CDI,2020-03-29,4.8,3989.0,2245,Non,50
1463,Garcia,Nicolas,M,1984-05-12,nicolas.garcia@datascope.fr,Informatique,Nice,CDI,2024-11-18,0.1,3498.0,1875,Oui,100
3045,Laurent,Inès,F,1971-11-15,inès.laurent@datascope.fr,R&D,Lille,CDI,2022-12-20,2.0,2020.0,2122,Non,50
2668,Lefebvre,Sophie,M,1970-02-15,sophie.lefebvre@datascope.fr,Juridique,Lyon,CDI,2020-01-03,5.0,3289.0,1201,Non,100
3224,Michel,Camille,M,1966-08-30,camille.michel@datascope.fr,Opérations,Lyon,CDI,2019-01-09,6.0,1460.0,3378,Non,50
1643,Roux,Chloé,NB,1991-07-14,chloé.roux@datascope.fr,Logistique,Lille,CDI,2024-02-02,0.9,2939.0,2122,Non,100
1037,Fournier,Romain,F,1986-03-22,romain.fournier@datascope.fr,Direction,Lille,CDD,2015-06-03,9.6,2686.0,,Non,100
2926,Garcia,Inès,M,1976-10-28,inès.garcia@datascope.fr,Direction,Lille,Alternance,2021-03-04,3.8,900,2607,Non,100
1845,Dubois,Camille,NB,2010-03-06,camille.duboisdatascope.fr,Management,Paris,CDD,2017-09-12,7.3,0,2067,Non,100
2472,Petit,Antoine,M,1998-01-26,antoine.petit@datascope.fr,R&D,Nantes,CDD,2021-10-06,3.2,2650.0,1948,Oui,80
1531,Durand,Théo,M,1972-08-09,théo.durand@datascope.fr,Informatique,Toulouse,CDD,2023-11-22,1.1,3481.0,,Non,50
3167,Laurent,Lucas,M,1997-04-21,lucas.laurent@datascope.fr,Opérations,Marseille,CDI,2016-03-31,8.8,3260.0,,Non,50
2227,Lefebvre,Lucas,M,1993-09-03,lucas.lefebvre@datascope.fr,Juridique,Nice,CDI,2015-02-19,9.9,2657.0,1845,Non,80
2584,Dubois,Alice,F,1972-12-15,alice.dubois@datascope.fr,R&D,Nantes,CDI,2021-12-22,3.0,2299.0,1845,Oui,100
3048,Roux,Nicolas,F,1974-11-10,nicolas.roux@datascope.fr,Direction,Lille,CDI,2016-11-20,8.1,3529.0,1569,Non,100
2590,Martin,Romain,M,1990-04-19,romain.martin@datascope.fr,Informatique,Nice,CDD,2021-04-12,3.7,2595.0,1335,Non,80
2236,Bernard,Romain,F,1971-12-25,romain.bernard@datascope.fr,RH,Nice,Stage,2023-07-13,1.5,900,1307,Non,100
2108,Laurent,Sophie,F,1999-05-31,sophie.laurent@datascope.fr,Direction,Grenoble,CDI,2015-03-23,9.8,2259.0,1875,Oui,100
2229,Durand,Camille,F,1986-01-10,camille.durand@datascope.fr,R&D,Nantes,CDD,2018-10-09,6.2,1422.0,1179,Non,100
1825,Simon,Thomas,M,1968-10-02,thomas.simon@datascope.fr,Commercial,Nantes,CDI,2019-04-23,5.7,2731.0,3142,Oui,100
2382,Simon,Julie,F,1977-04-01,julie.simon@datascope.fr,Logistique,Bordeaux,Interim,2017-10-04,7.2,2739.0,2645,Non,100
2105,Petit,Léa,F,1992-11-23,léa.petit@datascope.fr,Direction,Toulouse,CDI,2015-07-31,9.4,2731.0,2245,Non,100
1738,Fournier,Romain,F,1976-02-18,romain.fournier@datascope.fr,Informatique,Strasbourg,CDI,2021-03-16,3.8,,1401,Non,100
3268,Leroy,Louis,F,1970-05-10,louis.leroy@datascope.fr,R&D,Paris,CDD,2023-10-22,1.2,2845.0,1335,Non,100
1547,Bertrand,Inès,F,1992-07-10,inès.bertrand@datascope.fr,Opérations,Nantes,CDI,2018-02-04,6.9,1322.0,2645,Non,50
1125,Leroy,Léa,M,1982-01-28,léa.leroy@datascope.fr,Commercial,Lille,CDD,2017-03-28,7.8,2884.0,1179,Oui,80
2649,Dubois,Thomas,F,1971-03-13,thomas.dubois@datascope.fr,Direction,Nantes,Stage,2020-08-09,4.4,900,1875,Oui,100
1658,Vincent,Antoine,F,1975-08-11,antoine.vincent@datascope.fr,Logistique,Nice,CDI,2016-11-13,8.1,2497.0,1957,Non,100
2233,Moreau,Nicolas,F,1976-02-29,nicolas.moreau@datascope.fr,Commercial,Marseille,CDD,2017-07-15,7.5,2511.0,,Non,50
3190,Leroy,Alice,F,1970-09-01,alice.leroy@datascope.fr,Direction,Nice,CDI,2020-08-27,4.3,3476.0,,Non,100
3007,Robert,Louis,F,1988-06-19,louis.robert@datascope.fr,RH,Strasbourg,CDI,2020-02-21,4.9,2154.0,3118,Non,100
1304,Fournier,Julie,M,1986-10-18,julie.fournier@datascope.fr,R&D,Toulouse,CDI,2020-01-20,4.9,3673.0,1880,Non,50
1995,Lefebvre,Alice,F,1977-06-09,alice.lefebvre@datascope.fr,Informatique,Toulouse,CDD,2021-07-31,3.4,2636.0,2607,Non,100
2963,Roux,Thomas,M,1985-01-26,thomas.roux@datascope.fr,Opérations,Paris,CDI,2024-11-06,0.2,1809.0,3004,Non,100
1096,Bertrand,Julie,F,1994-10-18,julie.bertrand@datascope.fr,Marketing,Nice,CDD,2024-12-02,0.1,2072.0,1196,Oui,80
2817,Vincent,Pierre,F,1983-07-25,pierre.vincent@datascope.fr,RH,Bordeaux,CDI,2024-03-30,0.8,3031.0,2067,Non,100
1395,Moreau,Romain,F,1965-05-10,romain.moreau@datascope.fr,Marketing,Nice,CDI,2021-06-03,3.6,2141.0,,Non,100
2049,Moreau,Camille,M,1999-06-09,camille.moreau@datascope.fr,Marketing,Toulouse,Alternance,2017-03-28,7.8,1100.0,,Non,100
2646,Fournier,Marie,F,1969-09-28,marie.fournier@datascope.fr,Opérations,Nice,CDD,2016-06-16,8.5,2511.0,1335,Non,100
2717,Dubois,Marie,M,2014-08-24,marie.dubois@datascope.fr,Informatique,Paris,CDI,2019-03-17,5.8,,1948,Non,100
1783,David,Marie,F,1971-02-15,marie.david@datascope.fr,Commercial,Grenoble,CDI,2018-09-01,6.3,2845.0,,Non,100
2329,Simon,Inès,F,1972-10-04,inès.simon@datascope.fr,Logistique,Lille,CDD,2018-12-14,6.0,3031.0,1196,Non,100
3203,Richard,Antoine,M,1975-07-18,antoine.richard@datascope.fr,Logistique,Lyon,CDI,2021-01-02,4.0,2566.0,1948,Non,100
3008,Michel,Julie,M,1987-02-21,julie.michel@datascope.fr,Commercial,Toulouse,CDI,2017-06-08,7.6,2772.0,1413,Non,80
2709,Petit,Camille,M,2011-07-25,camille.petit@datascope.fr,R&D,Lyon,CDD,2023-10-20,1.2,,2421,Non,50
2557,Simon,Marie,M,2000-06-29,marie.simon@datascope.fr,Finance,Grenoble,CDI,2019-09-18,5.3,1892.0,1195,Non,100
1504,Martin,Louis,M,1999-01-06,louis.martin@datascope.fr,Informatique,Grenoble,CDI,2024-07-05,0.5,3177.0,1201,Non,100
1539,Robert,Sophie,F,1999-04-17,sophie.robert@datascope.fr,Juridique,Paris,CDI,2020-03-22,4.8,3650.0,1401,Oui,100
2461,Bernard,Louis,F,2011-01-02,louis.bernarddatascope.fr,Logistics,Marseille,CDD,2022-04-25,-1.5,0,1875,Non,80
3248,Garcia,Camille,F,1965-12-24,camille.garcia@datascope.fr,R&D,Marseille,CDI,2015-09-22,9.3,,,Non,100
2083,Fournier,Léa,M,1980-11-07,léa.fournier@datascope.fr,Logistique,Bordeaux,Interim,2021-01-22,3.9,2799.0,3118,Non,80
1263,Martin,Sarah,M,1980-02-02,sarah.martin@datascope.fr,Juridique,Strasbourg,CDI,2019-09-03,5.3,2844.0,1136,Non,100
2756,Roux,Théo,NB,1994-02-14,théo.roux@datascope.fr,Direction,Strasbourg,Alternance,2018-07-23,6.4,1568.0,1196,Non,100
1503,David,Lucas,M,1979-04-13,lucas.david@datascope.fr,Logistique,Paris,CDD,2023-03-31,1.8,1394.0,,Non,80
3010,Martin,Camille,M,1991-01-10,camille.martin@datascope.fr,Informatique,Strasbourg,CDD,2022-04-29,2.7,1856.0,1801,Non,50
1065,Leroy,Romain,M,1974-02-06,romain.leroy@datascope.fr,Informatique,Lyon,CDI,2015-01-15,10.0,3745.0,1413,Non,100
3243,Roux,Sarah,M,1967-07-05,sarah.roux@datascope.fr,Logistique,Paris,CDI,2021-02-04,3.9,2460.0,,Non,100
2483,Simon,Sarah,F,1992-05-26,sarah.simon@datascope.fr,Direction,Nice,CDD,2019-06-24,5.5,2733.0,3028,Non,50
1458,Dubois,Léa,M,1990-12-21,léa.dubois@datascope.fr,Juridique,Toulouse,CDI,2019-01-15,6.0,4209.0,1845,Non,80
2629,Moreau,Sophie,M,1991-03-31,sophie.moreau@datascope.fr,R&D,Lyon,CDI,2024-08-25,0.4,2177.0,2597,Non,50
2402,Bernard,Camille,F,1967-02-14,camille.bernard@datascope.fr,Opérations,Nantes,Alternance,2015-01-03,10.0,900,1569,Oui,100
2209,Petit,Camille,F,1975-07-05,camille.petit@datascope.fr,Logistique,Marseille,CDI,2023-04-09,1.7,3223.0,2967,Oui,100
1911,Martin,Inès,F,1991-07-20,inès.martin@datascope.fr,Informatique,Paris,CDI,2024-09-13,0.3,3286.0,,Non,100
1702,Roux,Théo,F,1982-02-10,théo.roux@datascope.fr,RH,Bordeaux,CDI,2019-06-07,5.6,2877.0,,Oui,50
3384,Lefebvre,Chloé,F,1990-12-03,chloé.lefebvre@datascope.fr,Direction,Marseille,Alternance,2019-10-24,5.2,1253.0,1247,Non,100
1532,Garcia,Nicolas,M,1995-04-07,nicolas.garcia@datascope.fr,Marketing,Strasbourg,CDD,2019-01-30,5.9,2622.0,,Non,100
1978,Martin,Chloé,F,1970-10-07,chloé.martin@datascope.fr,Informatique,Nice,Interim,2018-04-03,6.7,3204.0,2967,Non,100
1859,Richard,Pierre,M,1973-07-03,pierre.richard@datascope.fr,Finance,Grenoble,CDD,2015-07-13,9.5,1351.0,1801,Non,80
3332,Dubois,Lucas,F,1970-06-25,lucas.dubois@datascope.fr,Logistique,Paris,CDI,2019-06-05,5.6,2629.0,2835,Non,80
2424,Simon,Julie,M,1985-04-16,julie.simon@datascope.fr,Direction,Lille,Stage,2019-12-24,5.0,900,,Non,100
3032,Dubois,Marie,M,1967-06-13,marie.dubois@datascope.fr,Opérations,Nice,CDI,2022-09-27,2.3,2414.0,,Non,100
2053,Bernard,Pierre,F,1965-06-30,pierre.bernard@datascope.fr,Logistique,Strasbourg,CDI,2021-07-05,3.5,3216.0,1127,Non,80
2417,Martin,Antoine,F,1977-05-16,antoine.martin@datascope.fr,Logistique,Grenoble,CDI,2016-03-04,8.8,1938.0,1196,Non,100
1411,Robert,Hugo,F,1970-05-20,hugo.robert@datascope.fr,Logistique,Toulouse,Stage,2019-12-26,5.0,900,1005,Non,100
1944,Fournier,Pierre,F,1971-08-13,pierre.fournier@datascope.fr,R&D,Nantes,Stage,2020-04-07,4.7,900,3004,Non,50
2338,Bertrand,Léa,F,1976-02-21,léa.bertrand@datascope.fr,Direction,Toulouse,Interim,2018-05-16,6.6,2422.0,2067,Non,50
1072,Vincent,Pierre,F,1981-07-30,pierre.vincent@datascope.fr,Commercial,Lille,CDI,2017-04-12,7.7,1804.0,2630,Non,80
3038,Garcia,Romain,F,1989-03-11,romain.garcia@datascope.fr,Direction,Toulouse,CDI,2023-08-17,1.4,3243.0,3118,Non,100
1039,Fournier,Marie,NB,1982-01-15,marie.fournier@datascope.fr,Logistique,Bordeaux,Stage,2022-08-26,2.3,900,1875,Non,100
2094,Leroy,Camille,M,1988-12-14,camille.leroy@datascope.fr,Opérations,Paris,CDI,2021-01-14,4.0,2018.0,1196,Non,100
2787,Robert,Lucas,F,1977-12-24,lucas.robert@datascope.fr,Juridique,Nice,CDI,2016-01-12,9.0,1346.0,2122,Non,100
2609,Laurent,Sarah,F,1984-07-06,sarah.laurent@datascope.fr,R&D,Strasbourg,CDI,2023-03-13,1.8,1730.0,1092,Oui,100
2509,Roux,Sophie,M,1998-04-13,sophie.roux@datascope.fr,Juridique,Strasbourg,CDD,2017-12-14,7.0,2089.0,,Oui,100
2070,Lefebvre,Sarah,M,1987-04-27,sarah.lefebvre@datascope.fr,Opérations,Lyon,CDI,2018-07-22,6.4,3613.0,,Non,100
2914,Laurent,Louis,M,1971-02-11,louis.laurent@datascope.fr,Logistique,Lyon,CDD,2019-09-16,5.3,3684.0,2967,Non,50
3381,Fournier,Louis,NB,1995-08-12,louis.fournier@datascope.fr,Logistique,Lille,Stage,2024-09-13,0.3,900,3284,Non,100
3209,Roux,Lucas,F,1986-02-05,lucas.roux@datascope.fr,Marketing,Nice,CDI,2019-07-17,5.5,2545.0,2619,Non,50
2597,David,Paul,F,2012-11-20,paul.david@datascope.fr,Legal,Grenoble,CDD,2023-07-24,1.4,0,,Non,100
2638,Durand,Louis,F,1996-06-05,louis.durand@datascope.fr,Juridique,Grenoble,CDI,2019-01-26,5.9,3673.0,1335,Non,100
1617,David,Pierre,F,1996-05-24,pierre.david@datascope.fr,RH,Lyon,CDI,2015-05-19,9.6,3481.0,2067,Non,100
3396,Garcia,Chloé,F,1973-01-02,chloé.garcia@datascope.fr,Finance,Strasbourg,CDI,2024-04-24,0.7,3424.0,2967,Non,100
1027,Leroy,Antoine,M,1992-09-01,antoine.leroy@datascope.fr,Finance,Toulouse,CDI,2021-08-11,3.4,3948.0,1335,Non,80
1773,Bertrand,Louis,M,1988-09-17,louis.bertrand@datascope.fr,RH,Lyon,Alternance,2016-05-23,8.6,900,3142,Non,100
2913,Bernard,Pierre,M,1988-07-16,pierre.bernard@datascope.fr,Finance,Marseille,CDI,2020-05-11,4.6,1405.0,2515,Non,100
1014,Laurent,Julie,NB,1989-11-07,julie.laurent@datascope.fr,RH,Nice,Stage,2019-03-17,5.8,900,1005,Oui,80
3059,Dubois,Nicolas,M,1967-11-08,nicolas.dubois@datascope.fr,RH,Lille,CDI,2019-07-26,5.4,2253.0,3142,Non,100
2840,David,Antoine,M,1987-09-10,antoine.david@datascope.fr,Informatique,Lyon,CDI,2018-11-08,6.1,2449.0,,Oui,100
2775,Simon,Inès,F,1978-05-18,inès.simon@datascope.fr,Logistique,Lille,CDI,2018-04-06,6.7,1984.0,2461,Non,80
1970,Laurent,Paul,M,1979-07-01,paul.laurent@datascope.fr,Commercial,Strasbourg,CDI,2018-11-11,6.1,3813.0,1401,Non,50
2872,Lefebvre,Nicolas,F,2012-06-24,nicolas.lefebvre@datascope.fr,Juridique,Grenoble,CDD,2019-12-31,5.0,,1307,Non,100
1265,Leroy,Alice,F,2012-09-19,alice.leroy@datascope.fr,Logistics,Lille,CDD,2018-08-27,6.3,0,2597,Non,50
1050,Vincent,Nicolas,M,1998-02-10,nicolas.vincent@datascope.fr,Informatique,Lyon,CDI,2022-10-28,2.2,3320.0,1127,Non,50
3350,Bernard,Louis,M,1976-04-07,louis.bernard@datascope.fr,Logistique,Paris,CDI,2020-03-06,4.8,2490.0,1179,Non,100
1059,Petit,Lucas,M,1983-01-01,lucas.petit@datascope.fr,Commercial,Bordeaux,CDI,2021-06-07,3.6,1620.0,1196,Non,100
1238,Garcia,Nicolas,F,1978-07-11,nicolas.garcia@datascope.fr,Finance,Grenoble,Alternance,2018-02-20,6.9,1350.0,1875,Oui,100
2278,Leroy,Louis,M,1978-08-13,louis.leroy@datascope.fr,Finance,Bordeaux,CDI,2024-04-21,0.7,4175.0,,Non,100
2387,Michel,Théo,M,1979-02-14,théo.michel@datascope.fr,Juridique,Lyon,Stage,2019-07-04,5.5,900,2619,Non,50
1135,Thomas,Paul,M,1982-05-03,paul.thomas@datascope.fr,Finance,Nantes,Stage,2017-02-10,7.9,905.0,2067,Non,100
1309,Bertrand,Léa,F,1984-03-03,léa.bertrand@datascope.fr,Finance,Grenoble,Alternance,2016-08-01,8.4,1055.0,1801,Non,100
2355,Vincent,Inès,M,1978-10-27,inès.vincent@datascope.fr,RH,Strasbourg,CDI,2021-12-01,3.1,3225.0,1519,Non,100
2230,Thomas,Sarah,F,1989-09-20,sarah.thomas@datascope.fr,Opérations,Nice,CDI,2017-08-28,7.3,1961.0,2525,Non,100
3192,Richard,Pierre,F,1984-12-05,pierre.richard@datascope.fr,Juridique,Lille,CDI,2023-04-26,1.7,4062.0,3284,Non,50
2245,Roux,Thomas,F,2011-12-19,thomas.rouxdatascope.fr,Legal,Grenoble,Stage,2022-01-08,3.0,0,,Non,100
2026,Richard,Emma,F,1987-05-07,emma.richard@datascope.fr,RH,Lille,CDD,2022-08-09,2.4,3409.0,1247,Non,100
1354,David,Inès,M,1995-08-11,inès.david@datascope.fr,Juridique,Bordeaux,Alternance,2023-03-09,1.8,1528.0,2597,Oui,50
3270,Dubois,Camille,M,1971-12-24,camille.dubois@datascope.fr,Finance,Nice,CDD,2015-10-02,9.2,2388.0,2619,Non,80
1180,Bertrand,Julie,M,1980-10-26,julie.bertrand@datascope.fr,Opérations,Strasbourg,CDI,2018-05-18,6.6,3048.0,3028,Non,100
3134,Martin,Camille,M,1986-08-23,camille.martin@datascope.fr,Informatique,Nantes,CDI,2018-04-07,6.7,3184.0,2597,Non,100
3233,Michel,Louis,M,1970-12-03,louis.michel@datascope.fr,Direction,Nice,CDD,2019-02-04,5.9,2326.0,2067,Non,80
3078,Laurent,Louis,F,1970-10-02,louis.laurent@datascope.fr,Opérations,Strasbourg,CDI,2018-08-15,6.4,2656.0,1641,Oui,80
2224,Vincent,Léa,M,1990-06-07,léa.vincent@datascope.fr,R&D,Nice,CDI,2016-05-05,8.7,3539.0,,Oui,50
3131,Simon,Hugo,F,1980-01-04,hugo.simon@datascope.fr,Finance,Lyon,CDI,2020-07-11,4.5,3023.0,1641,Non,100
2304,David,Pierre,NB,1971-12-01,pierre.david@datascope.fr,Logistique,Lille,CDD,2016-05-08,8.6,2844.0,1747,Non,100
1098,Robert,Nicolas,F,1988-03-08,nicolas.robert@datascope.fr,Logistique,Strasbourg,CDI,2019-07-21,5.4,1314.0,1247,Non,100
1560,Lefebvre,Louis,F,1971-07-31,louis.lefebvre@datascope.fr,R&D,Strasbourg,CDD,2019-11-14,5.1,2259.0,3284,Non,100
1160,Lefebvre,Sophie,NB,1968-11-02,sophie.lefebvre@datascope.fr,Logistique,Lyon,Alternance,2017-10-20,7.2,1131.0,1561,Non,100
1608,Fournier,Emma,F,1990-07-23,emma.fournier@datascope.fr,Marketing,Grenoble,CDI,2017-10-29,7.2,2906.0,1569,Non,80
1132,Robert,Théo,F,2000-12-01,théo.robert@datascope.fr,Opérations,Lyon,CDI,2021-04-27,3.7,3711.0,3028,Non,100
2088,Robert,Inès,M,1981-05-14,inès.robert@datascope.fr,Informatique,Toulouse,Alternance,2016-08-22,8.4,1608.0,3334,Non,50
1718,Dubois,Lucas,M,1999-03-25,lucas.dubois@datascope.fr,Informatique,Lyon,Interim,2023-10-17,1.2,2381.0,1569,Oui,100
2722,Michel,Marie,F,1978-09-14,marie.michel@datascope.fr,Logistique,Bordeaux,CDI,2022-05-07,2.7,2971.0,1747,Oui,100
2028,Bertrand,Emma,M,1996-05-09,emma.bertrand@datascope.fr,Commercial,Nantes,CDI,2019-10-28,5.2,1331.0,1641,Oui,80
2378,Leroy,Louis,F,1997-02-26,louis.leroy@datascope.fr,Finance,Lyon,Stage,2018-06-29,6.5,900,2525,Non,100
1865,David,Emma,M,1998-07-28,emma.david@datascope.fr,Opérations,Nantes,CDD,2019-06-08,5.6,3170.0,,Non,100
1017,Michel,Paul,F,1982-06-12,paul.michel@datascope.fr,RH,Grenoble,CDI,2021-05-30,3.6,2414.0,3378,Oui,100
2685,Bertrand,Julie,M,1971-02-07,julie.bertrand@datascope.fr,RH,Grenoble,CDD,2023-02-09,1.9,1510.0,1790,Non,100
3116,Roux,Marie,M,2010-06-20,marie.roux@datascope.fr,Juridique,Bordeaux,Alternance,2023-07-10,1.5,,1641,Non,100
1234,Thomas,Julie,F,1991-08-26,julie.thomas@datascope.fr,R&D,Lyon,CDI,2015-05-20,9.6,2190.0,1401,Non,100
3051,Roux,Julie,M,1983-10-09,julie.roux@datascope.fr,Marketing,Paris,CDI,2023-08-30,1.3,2972.0,1801,Non,50
2437,Dubois,Léa,M,1993-10-09,léa.dubois@datascope.fr,R&D,Bordeaux,Interim,2016-09-13,8.3,2530.0,,Non,100
1871,Petit,Julie,M,1968-11-01,julie.petit@datascope.fr,Marketing,Nice,CDD,2024-11-11,0.1,2814.0,2607,Oui,80
2198,Bertrand,Antoine,F,2011-11-05,antoine.bertrand@datascope.fr,Marketing,Marseille,CDD,2023-04-22,1.7,,3334,Non,80
1284,Martin,Antoine,F,1995-02-09,antoine.martin@datascope.fr,Direction,Paris,Alternance,2019-04-28,5.7,1210.0,,Non,100
1909,David,Antoine,F,1986-09-08,antoine.david@datascope.fr,Finance,Nice,CDI,2023-09-04,1.3,1873.0,1845,Non,100
1889,Thomas,Julie,NB,1997-07-25,julie.thomas@datascope.fr,Opérations,Strasbourg,CDI,2023-07-17,1.5,2885.0,2122,Non,100
1545,Martin,Chloé,M,1989-05-05,chloé.martin@datascope.fr,Finance,Nice,Alternance,2021-02-17,3.9,1117.0,3016,Non,100
3255,Vincent,Alice,M,1977-05-18,alice.vincent@datascope.fr,Commercial,Bordeaux,Interim,2023-09-29,1.3,1539.0,1948,Non,100
2320,Richard,Sarah,NB,1988-06-17,sarah.richard@datascope.fr,Commercial,Nantes,CDI,2020-10-19,4.2,,,Non,100
1590,Fournier,Léa,F,1979-11-05,léa.fournier@datascope.fr,Informatique,Bordeaux,CDI,2023-12-15,1.0,2574.0,2421,Oui,100
1082,Fournier,Camille,M,1990-03-06,camille.fournier@datascope.fr,Logistique,Lille,CDI,2015-01-23,9.9,1365.0,,Oui,100
3033,Simon,Pierre,F,1983-10-02,pierre.simon@datascope.fr,Logistique,Bordeaux,CDD,2024-01-19,1.0,3367.0,1880,Non,100
1872,Laurent,Antoine,F,1986-09-28,antoine.laurent@datascope.fr,Informatique,Marseille,CDI,2023-10-17,1.2,2347.0,1801,Non,100
1244,Lefebvre,Antoine,F,1985-04-12,antoine.lefebvre@datascope.fr,Commercial,Bordeaux,CDI,2024-09-05,0.3,2672.0,1845,Non,100
2676,Fournier,Antoine,F,1988-02-21,antoine.fournier@datascope.fr,Finance,Marseille,CDI,2022-10-31,2.2,2366.0,1561,Non,100
2887,Robert,Emma,F,1982-04-19,emma.robert@datascope.fr,Opérations,Nantes,CDI,2019-09-15,5.3,2973.0,2122,Non,80
2409,Durand,Louis,F,1965-03-20,louis.durand@datascope.fr,Logistique,Nice,Stage,2018-09-13,6.3,900,2515,Non,80
2591,Michel,Paul,F,1981-09-25,paul.michel@datascope.fr,Informatique,Nantes,CDI,2023-09-25,1.3,3348.0,1519,Non,100
3147,Martin,Alice,M,2013-08-21,alice.martin@datascope.fr,HR,Toulouse,CDI,2024-09-07,0.3,0,3016,Non,100
3368,Robert,Marie,M,1974-10-27,marie.robert@datascope.fr,Informatique,Strasbourg,Alternance,2020-08-09,4.4,1054.0,1948,Non,50
3199,Roux,Alice,NB,1994-01-28,alice.roux@datascope.fr,RH,Grenoble,CDD,2023-11-24,1.1,2316.0,,Oui,50
2933,Thomas,Hugo,M,1996-12-18,hugo.thomas@datascope.fr,Commercial,Toulouse,Alternance,2015-11-12,9.1,900,1875,Non,100
2069,Vincent,Léa,M,1967-08-12,léa.vincent@datascope.fr,Finance,Lyon,Alternance,2015-08-21,9.4,900,2645,Non,100
2035,Michel,Léa,F,1989-07-09,léa.michel@datascope.fr,Juridique,Paris,CDI,2015-03-14,9.8,2698.0,1247,Oui,80
1692,Bernard,Alice,M,1996-01-17,alice.bernard@datascope.fr,Informatique,Marseille,CDI,2019-01-10,6.0,2239.0,,Non,100
2042,Roux,Antoine,M,1982-01-03,antoine.roux@datascope.fr,Marketing,Paris,Interim,2016-11-29,8.1,2011.0,1201,Non,100
2948,Vincent,Louis,F,1989-11-04,louis.vincent@datascope.fr,RH,Grenoble,CDI,2022-09-08,2.3,1370.0,1519,Non,100
1522,Vincent,Paul,F,1981-01-08,paul.vincent@datascope.fr,Logistique,Toulouse,Alternance,2019-10-13,5.2,900,,Non,80
3138,David,Léa,M,1967-09-09,léa.david@datascope.fr,Juridique,Strasbourg,CDI,2017-05-08,7.6,2684.0,1641,Oui,50
1036,Bernard,Théo,M,1979-05-27,théo.bernard@datascope.fr,Direction,Grenoble,CDI,2020-01-21,4.9,2170.0,2461,Non,100
2892,Garcia,Chloé,M,1979-03-16,chloé.garcia@datascope.fr,Informatique,Toulouse,CDI,2021-06-11,3.6,2915.0,2515,Non,100
2459,Fournier,Emma,M,1999-03-24,emma.fournier@datascope.fr,Commercial,Nantes,CDD,2018-11-25,6.1,1951.0,1195,Non,100
2100,Durand,Lucas,M,2010-12-23,lucas.durand@datascope.fr,Commercial,Bordeaux,CDI,2019-12-04,5.1,,1307,Non,100
1703,Robert,Chloé,M,1998-11-16,chloé.robert@datascope.fr,R&D,Grenoble,CDI,2019-08-08,5.4,2876.0,1569,Non,80
1789,Roux,Sarah,F,1998-01-12,sarah.roux@datascope.fr,Logistique,Bordeaux,CDI,2019-03-08,5.8,3386.0,1845,Non,80
1884,Fournier,Thomas,F,1990-04-06,thomas.fournier@datascope.fr,Direction,Nice,Alternance,2018-07-03,6.5,1662.0,2607,Oui,100
2533,Bertrand,Lucas,F,1991-04-19,lucas.bertrand@datascope.fr,Logistique,Bordeaux,CDI,2017-05-05,7.7,2689.0,1401,Non,100
2828,Vincent,Emma,M,1982-10-19,emma.vincent@datascope.fr,Commercial,Grenoble,Alternance,2018-08-14,6.4,1228.0,1127,Non,100
1827,Fournier,Hugo,F,1972-07-17,hugo.fournier@datascope.fr,R&D,Marseille,CDD,2015-01-11,10.0,2775.0,,Oui,100
2660,Laurent,Marie,F,1985-11-20,marie.laurent@datascope.fr,R&D,Bordeaux,Alternance,2020-10-25,4.2,900,3142,Non,100
1013,Roux,Nicolas,F,1981-11-30,nicolas.roux@datascope.fr,Informatique,Lille,CDI,2020-05-04,4.7,2899.0,1335,Non,100
3181,Michel,Julie,M,2000-06-17,julie.michel@datascope.fr,Direction,Nantes,CDI,2018-06-26,6.5,4295.0,2067,Non,50
1356,Roux,Emma,F,1986-04-19,emma.roux@datascope.fr,Direction,Lyon,CDD,2018-12-19,6.0,1658.0,3118,Non,80
1541,Fournier,Lucas,M,1982-02-10,lucas.fournier@datascope.fr,Commercial,Lille,CDI,2019-07-04,5.5,3928.0,2645,Non,100
1916,Roux,Thomas,M,1967-05-28,thomas.roux@datascope.fr,Informatique,Nice,CDD,2016-02-19,8.9,1608.0,1136,Non,100
3021,Vincent,Hugo,F,2012-04-22,hugo.vincent@datascope.fr,Direction,Paris,CDI,2018-02-14,6.9,,2421,Non,100
1925,Fournier,Antoine,M,1967-06-05,antoine.fournier@datascope.fr,Marketing,Lille,CDI,2022-06-16,2.5,4055.0,1875,Oui,100
2114,Martin,Léa,M,1974-09-03,léa.martin@datascope.fr,Informatique,Nice,Stage,2021-03-14,3.8,900,,Oui,80
2284,Laurent,Julie,M,1996-01-01,julie.laurent@datascope.fr,Informatique,Lyon,CDD,2017-08-01,7.4,1913.0,3028,Non,100
2760,Simon,Camille,M,1966-12-20,camille.simon@datascope.fr,Juridique,Nice,Alternance,2018-04-29,6.7,900,,Non,100
2263,Lefebvre,Thomas,M,1971-04-10,thomas.lefebvre@datascope.fr,Finance,Marseille,CDI,2021-10-14,3.2,2413.0,1401,Non,50
1198,Petit,Romain,M,1966-07-12,romain.petit@datascope.fr,Finance,Strasbourg,CDD,2015-04-08,9.7,2250.0,1194,Non,100
3272,Lefebvre,Thomas,NB,1982-05-19,thomas.lefebvre@datascope.fr,Direction,Grenoble,CDI,2024-01-10,1.0,2361.0,,Non,100
2342,Roux,Inès,M,1972-06-15,inès.roux@datascope.fr,Direction,Nice,CDI,2017-12-26,7.0,4000.0,1307,Non,100
3391,Petit,Romain,F,1977-03-18,romain.petit@datascope.fr,Commercial,Toulouse,CDI,2015-02-04,9.9,2433.0,1401,Oui,100
1813,Thomas,Julie,F,1971-04-12,julie.thomas@datascope.fr,Logistique,Lille,CDI,2022-12-29,2.0,3446.0,,Non,100
1260,Thomas,Inès,F,1997-07-19,inès.thomas@datascope.fr,Informatique,Nice,CDI,2022-05-28,2.6,3111.0,1413,Non,100
2282,Vincent,Paul,F,1991-11-12,paul.vincent@datascope.fr,Informatique,Marseille,Stage,2015-09-07,9.3,900,1641,Non,80
3217,Roux,Julie,F,1998-07-29,julie.roux@datascope.fr,Informatique,Bordeaux,CDI,2020-09-29,4.3,2471.0,1801,Non,100
1798,Robert,Camille,M,1994-04-12,camille.robert@datascope.fr,Direction,Grenoble,CDI,2019-03-26,5.8,2626.0,1194,Non,100
2758,Vincent,Inès,F,1990-01-12,inès.vincent@datascope.fr,Commercial,Paris,CDI,2021-03-25,3.8,3470.0,1092,Oui,50
1791,Thomas,Louis,M,1996-02-26,louis.thomas@datascope.fr,RH,Nice,Alternance,2016-06-03,8.6,1261.0,1818,Non,100
2000,Leroy,Hugo,F,1992-12-10,hugo.leroy@datascope.fr,R&D,Lyon,CDI,2021-10-11,3.2,2990.0,2515,Non,80
3215,Dubois,Théo,NB,1990-06-12,théo.dubois@datascope.fr,R&D,Strasbourg,CDI,2023-10-30,1.2,2210.0,1005,Non,50
1388,Laurent,Alice,F,1984-03-08,alice.laurent@datascope.fr,Marketing,Lyon,CDI,2019-02-23,5.9,2297.0,1127,Non,80
2124,David,Paul,M,1996-12-17,paul.david@datascope.fr,Opérations,Toulouse,CDI,2019-03-12,5.8,2006.0,2122,Non,100
1165,Martin,Sophie,M,1983-08-11,sophie.martin@datascope.fr,Commercial,Paris,CDI,2019-10-10,5.2,4266.0,2967,Oui,50
2260,Simon,Inès,M,1975-09-28,inès.simon@datascope.fr,R&D,Marseille,CDI,2018-03-14,6.8,2011.0,1790,Oui,100
1515,Martin,Emma,M,1994-07-05,emma.martin@datascope.fr,Commercial,Nice,CDI,2023-08-22,1.4,2483.0,3142,Non,80
2647,Petit,Marie,M,1973-01-22,marie.petit@datascope.fr,Opérations,Lyon,CDI,2015-09-18,9.3,1839.0,2645,Non,100
1946,Leroy,Lucas,F,1990-06-27,lucas.leroy@datascope.fr,Juridique,Paris,CDI,2016-01-04,9.0,3668.0,3004,Non,50
2086,Dubois,Julie,F,1983-10-16,julie.dubois@datascope.fr,Marketing,Nice,CDI,2019-11-06,5.2,2799.0,2245,Non,100
2006,Lefebvre,Romain,M,1975-12-06,romain.lefebvre@datascope.fr,Logistique,Grenoble,CDI,2023-06-07,1.6,2482.0,1818,Oui,80
2422,Robert,Antoine,F,1969-11-17,antoine.robert@datascope.fr,R&D,Grenoble,Alternance,2022-11-02,2.2,900,1569,Oui,100
1675,Bertrand,Léa,F,1982-01-22,léa.bertrand@datascope.fr,Informatique,Nantes,CDI,2017-01-20,7.9,3022.0,2630,Non,50
2749,Martin,Paul,F,1974-09-16,paul.martin@datascope.fr,Finance,Toulouse,CDI,2019-09-02,5.3,2753.0,3334,Non,100
1091,Fournier,Marie,M,1993-08-29,marie.fournier@datascope.fr,R&D,Grenoble,CDI,2019-11-29,5.1,3000.0,1880,Non,100
2851,Richard,Romain,M,1969-10-01,romain.richard@datascope.fr,Opérations,Toulouse,CDI,2021-12-23,3.0,1770.0,,Non,100
2441,Fournier,Julie,M,1965-08-09,julie.fournier@datascope.fr,RH,Paris,Alternance,2023-04-05,1.7,1437.0,,Oui,100
2356,Fournier,Camille,M,2000-09-27,camille.fournier@datascope.fr,Commercial,Lille,CDI,2016-04-28,8.7,2475.0,3334,Non,50
1582,Fournier,Hugo,F,1968-08-02,hugo.fournier@datascope.fr,Informatique,Strasbourg,Stage,2019-12-23,5.0,900,2525,Non,100
1141,Dubois,Antoine,F,1966-10-10,antoine.dubois@datascope.fr,Informatique,Strasbourg,CDI,2017-12-09,7.1,4036.0,,Non,80
2096,Martin,Thomas,M,1966-07-13,thomas.martin@datascope.fr,Opérations,Marseille,CDD,2024-05-08,0.6,1126.0,2461,Non,50
2379,Moreau,Alice,M,1967-04-20,alice.moreau@datascope.fr,Direction,Grenoble,Alternance,2020-06-05,4.6,1445.0,1092,Non,80
1475,Simon,Thomas,F,1993-06-02,thomas.simon@datascope.fr,Direction,Toulouse,Alternance,2017-01-24,7.9,1276.0,,Oui,100
1478,David,Antoine,F,1985-03-04,antoine.david@datascope.fr,Direction,Strasbourg,CDI,2023-05-23,1.6,1872.0,2122,Oui,80
1690,Leroy,Pierre,F,1972-07-01,pierre.leroy@datascope.fr,Informatique,Nantes,CDD,2021-02-05,3.9,2170.0,,Non,100
2079,Fournier,Romain,F,1986-12-08,romain.fournier@datascope.fr,Marketing,Lyon,CDD,2021-03-04,3.8,1959.0,2630,Non,100
3115,Bernard,Thomas,M,1994-07-16,thomas.bernard@datascope.fr,Finance,Lille,CDI,2019-05-10,5.6,2012.0,2515,Non,50
2600,Thomas,Louis,M,1994-07-07,louis.thomas@datascope.fr,Commercial,Toulouse,CDI,2017-01-27,7.9,3482.0,1196,Non,100
2998,Laurent,Hugo,F,1967-01-16,hugo.laurent@datascope.fr,R&D,Nice,CDI,2022-11-10,2.1,3439.0,,Non,50
1126,Bertrand,Camille,NB,1991-06-23,camille.bertrand@datascope.fr,Commercial,Strasbourg,CDI,2017-11-22,7.1,1248.0,2835,Oui,100
2549,Robert,Alice,F,1968-12-08,alice.robert@datascope.fr,Direction,Lille,Stage,2018-02-19,6.9,,,Non,100
1080,Bernard,Sophie,F,1974-04-26,sophie.bernard@datascope.fr,RH,Lyon,CDI,2022-04-23,2.7,2841.0,2619,Non,100
3161,David,Paul,M,1997-01-27,paul.david@datascope.fr,Opérations,Grenoble,CDD,2024-06-21,0.5,2744.0,1569,Non,100
2610,Vincent,Lucas,M,1965-04-08,lucas.vincent@datascope.fr,RH,Marseille,CDI,2024-01-14,1.0,3859.0,,Non,100
2348,Vincent,Hugo,F,2015-06-25,hugo.vincent@datascope.fr,Opérations,Lyon,CDI,2016-11-16,8.1,,1196,Non,100
1605,Moreau,Théo,M,1967-05-05,théo.moreau@datascope.fr,RH,Nice,CDI,2021-06-03,3.6,2108.0,2245,Non,100
2989,Richard,Inès,F,1967-05-28,inès.richard@datascope.fr,R&D,Lyon,CDD,2019-05-25,5.6,3702.0,,Non,100
1204,Thomas,Sophie,F,1991-07-29,sophie.thomas@datascope.fr,Finance,Marseille,Alternance,2020-01-16,5.0,1205.0,1818,Non,80
1674,Laurent,Alice,M,1987-04-19,alice.laurent@datascope.fr,Juridique,Nice,CDI,2023-02-28,1.8,2904.0,2067,Non,50
3379,Robert,Pierre,NB,1996-09-07,pierre.robert@datascope.fr,Finance,Marseille,CDD,2017-01-08,8.0,2244.0,1948,Non,100
1047,Richard,Antoine,M,1971-05-11,antoine.richard@datascope.fr,Direction,Nice,CDI,2024-03-06,0.8,2659.0,2421,Non,80
1920,Lefebvre,Alice,F,1980-02-20,alice.lefebvre@datascope.fr,Informatique,Paris,Interim,2019-09-27,5.3,1467.0,1136,Non,100
3193,Lefebvre,Léa,M,1974-10-13,léa.lefebvre@datascope.fr,Juridique,Grenoble,CDD,2020-08-19,4.4,2456.0,2597,Oui,100
1162,Robert,Marie,F,1971-08-17,marie.robert@datascope.fr,RH,Marseille,CDI,2016-03-17,8.8,2274.0,1136,Non,100
2443,Michel,Antoine,F,1982-06-29,antoine.michel@datascope.fr,Marketing,Bordeaux,CDI,2024-01-14,1.0,2008.0,,Non,100
1005,Michel,Théo,F,2010-01-22,théo.micheldatascope.fr,Operations,Grenoble,CDI,2021-03-04,-2.4,0,1790,Non,100
2762,Fournier,Théo,M,1994-07-18,théo.fournier@datascope.fr,RH,Marseille,CDD,2016-04-25,8.7,2143.0,,Oui,100
2728,Martin,Chloé,M,1991-06-01,chloé.martin@datascope.fr,Marketing,Paris,CDI,2021-05-08,3.6,3105.0,1335,Oui,100
2149,Moreau,Thomas,M,1986-09-20,thomas.moreau@datascope.fr,RH,Strasbourg,Alternance,2022-03-25,2.8,1128.0,,Non,100
2103,Robert,Sophie,F,1991-09-26,sophie.robert@datascope.fr,Direction,Bordeaux,CDI,2015-05-31,9.6,2952.0,1880,Non,50
3016,Thomas,Nicolas,F,2014-05-15,nicolas.thomas@datascope.fr,Management,Paris,CDD,2018-07-21,6.4,0,,Non,80
3180,Vincent,Romain,F,1977-05-23,romain.vincent@datascope.fr,Direction,Nice,CDI,2020-10-29,4.2,1426.0,1005,Oui,100
2953,Martin,Antoine,F,1980-09-06,antoine.martin@datascope.fr,Opérations,Marseille,CDI,2022-03-04,2.8,2582.0,2607,Non,100
1419,Vincent,Romain,M,1967-04-24,romain.vincent@datascope.fr,Marketing,Nantes,Alternance,2020-02-07,4.9,1163.0,1194,Non,80
2474,Martin,Romain,M,1991-08-19,romain.martin@datascope.fr,Opérations,Nantes,CDI,2019-06-23,5.5,2615.0,1957,Non,100
1493,David,Nicolas,M,1966-01-21,nicolas.david@datascope.fr,RH,Lille,CDI,2023-09-08,1.3,1891.0,1136,Non,100
3132,Martin,Camille,F,1988-11-18,camille.martin@datascope.fr,Juridique,Lille,CDD,2022-10-29,2.2,2471.0,1948,Non,100
1788,Garcia,Thomas,F,1976-07-07,thomas.garcia@datascope.fr,Logistique,Toulouse,CDD,2021-11-23,3.1,2393.0,,Non,100
2973,Simon,Louis,M,1971-05-14,louis.simon@datascope.fr,RH,Nice,CDI,2018-02-02,6.9,3396.0,1747,Non,100
1495,Simon,Hugo,M,1978-06-12,hugo.simon@datascope.fr,Opérations,Strasbourg,CDI,2017-08-19,7.4,2181.0,2630,Non,50
2542,Dubois,Romain,F,1999-09-21,romain.dubois@datascope.fr,Informatique,Bordeaux,CDI,2024-04-05,0.7,2313.0,3284,Oui,50
2353,Dubois,Nicolas,F,1989-01-01,nicolas.dubois@datascope.fr,Direction,Grenoble,CDI,2024-11-09,0.1,3754.0,2515,Oui,100
3313,Bertrand,Théo,M,1996-11-13,théo.bertrand@datascope.fr,Marketing,Nice,Stage,2022-04-16,2.7,900,1247,Non,100
3336,Richard,Hugo,F,1979-11-23,hugo.richard@datascope.fr,Juridique,Nantes,Interim,2016-03-15,8.8,1401.0,2607,Non,100
1879,Garcia,Emma,F,1995-05-04,emma.garcia@datascope.fr,Direction,Lille,Alternance,2023-11-11,1.1,1119.0,3004,Non,100
2645,Laurent,Marie,M,2012-06-14,marie.laurent@datascope.fr,Finance,Lyon,CDI,2020-09-02,4.3,0,1100,Non,80
1355,Leroy,Paul,NB,1988-11-20,paul.leroy@datascope.fr,Logistique,Marseille,CDI,2017-08-15,7.4,2003.0,2245,Non,100
2272,Roux,Romain,F,1987-10-14,romain.roux@datascope.fr,Direction,Grenoble,CDI,2024-06-07,0.6,3200.0,1005,Non,50
2366,Laurent,Alice,M,1968-03-14,alice.laurent@datascope.fr,Informatique,Toulouse,CDI,2019-08-26,5.3,2832.0,1880,Non,100
1181,Laurent,Alice,M,1966-05-12,alice.laurent@datascope.fr,RH,Marseille,CDI,2024-02-19,0.9,2141.0,1335,Non,100
1447,Bernard,Sophie,M,1984-02-20,sophie.bernard@datascope.fr,Marketing,Nice,CDI,2015-06-23,9.5,2916.0,2421,Non,50
2952,Thomas,Hugo,M,1982-12-22,hugo.thomas@datascope.fr,Opérations,Marseille,Alternance,2017-03-30,7.8,935.0,1194,Non,50
3081,Simon,Emma,M,1973-06-07,emma.simon@datascope.fr,Opérations,Lyon,CDI,2021-03-31,3.8,2015.0,1194,Non,100
2309,Michel,Marie,F,1970-01-23,marie.michel@datascope.fr,Commercial,Strasbourg,CDI,2022-01-11,3.0,3615.0,,Oui,100
3342,Petit,Camille,F,1997-09-27,camille.petit@datascope.fr,Marketing,Marseille,CDI,2024-10-12,0.2,2829.0,1880,Non,100
2800,Fournier,Thomas,M,1982-12-28,thomas.fournier@datascope.fr,Logistique,Toulouse,CDD,2021-12-06,3.1,2116.0,,Non,100
1991,Robert,Théo,F,1966-04-01,théo.robert@datascope.fr,RH,Strasbourg,CDI,2022-05-03,2.7,2036.0,3118,Non,80
1587,Bertrand,Thomas,M,1995-03-16,thomas.bertrand@datascope.fr,Commercial,Nantes,CDI,2020-07-06,4.5,2213.0,1413,Non,50
3058,David,Lucas,F,1981-09-03,lucas.david@datascope.fr,Logistique,Lyon,CDI,2017-12-03,7.1,2129.0,1307,Non,50
2678,Martin,Léa,F,1988-05-20,léa.martin@datascope.fr,Direction,Bordeaux,CDI,2018-07-24,6.4,3127.0,,Oui,100
3113,Leroy,Théo,M,1973-01-08,théo.leroy@datascope.fr,Opérations,Paris,CDI,2018-03-27,6.8,3071.0,1413,Non,100
1975,Simon,Inès,M,1986-02-03,inès.simon@datascope.fr,RH,Toulouse,Alternance,2021-11-19,3.1,1486.0,1569,Non,100
1235,Thomas,Camille,NB,1972-04-09,camille.thomas@datascope.fr,R&D,Nice,CDI,2017-07-19,7.5,3225.0,,Non,100
2240,Thomas,Paul,F,1996-07-19,paul.thomas@datascope.fr,R&D,Lille,CDI,2017-04-16,7.7,3203.0,,Non,50
3169,Simon,Théo,M,2000-07-25,théo.simon@datascope.fr,Logistique,Nantes,CDD,2024-02-18,0.9,2360.0,,Non,100
3177,Robert,Emma,F,1993-04-21,emma.robert@datascope.fr,Opérations,Toulouse,CDI,2022-12-04,2.1,1839.0,1092,Non,100
2601,Leroy,Chloé,F,1967-10-05,chloé.leroy@datascope.fr,Direction,Paris,CDI,2015-09-24,9.3,3216.0,,Non,100
1984,Martin,Nicolas,M,1995-05-20,nicolas.martin@datascope.fr,Logistique,Nice,Interim,2024-12-12,0.1,2076.0,1880,Non,100
2975,Durand,Sophie,M,1979-09-07,sophie.durand@datascope.fr,Direction,Strasbourg,CDD,2019-11-14,5.1,3013.0,2597,Non,80
3297,Garcia,Alice,M,1989-08-10,alice.garcia@datascope.fr,Finance,Bordeaux,CDI,2020-10-26,4.2,1911.0,1801,Non,100
3352,Michel,Romain,M,1978-05-22,romain.michel@datascope.fr,RH,Lille,CDI,2016-04-18,8.7,4445.0,1561,Non,100
2859,Moreau,Antoine,M,1989-02-19,antoine.moreau@datascope.fr,Marketing,Nice,CDD,2017-04-21,7.7,2654.0,2597,Non,50
1169,Garcia,Nicolas,F,1979-11-23,nicolas.garcia@datascope.fr,Commercial,Paris,Alternance,2021-04-13,3.7,1141.0,,Non,100
2411,Leroy,Thomas,F,1990-06-25,thomas.leroy@datascope.fr,Commercial,Lyon,CDI,2020-10-09,4.2,1956.0,1307,Non,100
1896,Dubois,Emma,M,1995-07-22,emma.dubois@datascope.fr,RH,Grenoble,CDI,2016-10-14,8.2,2676.0,1561,Non,100
2852,Thomas,Théo,F,1986-06-15,théo.thomas@datascope.fr,Logistique,Marseille,Alternance,2023-12-21,1.0,900,2967,Non,100
1148,Dubois,Paul,F,1977-08-06,paul.dubois@datascope.fr,Marketing,Nice,CDI,2022-11-07,2.1,2813.0,1127,Non,100
1724,Dubois,Inès,M,1984-04-05,inès.dubois@datascope.fr,RH,Toulouse,CDD,2018-01-19,6.9,,2597,Non,80
3393,Fournier,Sarah,F,1983-05-04,sarah.fournier@datascope.fr,R&D,Toulouse,Alternance,2024-07-23,0.4,900,3378,Non,50
1917,Thomas,Louis,F,1994-01-18,louis.thomas@datascope.fr,Opérations,Lyon,CDI,2023-06-02,1.6,3094.0,1801,Non,100
3275,Garcia,Chloé,NB,1987-05-20,chloé.garcia@datascope.fr,Marketing,Marseille,CDI,2022-09-08,2.3,2989.0,1136,Non,50
2782,Dubois,Inès,F,1977-11-19,inès.dubois@datascope.fr,R&D,Marseille,CDD,2020-07-04,4.5,1717.0,,Non,50
2299,Michel,Léa,F,1972-04-10,léa.michel@datascope.fr,R&D,Toulouse,Alternance,2024-09-28,0.3,1390.0,3016,Oui,100
2269,Dubois,Antoine,F,1996-01-29,antoine.dubois@datascope.fr,R&D,Paris,CDI,2022-01-21,2.9,3229.0,,Non,80
2220,Garcia,Antoine,F,1994-01-18,antoine.garcia@datascope.fr,Direction,Nice,CDI,2022-02-14,2.9,2537.0,2630,Non,100
1807,Leroy,Paul,M,1966-07-06,paul.leroy@datascope.fr,Informatique,Nantes,Interim,2020-12-14,4.0,1544.0,2835,Non,100
3160,Dubois,Camille,NB,1974-01-26,camille.dubois@datascope.fr,Juridique,Lyon,Stage,2024-01-10,1.0,900,2619,Non,100
1726,David,Nicolas,M,1982-04-18,nicolas.david@datascope.fr,Juridique,Nice,Stage,2017-06-28,7.5,900,2607,Non,80
2711,Bernard,Camille,NB,1984-08-27,camille.bernard@datascope.fr,RH,Toulouse,CDD,2024-12-21,0.0,2249.0,1247,Non,100
1936,Richard,Camille,F,2000-07-17,camille.richard@datascope.fr,Juridique,Bordeaux,Stage,2024-08-10,0.4,900,,Non,100
2331,Petit,Emma,F,1968-02-02,emma.petit@datascope.fr,Marketing,Nice,Stage,2017-07-30,7.4,900,1179,Oui,100
3365,Petit,Paul,NB,1970-07-16,paul.petit@datascope.fr,Marketing,Grenoble,CDI,2018-01-25,6.9,3896.0,1845,Non,100
1476,Vincent,Nicolas,NB,1981-06-15,nicolas.vincent@datascope.fr,Commercial,Paris,CDI,2022-08-12,2.4,2284.0,,Non,100
2174,Martin,Léa,M,1995-05-12,léa.martin@datascope.fr,Commercial,Marseille,Alternance,2018-07-04,6.5,978.0,1519,Non,100
1280,Richard,Louis,M,1980-04-11,louis.richard@datascope.fr,Informatique,Lille,CDD,2018-12-28,6.0,3002.0,1413,Oui,80
1334,Garcia,Inès,F,1973-05-13,inès.garcia@datascope.fr,Opérations,Nice,Alternance,2017-03-25,7.8,1243.0,2607,Non,100
1166,Moreau,Nicolas,M,1999-08-13,nicolas.moreau@datascope.fr,Informatique,Bordeaux,CDI,2015-11-15,9.1,1445.0,3028,Non,50
1408,Laurent,Louis,F,1968-03-14,louis.laurent@datascope.fr,Marketing,Paris,CDI,2023-10-27,1.2,2619.0,2525,Non,50
2967,Moreau,Pierre,M,2013-05-07,pierre.moreaudatascope.fr,Operations,Bordeaux,CDI,2017-07-10,-2.4,0,1413,Non,80
1307,Dubois,Léa,F,2010-08-29,léa.dubois@datascope.fr,IT,Lyon,CDD,2020-11-16,4.1,0,3284,Non,100
3162,Petit,Emma,F,1968-09-06,emma.petit@datascope.fr,RH,Nice,Alternance,2015-11-27,9.1,1150.0,1194,Oui,100
1598,Leroy,Inès,M,1971-09-07,inès.leroy@datascope.fr,Finance,Lyon,CDD,2017-09-12,7.3,1519.0,1519,Oui,100
2311,Moreau,Nicolas,M,1983-11-04,nicolas.moreau@datascope.fr,Opérations,Paris,CDI,2019-06-28,5.5,3112.0,1818,Non,100
1955,David,Théo,F,1976-08-25,théo.david@datascope.fr,Commercial,Bordeaux,CDI,2016-08-25,8.4,2359.0,1948,Non,80
1112,Lefebvre,Théo,F,1983-12-31,théo.lefebvre@datascope.fr,Informatique,Lyon,CDI,2018-06-30,6.5,900,2525,Oui,100
2735,Laurent,Lucas,M,1978-05-18,lucas.laurent@datascope.fr,Opérations,Marseille,CDI,2016-12-14,8.0,2514.0,1196,Non,50
1346,Richard,Lucas,F,1972-02-03,lucas.richard@datascope.fr,Informatique,Nantes,CDD,2018-07-24,6.4,3074.0,1880,Non,100
2786,Vincent,Marie,F,1999-04-11,marie.vincent@datascope.fr,RH,Paris,CDD,2016-01-27,8.9,2019.0,,Non,100
1064,Laurent,Julie,F,1999-05-01,julie.laurent@datascope.fr,Logistique,Paris,Stage,2018-01-09,7.0,900,2525,Non,50
2588,Thomas,Alice,F,1995-03-18,alice.thomas@datascope.fr,RH,Lyon,CDD,2016-03-11,8.8,2296.0,,Oui,80
2197,Lefebvre,Théo,M,1985-08-04,théo.lefebvre@datascope.fr,Logistique,Lyon,CDI,2022-07-14,2.5,2850.0,,Non,100
2325,Petit,Chloé,M,2010-02-09,chloé.petit@datascope.fr,R&D,Lille,CDI,2020-06-07,4.6,,1179,Oui,80
1745,Robert,Sarah,F,1994-10-01,sarah.robert@datascope.fr,RH,Nantes,CDD,2019-07-16,5.5,2026.0,1335,Non,80
2273,Leroy,Thomas,F,1993-06-23,thomas.leroy@datascope.fr,Finance,Lyon,CDI,2018-05-12,6.6,2107.0,1005,Non,100
1185,Lefebvre,Paul,F,1986-01-30,paul.lefebvre@datascope.fr,Juridique,Strasbourg,CDD,2020-09-25,4.3,2188.0,1092,Non,50
1086,Roux,Thomas,M,1986-05-18,thomas.roux@datascope.fr,Informatique,Grenoble,CDD,2015-01-18,10.0,3130.0,2421,Non,100
1282,Richard,Marie,M,1972-01-26,marie.richard@datascope.fr,Informatique,Grenoble,Alternance,2024-04-05,0.7,1388.0,2245,Non,50
3219,Bertrand,Théo,F,1994-05-07,théo.bertrand@datascope.fr,Finance,Nice,Stage,2016-07-30,8.4,900,2645,Non,100
3330,David,Sophie,M,1978-08-01,sophie.david@datascope.fr,RH,Grenoble,Stage,2015-09-07,9.3,900,,Non,100
3070,Michel,Lucas,F,1986-04-05,lucas.michel@datascope.fr,Direction,Lyon,CDI,2022-06-23,2.5,2267.0,1569,Non,50
3130,Leroy,Julie,M,1965-05-19,julie.leroy@datascope.fr,Opérations,Nice,Interim,2016-03-01,8.8,2223.0,1845,Non,100
1464,Bernard,Alice,F,1985-03-01,alice.bernard@datascope.fr,Opérations,Nantes,Interim,2021-07-25,3.4,2221.0,,Oui,80
1784,David,Thomas,NB,1968-05-15,thomas.david@datascope.fr,Informatique,Nice,Stage,2023-08-31,1.3,900,1845,Non,80
1110,Vincent,Chloé,F,1979-09-06,chloé.vincent@datascope.fr,R&D,Nice,Alternance,2022-11-03,2.2,966.0,1307,Non,50
2804,Durand,Sophie,F,1971-07-07,sophie.durand@datascope.fr,Opérations,Marseille,CDI,2021-01-01,4.0,2993.0,1641,Non,100
3347,Robert,Emma,M,1994-06-05,emma.robert@datascope.fr,Informatique,Nantes,Interim,2020-07-28,4.4,2124.0,3142,Non,100
2063,Garcia,Théo,F,1984-05-09,théo.garcia@datascope.fr,Finance,Toulouse,CDI,2019-04-07,5.7,2348.0,1641,Non,100
3335,Leroy,Julie,F,1969-02-15,julie.leroy@datascope.fr,Direction,Paris,Alternance,2023-01-18,2.0,1168.0,2630,Oui,80
2960,Thomas,Chloé,M,1974-12-24,chloé.thomas@datascope.fr,Logistique,Marseille,CDI,2021-08-15,3.4,2769.0,1307,Non,100
1772,Petit,Camille,NB,1969-05-11,camille.petit@datascope.fr,RH,Nice,Stage,2016-02-19,8.9,900,2597,Non,50
2286,Laurent,Théo,M,1971-11-08,théo.laurent@datascope.fr,Marketing,Grenoble,CDI,2018-10-30,6.2,3138.0,1818,Non,80
2293,Moreau,Camille,F,1981-03-23,camille.moreau@datascope.fr,R&D,Bordeaux,Stage,2018-08-28,6.3,900,2245,Non,80
2202,Leroy,Théo,M,1993-07-25,théo.leroy@datascope.fr,Juridique,Paris,Interim,2023-05-27,1.6,2021.0,2245,Non,100
2131,David,Théo,M,1974-04-03,théo.david@datascope.fr,Opérations,Marseille,Stage,2017-09-21,7.3,900,,Non,50
2154,Garcia,Théo,F,1992-05-18,théo.garcia@datascope.fr,Informatique,Nantes,CDI,2022-04-16,2.7,,2122,Non,80
2408,Simon,Sarah,M,1996-10-27,sarah.simon@datascope.fr,Finance,Nantes,CDI,2022-04-06,2.7,3392.0,1845,Oui,100
2732,Dubois,Marie,F,1998-06-10,marie.dubois@datascope.fr,Finance,Paris,CDI,2024-01-23,0.9,3056.0,,Oui,100
3104,Lefebvre,Pierre,F,1981-02-06,pierre.lefebvre@datascope.fr,Opérations,Lyon,CDI,2018-09-27,6.3,2500.0,1818,Non,100
1668,Petit,Camille,NB,1977-02-08,camille.petit@datascope.fr,Commercial,Paris,CDI,2019-08-19,5.4,2979.0,,Oui,50
2878,Martin,Sarah,M,1977-11-25,sarah.martin@datascope.fr,Direction,Lyon,CDI,2023-09-26,1.3,2076.0,1561,Non,100
1535,Garcia,Sophie,M,1996-04-02,sophie.garcia@datascope.fr,Informatique,Nice,CDI,2023-10-07,1.2,3463.0,1307,Non,100
1119,Bertrand,Pierre,F,1972-02-18,pierre.bertrand@datascope.fr,Marketing,Lille,Alternance,2015-09-26,9.3,1501.0,,Non,50
2405,Lefebvre,Hugo,F,1977-02-06,hugo.lefebvre@datascope.fr,Commercial,Grenoble,Stage,2018-07-21,6.4,900,3142,Oui,100
2894,Durand,Paul,NB,1995-01-12,paul.durand@datascope.fr,RH,Toulouse,CDI,2021-08-13,3.4,3004.0,,Non,100
2799,Dubois,Théo,M,1968-04-08,théo.dubois@datascope.fr,Logistique,Strasbourg,CDI,2020-11-11,4.1,2748.0,,Non,80
2839,Laurent,Lucas,F,1995-02-16,lucas.laurent@datascope.fr,RH,Lille,CDI,2019-12-29,5.0,2193.0,1127,Oui,100
1137,Robert,Sarah,F,1970-09-09,sarah.robert@datascope.fr,R&D,Strasbourg,CDI,2020-09-01,4.3,3885.0,1195,Non,100
2634,Leroy,Lucas,NB,1971-02-18,lucas.leroy@datascope.fr,Commercial,Marseille,CDI,2017-09-08,7.3,2049.0,1136,Non,100
1245,Michel,Antoine,NB,1993-07-08,antoine.michel@datascope.fr,Logistique,Nantes,CDD,2018-10-06,6.2,2936.0,3028,Oui,80
2396,David,Inès,F,1965-11-20,inès.david@datascope.fr,Juridique,Paris,CDI,2019-06-01,5.6,1985.0,1307,Non,100
1016,Bertrand,Thomas,F,1970-06-23,thomas.bertrand@datascope.fr,Juridique,Bordeaux,CDI,2022-10-16,2.2,3197.0,1801,Non,100
3018,David,Chloé,M,1996-04-21,chloé.david@datascope.fr,RH,Nice,CDI,2016-06-18,8.5,3030.0,,Oui,100
1842,Garcia,Lucas,F,1986-07-27,lucas.garcia@datascope.fr,R&D,Nice,CDI,2024-01-12,1.0,2822.0,2967,Non,100
1314,Roux,Sarah,M,1995-12-17,sarah.roux@datascope.fr,RH,Bordeaux,CDI,2015-09-19,9.3,3201.0,1005,Non,100
1630,David,Sophie,M,1987-08-22,sophie.david@datascope.fr,Informatique,Lyon,CDI,2016-09-08,8.3,1662.0,1307,Non,100
3266,Lefebvre,Camille,M,1993-06-27,camille.lefebvre@datascope.fr,Logistique,Nantes,CDI,2016-08-20,8.4,3607.0,,Non,80
1912,Thomas,Hugo,M,1998-10-16,hugo.thomas@datascope.fr,Juridique,Lille,CDI,2022-05-26,2.6,2804.0,2607,Non,100
1097,Garcia,Louis,F,1966-06-05,louis.garcia@datascope.fr,R&D,Marseille,Alternance,2016-06-07,8.6,983.0,1005,Oui,100
3374,David,Sarah,F,1980-10-07,sarah.david@datascope.fr,Opérations,Lille,Interim,2015-05-08,9.7,2531.0,3016,Non,80
3216,Fournier,Antoine,F,1969-01-23,antoine.fournier@datascope.fr,Logistique,Marseille,CDI,2019-06-14,5.5,2733.0,2461,Oui,100
1239,Dubois,Julie,NB,1975-07-18,julie.dubois@datascope.fr,RH,Lille,CDI,2016-01-12,9.0,2855.0,3118,Oui,80
2095,Robert,Théo,M,1990-09-23,théo.robert@datascope.fr,Direction,Nice,CDI,2021-08-23,3.4,4068.0,,Non,100
2372,Leroy,Léa,M,1993-08-17,léa.leroy@datascope.fr,RH,Paris,Alternance,2024-02-11,0.9,900,2421,Non,100
2019,Vincent,Inès,F,1976-01-06,inès.vincent@datascope.fr,RH,Toulouse,CDD,2023-04-12,1.7,2330.0,2245,Oui,100
1572,Vincent,Théo,F,1973-11-14,théo.vincent@datascope.fr,Commercial,Paris,Alternance,2023-06-16,1.5,900,2122,Non,100
3039,Richard,Paul,NB,1985-08-10,paul.richard@datascope.fr,Marketing,Nice,CDI,2016-12-04,8.1,2891.0,,Non,50
2723,Michel,Inès,M,1999-09-01,inès.michel@datascope.fr,Marketing,Bordeaux,CDI,2016-04-04,8.7,3374.0,3334,Non,50
2310,Thomas,Théo,F,1994-01-24,théo.thomas@datascope.fr,R&D,Marseille,CDI,2021-05-07,3.7,2637.0,2835,Non,100
2924,Durand,Camille,F,1965-02-07,camille.durand@datascope.fr,Direction,Paris,CDD,2016-08-07,8.4,3130.0,1195,Non,100
2364,Bernard,Chloé,M,1985-01-03,chloé.bernard@datascope.fr,Finance,Strasbourg,Stage,2024-11-27,0.1,,2525,Non,80
2076,David,Inès,F,1989-10-18,inès.david@datascope.fr,R&D,Bordeaux,Stage,2024-08-03,0.4,900,2835,Non,100
2697,Michel,Hugo,M,1992-07-24,hugo.michel@datascope.fr,Informatique,Nantes,CDI,2016-05-01,8.7,3773.0,,Non,100
3042,Laurent,Sarah,M,1973-08-28,sarah.laurent@datascope.fr,Commercial,Bordeaux,CDI,2019-12-26,5.0,3952.0,,Non,100
3282,Laurent,Sophie,NB,1980-09-05,sophie.laurent@datascope.fr,Informatique,Grenoble,CDI,2021-03-13,3.8,4002.0,1747,Oui,100
2410,Laurent,Léa,F,1997-08-04,léa.laurent@datascope.fr,Logistique,Toulouse,CDI,2019-09-28,5.3,3138.0,1127,Non,100
2857,Thomas,Emma,F,1986-04-21,emma.thomas@datascope.fr,Finance,Nantes,Interim,2021-04-18,3.7,2051.0,1818,Non,50
2583,Michel,Pierre,NB,1994-10-30,pierre.michel@datascope.fr,Finance,Grenoble,Alternance,2024-06-21,0.5,1679.0,1179,Oui,100
1161,Bernard,Sarah,M,1996-03-30,sarah.bernard@datascope.fr,Informatique,Grenoble,CDI,2021-12-06,3.1,2417.0,3004,Non,80
1385,Bertrand,Paul,M,1966-02-25,paul.bertrand@datascope.fr,Juridique,Toulouse,CDD,2022-03-30,2.8,2087.0,1957,Non,100
1442,Garcia,Lucas,F,1995-02-25,lucas.garcia@datascope.fr,Direction,Grenoble,CDI,2021-08-08,3.4,3262.0,1179,Non,80
1954,Dubois,Paul,F,1977-07-15,paul.dubois@datascope.fr,Logistique,Toulouse,Alternance,2024-08-31,0.3,1224.0,2461,Non,100
1939,Vincent,Nicolas,NB,1975-10-24,nicolas.vincent@datascope.fr,Opérations,Grenoble,CDI,2018-05-07,6.7,3227.0,2967,Non,100
2696,Robert,Emma,F,1969-01-23,emma.robert@datascope.fr,Marketing,Marseille,CDI,2017-06-10,7.6,3398.0,1136,Oui,50
1276,Roux,Léa,F,1992-07-30,léa.roux@datascope.fr,R&D,Nice,CDI,2021-09-22,3.3,3058.0,3378,Oui,100
2389,Bernard,Lucas,F,1980-10-18,lucas.bernard@datascope.fr,Opérations,Bordeaux,CDD,2021-10-18,3.2,2000.0,,Non,100
1461,Leroy,Marie,F,1968-07-19,marie.leroy@datascope.fr,Commercial,Toulouse,CDI,2023-03-05,1.8,2774.0,1801,Oui,100
3349,Fournier,Pierre,NB,1969-05-27,pierre.fournier@datascope.fr,Direction,Toulouse,CDI,2017-12-06,7.1,3449.0,,Oui,100
2128,Thomas,Sophie,M,1978-07-05,sophie.thomas@datascope.fr,Finance,Bordeaux,CDI,2017-07-17,7.5,2907.0,2630,Non,80
3233,Michel,Louis,M,1970-12-03,louis.michel@datascope.fr,Direction,Nice,CDD,2019-02-04,5.9,2326.0,2067,Non,80
1940,Thomas,Chloé,F,1968-11-21,chloé.thomas@datascope.fr,R&D,Strasbourg,CDD,2016-02-16,8.9,,1127,Oui,100
2147,Lefebvre,Léa,F,1966-08-08,léa.lefebvre@datascope.fr,Opérations,Marseille,CDI,2020-04-04,4.7,2463.0,,Non,100
3242,Leroy,Thomas,F,1970-02-06,thomas.leroy@datascope.fr,Direction,Nice,CDI,2022-05-12,2.6,2497.0,1790,Non,50
3049,Bernard,Romain,F,1997-11-14,romain.bernard@datascope.fr,Direction,Grenoble,CDI,2023-11-29,1.1,2930.0,2515,Non,100
1980,Robert,Lucas,M,1976-07-22,lucas.robert@datascope.fr,Direction,Nice,CDD,2022-06-20,2.5,1133.0,1413,Non,100
1604,Lefebvre,Thomas,M,1970-08-01,thomas.lefebvre@datascope.fr,RH,Lyon,CDI,2018-12-07,6.1,4319.0,1196,Non,100
3231,Simon,Inès,M,1986-04-17,inès.simon@datascope.fr,R&D,Paris,CDI,2024-09-23,0.3,2741.0,1307,Oui,100
3026,Fournier,Hugo,M,1983-03-30,hugo.fournier@datascope.fr,Marketing,Nice,Interim,2024-08-02,0.4,2415.0,1247,Oui,100
1689,Laurent,Théo,F,1998-09-12,théo.laurent@datascope.fr,Direction,Toulouse,Alternance,2018-12-30,6.0,1246.0,1875,Non,80
1967,Vincent,Marie,F,1989-02-14,marie.vincent@datascope.fr,Juridique,Nice,Interim,2024-10-14,0.2,3064.0,1195,Non,100
2151,Lefebvre,Camille,M,1973-02-07,camille.lefebvre@datascope.fr,RH,Paris,CDI,2016-01-16,9.0,3994.0,2607,Oui,100
2679,Petit,Nicolas,M,1989-07-24,nicolas.petit@datascope.fr,Commercial,Lille,CDI,2015-12-15,9.0,2408.0,1179,Non,100
2982,Michel,Pierre,M,1974-10-27,pierre.michel@datascope.fr,Marketing,Grenoble,CDI,2016-04-05,8.7,4252.0,1100,Oui,100
1380,Petit,Marie,M,1988-12-04,marie.petit@datascope.fr,Commercial,Paris,CDI,2024-08-18,0.4,3374.0,1127,Oui,100
2920,David,Julie,M,1966-02-25,julie.david@datascope.fr,Commercial,Paris,CDI,2017-11-28,7.1,2094.0,1875,Non,80
1188,David,Lucas,M,1983-08-31,lucas.david@datascope.fr,Opérations,Marseille,CDD,2017-01-29,7.9,3069.0,,Non,50
1739,Laurent,Pierre,F,1977-01-31,pierre.laurent@datascope.fr,R&D,Marseille,Alternance,2017-07-25,7.4,1384.0,3142,Non,100
2709,Petit,Camille,M,2011-07-25,camille.petit@datascope.fr,R&D,Lyon,CDD,2023-10-20,1.2,,2421,Non,50
2051,Garcia,Hugo,F,1991-02-08,hugo.garcia@datascope.fr,Marketing,Nantes,CDI,2015-01-11,10.0,,2421,Oui,100
2158,Durand,Julie,F,2000-10-26,julie.durand@datascope.fr,RH,Grenoble,Alternance,2018-04-18,6.7,900,2525,Non,100
1895,Richard,Emma,M,1997-11-13,emma.richard@datascope.fr,Opérations,Nantes,Alternance,2016-02-20,8.9,944.0,,Non,80
3249,Robert,Louis,M,1983-09-08,louis.robert@datascope.fr,Juridique,Grenoble,Interim,2022-08-27,2.3,2143.0,2067,Non,100
1863,Michel,Inès,F,1995-02-05,inès.michel@datascope.fr,Direction,Bordeaux,CDI,2016-07-29,8.4,3512.0,,Non,100
3244,Michel,Inès,M,1996-04-11,inès.michel@datascope.fr,Finance,Marseille,CDD,2022-07-26,2.4,2253.0,1092,Non,100
2641,Simon,Camille,F,1981-06-30,camille.simon@datascope.fr,Opérations,Lille,CDI,2018-12-11,6.1,2726.0,2525,Non,100
2252,Moreau,Emma,F,1997-11-10,emma.moreau@datascope.fr,Opérations,Bordeaux,CDI,2022-03-14,2.8,3365.0,1747,Oui,100
1552,Martin,Chloé,M,1998-04-25,chloé.martin@datascope.fr,Commercial,Marseille,CDI,2023-09-24,1.3,4325.0,2967,Oui,100
1338,Moreau,Julie,M,1965-10-15,julie.moreau@datascope.fr,Logistique,Lyon,CDI,2020-01-04,5.0,3888.0,1127,Non,50
2030,Martin,Hugo,F,2000-11-14,hugo.martin@datascope.fr,Finance,Lyon,CDD,2022-12-11,2.1,2134.0,1196,Non,100
2261,Robert,Léa,M,1966-09-08,léa.robert@datascope.fr,Informatique,Grenoble,CDD,2022-03-07,2.8,1472.0,1092,Oui,80
1033,Bernard,Romain,F,1989-08-16,romain.bernard@datascope.fr,RH,Marseille,CDI,2017-12-10,7.1,4545.0,1100,Non,80
2554,Leroy,Marie,M,1981-04-19,marie.leroy@datascope.fr,Logistique,Grenoble,CDI,2018-12-18,6.0,3173.0,1569,Oui,100
1067,Richard,Théo,M,1967-05-30,théo.richard@datascope.fr,Marketing,Paris,CDD,2015-02-07,9.9,2094.0,,Non,100
2576,Bertrand,Camille,M,1975-06-09,camille.bertrand@datascope.fr,Opérations,Bordeaux,CDI,2021-04-19,3.7,3323.0,,Non,100
2703,Petit,Théo,M,1998-12-14,théo.petit@datascope.fr,Direction,Grenoble,CDD,2015-02-25,9.8,2923.0,1005,Non,80
1491,Fournier,Paul,M,1983-11-02,paul.fournier@datascope.fr,RH,Grenoble,CDD,2016-12-03,8.1,1909.0,2245,Non,50
2704,Durand,Théo,F,1983-03-28,théo.durand@datascope.fr,R&D,Strasbourg,Stage,2022-03-31,2.8,900,1413,Non,80
1556,Durand,Chloé,NB,2011-06-04,chloé.durand@datascope.fr,Direction,Marseille,Stage,2022-11-13,2.1,,2525,Oui,80
3086,Fournier,Romain,M,1976-04-22,romain.fournier@datascope.fr,Finance,Lyon,CDI,2016-06-22,8.5,1925.0,3028,Non,80
2563,Vincent,Camille,M,1970-01-02,camille.vincent@datascope.fr,R&D,Strasbourg,CDI,2023-01-28,1.9,3718.0,3004,Non,80
2519,Moreau,Pierre,M,1995-02-25,pierre.moreau@datascope.fr,Informatique,Toulouse,Interim,2016-04-16,8.7,2380.0,,Non,100
2667,Martin,Julie,M,1970-04-17,julie.martin@datascope.fr,Informatique,Bordeaux,Alternance,2020-08-04,4.4,1145.0,1136,Non,80
1757,Petit,Hugo,F,1968-07-11,hugo.petit@datascope.fr,Direction,Nice,CDI,2022-01-30,2.9,900,1136,Non,80
2517,Laurent,Antoine,F,1994-12-12,antoine.laurent@datascope.fr,Commercial,Lille,CDI,2015-02-15,9.9,2004.0,1957,Non,80
1130,Laurent,Emma,M,1991-06-15,emma.laurent@datascope.fr,Direction,Paris,CDI,2015-05-28,9.6,3037.0,1561,Non,100
2675,Durand,Chloé,F,1994-09-03,chloé.durand@datascope.fr,Informatique,Bordeaux,CDI,2021-06-03,3.6,3141.0,1641,Non,100
2917,Petit,Camille,F,1994-07-25,camille.petit@datascope.fr,Direction,Lille,CDI,2016-08-23,8.4,3454.0,,Non,100
1678,Richard,Pierre,M,1972-05-17,pierre.richard@datascope.fr,RH,Strasbourg,Interim,2015-08-23,9.4,2405.0,1561,Non,100
3090,David,Sarah,M,1969-06-10,sarah.david@datascope.fr,Juridique,Paris,Alternance,2022-09-29,2.3,1199.0,3334,Non,100
2627,Fournier,Emma,M,1986-02-13,emma.fournier@datascope.fr,Finance,Paris,CDD,2024-03-14,0.8,2335.0,,Non,50
2785,Lefebvre,Théo,M,1971-06-20,théo.lefebvre@datascope.fr,Informatique,Toulouse,CDI,2023-05-25,1.6,1635.0,1335,Non,100
1498,Robert,Chloé,M,1981-10-15,chloé.robert@datascope.fr,Juridique,Paris,Stage,2016-11-06,8.2,900,1127,Non,50
2966,Garcia,Alice,F,1992-05-19,alice.garcia@datascope.fr,Commercial,Bordeaux,Alternance,2016-08-24,8.4,900,1801,Non,100
3084,Martin,Théo,M,1991-12-26,théo.martin@datascope.fr,Informatique,Grenoble,CDD,2023-09-05,1.3,2421.0,3334,Non,100
2585,Leroy,Thomas,M,1966-01-11,thomas.leroy@datascope.fr,Opérations,Toulouse,CDI,2023-07-05,1.5,2326.0,3378,Non,100
2897,Roux,Louis,F,1998-11-01,louis.roux@datascope.fr,Opérations,Lille,CDI,2019-06-06,5.6,2395.0,2835,Non,100
3303,Laurent,Paul,F,1971-07-24,paul.laurent@datascope.fr,Informatique,Lyon,CDI,2023-04-03,1.7,2877.0,1413,Non,100
1753,Dubois,Antoine,F,1966-01-12,antoine.dubois@datascope.fr,Marketing,Marseille,Alternance,2024-02-03,0.9,1422.0,1880,Non,100
1836,Roux,Marie,NB,1974-02-02,marie.roux@datascope.fr,Marketing,Paris,CDI,2018-11-13,6.1,3412.0,2515,Non,100
1947,Garcia,Pierre,M,1981-05-04,pierre.garcia@datascope.fr,Finance,Paris,CDI,2017-05-10,7.6,2563.0,1247,Non,100
1066,Bernard,Romain,F,1965-12-01,romain.bernard@datascope.fr,Opérations,Nice,CDD,2024-11-10,0.1,2662.0,,Non,100
2044,Bertrand,Théo,M,1969-07-14,théo.bertrand@datascope.fr,Juridique,Lille,CDI,2017-02-27,7.8,2860.0,1005,Non,100
1164,Leroy,Théo,F,1981-12-29,théo.leroy@datascope.fr,Informatique,Marseille,Alternance,2015-03-03,9.8,1314.0,2967,Non,100
2538,Garcia,Lucas,F,1975-10-09,lucas.garcia@datascope.fr,Commercial,Lyon,CDI,2022-01-03,3.0,2342.0,1875,Oui,100
1019,David,Julie,NB,1996-02-13,julie.david@datascope.fr,Direction,Paris,CDD,2016-06-28,8.5,1980.0,2645,Non,80
1103,Petit,Pierre,M,1972-09-16,pierre.petit@datascope.fr,Direction,Nantes,CDD,2024-11-21,0.1,2405.0,1801,Oui,50
1697,Leroy,Hugo,M,1985-03-30,hugo.leroy@datascope.fr,R&D,Lyon,CDI,2018-01-31,6.9,2428.0,3142,Non,100
2215,Thomas,Julie,F,1989-09-27,julie.thomas@datascope.fr,Finance,Paris,CDI,2016-09-23,8.3,2332.0,3118,Non,100
2571,Fournier,Emma,M,1965-07-06,emma.fournier@datascope.fr,Logistique,Strasbourg,Stage,2024-12-14,0.0,900,1519,Non,80
3383,Durand,Chloé,M,1996-12-14,chloé.durand@datascope.fr,Finance,Lille,CDI,2019-06-27,5.5,900,,Oui,80
1840,Bertrand,Paul,F,1988-10-09,paul.bertrand@datascope.fr,Juridique,Lyon,Alternance,2017-01-19,7.9,1044.0,,Non,100
1852,Laurent,Julie,M,1986-04-01,julie.laurent@datascope.fr,Marketing,Toulouse,CDI,2020-08-10,4.4,2155.0,,Non,50
2793,Thomas,Sophie,F,1999-03-01,sophie.thomas@datascope.fr,Direction,Lille,CDI,2024-05-22,0.6,2130.0,,Oui,100
2308,Richard,Louis,M,1976-08-08,louis.richard@datascope.fr,Logistique,Nantes,CDI,2023-02-18,1.9,2309.0,1196,Non,100
2201,Fournier,Lucas,M,1970-11-12,lucas.fournier@datascope.fr,Opérations,Grenoble,CDD,2018-10-09,6.2,3301.0,1005,Non,100
1982,Lefebvre,Thomas,M,2012-01-26,thomas.lefebvre@datascope.fr,Opérations,Lyon,CDI,2017-02-02,7.9,,1790,Oui,50
3208,Michel,Nicolas,M,1979-04-12,nicolas.michel@datascope.fr,Logistique,Toulouse,CDD,2015-10-22,9.2,2751.0,1801,Oui,80
2910,Lefebvre,Marie,M,1974-04-21,marie.lefebvre@datascope.fr,Marketing,Nantes,CDI,2020-09-03,4.3,2957.0,1790,Oui,100
2315,Bertrand,Inès,F,1966-02-23,inès.bertrand@datascope.fr,Logistique,Strasbourg,Stage,2016-03-11,8.8,900,2515,Oui,50
3155,Martin,Julie,F,1983-06-14,julie.martin@datascope.fr,Informatique,Nice,CDI,2019-12-11,5.1,3323.0,2597,Non,100
1092,Bertrand,Lucas,F,2013-09-18,lucas.bertrand@datascope.fr,IT,Lyon,CDI,2021-05-06,3.7,0,1401,Non,80
3063,Moreau,Camille,F,1995-07-05,camille.moreau@datascope.fr,R&D,Strasbourg,CDI,2018-03-22,6.8,3026.0,,Non,50
2925,Laurent,Camille,M,1981-06-04,camille.laurent@datascope.fr,Logistique,Marseille,CDI,2022-02-28,2.8,2997.0,2630,Non,100
2876,Roux,Chloé,F,1966-10-09,chloé.roux@datascope.fr,RH,Nantes,CDI,2023-09-28,1.3,1364.0,1247,Non,100
3386,Robert,Nicolas,M,1967-06-04,nicolas.robert@datascope.fr,Opérations,Marseille,Alternance,2018-11-21,6.1,900,3118,Non,100
1032,Petit,Romain,M,1982-01-16,romain.petit@datascope.fr,R&D,Bordeaux,CDI,2020-04-16,4.7,3850.0,3334,Non,80
2479,Moreau,Inès,F,1982-01-23,inès.moreau@datascope.fr,R&D,Bordeaux,CDI,2019-07-27,5.4,3085.0,2245,Oui,100
3146,Robert,Romain,NB,1982-12-26,romain.robert@datascope.fr,Finance,Bordeaux,CDD,2020-05-03,4.7,2115.0,2245,Non,80
3127,Durand,Léa,M,1971-08-25,léa.durand@datascope.fr,Juridique,Bordeaux,CDI,2024-11-28,0.1,2735.0,3004,Non,100
2757,Thomas,Théo,F,1970-01-16,théo.thomas@datascope.fr,Direction,Bordeaux,CDD,2020-07-07,4.5,2403.0,,Non,100
1002,Simon,Pierre,F,1979-06-26,pierre.simon@datascope.fr,Direction,Nice,Alternance,2024-04-15,0.7,,2597,Oui,100
2032,Lefebvre,Sarah,M,1984-04-22,sarah.lefebvre@datascope.fr,RH,Bordeaux,CDI,2024-11-09,0.1,2796.0,1818,Non,100
3298,Michel,Sarah,F,2000-04-07,sarah.michel@datascope.fr,RH,Nice,CDI,2020-05-30,4.6,2938.0,1790,Non,100
1806,Roux,Julie,M,1978-12-20,julie.roux@datascope.fr,Logistique,Grenoble,CDI,2021-11-16,3.1,2568.0,,Non,80
1144,Dubois,Inès,NB,1995-07-26,inès.dubois@datascope.fr,R&D,Grenoble,CDI,2015-12-21,9.0,1430.0,1880,Non,100
1390,Robert,Camille,F,1967-12-24,camille.robert@datascope.fr,Direction,Strasbourg,Interim,2019-11-05,5.2,2167.0,2515,Oui,50
2559,Dubois,Thomas,M,1970-11-09,thomas.dubois@datascope.fr,Marketing,Grenoble,CDI,2020-04-10,4.7,1588.0,1747,Non,100
2837,Robert,Paul,NB,1973-12-10,paul.robert@datascope.fr,Commercial,Lyon,CDI,2023-05-04,1.7,3415.0,3334,Non,100
2021,Fournier,Nicolas,F,1973-10-19,nicolas.fournier@datascope.fr,Juridique,Toulouse,CDI,2016-07-28,8.4,2424.0,,Non,100
1437,Robert,Sarah,M,1973-09-04,sarah.robert@datascope.fr,Informatique,Lille,CDD,2017-10-15,7.2,2516.0,,Non,100
2937,Michel,Emma,M,1992-10-20,emma.michel@datascope.fr,Marketing,Paris,CDI,2020-12-29,4.0,1617.0,2122,Non,80
2551,Leroy,Nicolas,F,1998-12-12,nicolas.leroy@datascope.fr,RH,Nice,CDI,2015-04-13,9.7,2005.0,,Non,100
2929,Robert,Thomas,F,1972-04-29,thomas.robert@datascope.fr,Logistique,Nice,CDI,2019-06-27,5.5,1179.0,2122,Non,100
2582,Durand,Thomas,M,1969-12-09,thomas.durand@datascope.fr,Juridique,Nantes,CDI,2018-01-07,7.0,1703.0,1875,Non,100
2172,Fournier,Léa,M,1986-01-13,léa.fournier@datascope.fr,R&D,Lyon,Alternance,2015-06-15,9.5,900,,Non,100
3399,Richard,Sophie,NB,1965-08-31,sophie.richard@datascope.fr,Informatique,Nice,CDI,2020-04-27,4.7,3257.0,3378,Non,50
1289,Dubois,Hugo,M,1999-10-25,hugo.dubois@datascope.fr,Commercial,Toulouse,CDI,2022-08-19,2.4,2206.0,1005,Oui,100
2087,Thomas,Nicolas,F,1967-11-06,nicolas.thomas@datascope.fr,Commercial,Nantes,CDI,2019-09-24,5.3,3381.0,,Non,100
1683,Durand,Paul,F,1985-10-09,paul.durand@datascope.fr,Direction,Marseille,CDI,2023-04-08,1.7,3393.0,1136,Non,100
2045,Moreau,Théo,M,1975-02-20,théo.moreau@datascope.fr,Logistique,Toulouse,CDI,2024-05-14,0.6,3349.0,1195,Non,80
2847,Leroy,Thomas,M,1969-03-30,thomas.leroy@datascope.fr,Direction,Nantes,CDI,2016-05-31,8.6,2656.0,1401,Non,100
3037,Durand,Julie,F,1965-03-27,julie.durand@datascope.fr,RH,Strasbourg,CDI,2020-01-31,4.9,2772.0,2122,Non,50
1077,Robert,Sophie,F,1977-10-10,sophie.robert@datascope.fr,Logistique,Nantes,CDI,2016-10-29,8.2,2166.0,1005,Non,100
2654,David,Alice,M,1980-12-20,alice.david@datascope.fr,Finance,Lille,CDI,2022-04-06,2.7,3912.0,1641,Non,80
1029,Dubois,Camille,F,1996-05-16,camille.dubois@datascope.fr,Finance,Nice,CDI,2021-10-09,3.2,3224.0,2645,Non,50
1948,Garcia,Sarah,M,2013-08-29,sarah.garcia@datascope.fr,R&D,Grenoble,Interim,2015-05-02,9.7,0,1957,Oui,80
1375,Richard,Alice,NB,2015-11-05,alice.richard@datascope.fr,Legal,Marseille,Stage,2016-11-25,8.1,0,3028,Oui,100
2858,Roux,Paul,M,1969-11-08,paul.roux@datascope.fr,Informatique,Strasbourg,Alternance,2021-07-26,3.4,1404.0,1880,Non,50
1262,Petit,Théo,M,1971-06-07,théo.petit@datascope.fr,RH,Marseille,CDI,2020-02-21,4.9,3060.0,2122,Oui,100
2419,Roux,Emma,M,1972-03-08,emma.roux@datascope.fr,Juridique,Marseille,CDI,2017-04-15,7.7,2642.0,1335,Non,100
1817,Michel,Pierre,F,1989-07-16,pierre.michel@datascope.fr,Direction,Nice,Interim,2017-07-08,7.5,2030.0,1948,Oui,100
1389,Laurent,Hugo,M,1996-11-29,hugo.laurent@datascope.fr,Finance,Strasbourg,Interim,2023-11-22,1.1,2064.0,1413,Non,50
1149,Michel,Antoine,F,1974-10-09,antoine.michel@datascope.fr,Marketing,Nantes,Stage,2016-04-07,8.7,900,,Non,50
2418,Durand,Emma,F,1970-01-10,emma.durand@datascope.fr,R&D,Lille,CDI,2021-03-01,3.8,3455.0,2122,Oui,100
2037,Garcia,Romain,F,1976-02-05,romain.garcia@datascope.fr,RH,Lille,Alternance,2023-08-22,1.4,1228.0,,Non,100
3370,Michel,Paul,F,1978-12-24,paul.michel@datascope.fr,RH,Grenoble,CDI,2016-11-09,8.1,3275.0,1948,Non,100
3159,David,Marie,M,1978-05-22,marie.david@datascope.fr,Marketing,Paris,CDI,2022-10-23,2.2,2164.0,1801,Non,100
1192,Bertrand,Emma,M,1973-07-08,emma.bertrand@datascope.fr,Direction,Nice,CDI,2021-10-13,3.2,3389.0,1569,Oui,80
2403,Garcia,Julie,F,1989-07-27,julie.garcia@datascope.fr,RH,Lyon,CDI,2023-04-10,1.7,1206.0,1818,Non,100
2266,Lefebvre,Julie,F,1966-03-17,julie.lefebvre@datascope.fr,Marketing,Paris,CDI,2023-08-01,1.4,1731.0,1127,Oui,100
1111,Martin,Pierre,F,1983-11-24,pierre.martin@datascope.fr,Direction,Paris,CDI,2020-05-05,4.7,2429.0,1957,Non,100
1431,Richard,Antoine,F,1970-12-26,antoine.richard@datascope.fr,Commercial,Lille,CDI,2018-08-12,6.4,1756.0,2835,Oui,50
2339,Thomas,Léa,NB,1968-03-13,léa.thomas@datascope.fr,Opérations,Lille,CDI,2019-08-02,5.4,2837.0,1519,Non,80
1372,Petit,Hugo,F,1973-10-22,hugo.petit@datascope.fr,Juridique,Strasbourg,CDI,2015-01-21,9.9,900,2645,Non,100
