employee_id,genre,email,departement,ville,contrat,date_embauche,anciennete_annees,salaire_mensuel_brut,temps_partiel,taux_activite,age,tranche_age
2525,F,louis.daviddatascope.fr,Operations,Nice,CDD,2022-11-15,2.1,0.0,Non,100,10,Moins de 25 ans
2502,F,inès.leroy@datascope.fr,RH,Grenoble,CDI,2020-11-07,4.1,2326.0,Non,100,54,45-54 ans
2036,M,antoine.robert@datascope.fr,Informatique,Nice,CDI,2024-08-14,0.4,2888.0,Oui,80,49,45-54 ans
1450,M,marie.dubois@datascope.fr,Finance,Strasbourg,CDI,2020-05-28,4.6,3074.0,Non,100,47,45-54 ans
3362,M,léa.roux@datascope.fr,Marketing,Lyon,CDI,2023-10-29,1.2,3696.0,Oui,50,44,35-44 ans
2813,M,emma.thomas@datascope.fr,Finance,Bordeaux,Interim,2021-01-09,4.0,1775.0,Non,100,26,25-34 ans
2324,F,alice.lefebvre@datascope.fr,Commercial,Paris,CDI,2021-09-25,3.3,2169.0,Oui,50,40,35-44 ans
1544,F,théo.richard@datascope.fr,Direction,Grenoble,Stage,2021-07-14,3.5,900.0,Non,100,44,35-44 ans
3152,M,louis.lefebvre@datascope.fr,Informatique,Nantes,Stage,2017-02-24,7.8,900.0,Non,100,51,45-54 ans
2125,F,léa.garcia@datascope.fr,Marketing,Paris,CDI,2024-02-01,0.9,3856.0,Oui,50,39,35-44 ans
2134,F,chloé.david@datascope.fr,Direction,Marseille,CDI,2024-10-09,0.2,2993.0,Non,100,50,45-54 ans
1266,F,marie.laurent@datascope.fr,RH,Marseille,CDD,2016-09-11,8.3,2888.0,Oui,80,26,25-34 ans
1709,M,paul.david@datascope.fr,R&D,Marseille,Interim,2021-11-21,3.1,1585.0,Non,100,54,45-54 ans
2406,M,sarah.leroy@datascope.fr,Finance,Grenoble,Alternance,2021-09-03,3.3,1584.0,Oui,50,54,45-54 ans
1494,F,julie.richard@datascope.fr,Opérations,Grenoble,CDD,2019-05-31,5.6,2187.0,Non,100,58,55 ans et plus
1770,F,chloé.martin@datascope.fr,R&D,Lyon,CDD,2020-07-31,4.4,2747.0,Non,100,59,55 ans et plus
1256,M,inès.martin@datascope.fr,Logistique,Toulouse,CDI,2018-01-12,7.0,1998.0,Non,100,32,25-34 ans
1662,M,inès.michel@datascope.fr,Direction,Nice,CDI,2020-04-10,4.7,1295.0,Non,100,46,45-54 ans
1444,F,romain.thomas@datascope.fr,Commercial,Strasbourg,CDI,2022-09-15,2.3,2477.0,Non,100,33,25-34 ans
3024,F,thomas.durand@datascope.fr,RH,Strasbourg,CDI,2022-04-30,2.7,2296.0,Non,100,43,35-44 ans
2442,M,louis.vincent@datascope.fr,Logistique,Bordeaux,CDI,2020-06-02,4.6,3180.0,Oui,80,32,25-34 ans
1769,M,léa.laurent@datascope.fr,Opérations,Toulouse,CDI,2015-08-13,9.4,2682.0,Oui,80,57,55 ans et plus
2333,F,nicolas.roux@datascope.fr,Marketing,Marseille,CDD,2022-12-23,2.0,2228.0,Oui,50,54,45-54 ans
3065,M,lucas.bertrand@datascope.fr,RH,Paris,CDD,2015-12-04,9.1,2517.0,Oui,50,40,35-44 ans
2322,M,sophie.thomas@datascope.fr,RH,Nantes,CDD,2015-02-04,9.9,2812.0,Oui,50,29,25-34 ans
1959,F,hugo.thomas@datascope.fr,Commercial,Strasbourg,CDI,2020-05-22,4.6,2775.0,Oui,50,29,25-34 ans
2810,F,emma.lefebvre@datascope.fr,RH,Grenoble,CDI,2019-12-15,5.0,2590.0,Non,100,29,25-34 ans
1281,F,sophie.petit@datascope.fr,Direction,Grenoble,CDI,2015-02-15,9.9,1813.0,Non,100,36,35-44 ans
1710,F,pierre.dubois@datascope.fr,Opérations,Lyon,CDD,2022-04-11,2.7,2072.0,Oui,50,24,Moins de 25 ans
2617,M,chloé.bertrand@datascope.fr,Opérations,Grenoble,CDI,2016-01-29,8.9,3526.0,Oui,80,40,35-44 ans
1673,F,julie.david@datascope.fr,Direction,Paris,CDI,2016-02-27,8.8,1361.0,Non,100,46,45-54 ans
2404,F,marie.petit@datascope.fr,R&D,Toulouse,CDD,2023-06-06,1.6,1707.0,Non,100,30,25-34 ans
3204,F,sophie.lefebvre@datascope.fr,Direction,Strasbourg,CDI,2016-12-28,8.0,2574.0,Non,100,54,45-54 ans
1775,M,paul.robert@datascope.fr,R&D,Bordeaux,Stage,2023-08-31,1.3,900.0,Oui,50,24,Moins de 25 ans
3179,M,hugo.moreau@datascope.fr,Direction,Nantes,CDD,2020-12-29,4.0,2144.0,Non,100,24,Moins de 25 ans
1957,M,chloé.petit@datascope.fr,Finance,Nantes,CDD,2018-04-24,6.7,971.0,Oui,80,10,Moins de 25 ans
2289,F,alice.richard@datascope.fr,Marketing,Lille,Alternance,2016-10-12,8.2,924.0,Oui,80,55,55 ans et plus
1496,M,théo.bernard@datascope.fr,Finance,Marseille,CDI,2017-01-12,8.0,2796.0,Oui,80,48,45-54 ans
2776,NB,nicolas.martin@datascope.fr,Juridique,Nantes,CDI,2024-04-20,0.7,3427.0,Oui,80,58,55 ans et plus
1824,F,emma.durand@datascope.fr,Marketing,Strasbourg,CDD,2024-06-17,0.5,3358.0,Non,100,38,35-44 ans
3139,M,inès.thomas@datascope.fr,Finance,Lyon,CDI,2021-01-26,3.9,1568.0,Oui,80,28,25-34 ans
2046,F,hugo.garcia@datascope.fr,Direction,Bordeaux,Stage,2020-06-15,4.5,900.0,Non,100,43,35-44 ans
1127,NB,chloé.duranddatascope.fr,Marketing,Lyon,CDI,2020-12-06,4.1,3064.5,Non,100,10,Moins de 25 ans
1677,F,théo.petit@datascope.fr,RH,Toulouse,CDI,2021-04-24,3.7,2793.0,Non,100,48,45-54 ans
3293,M,lucas.martin@datascope.fr,Finance,Nantes,CDD,2018-07-11,6.5,2518.0,Non,100,25,25-34 ans
2648,F,inès.bernard@datascope.fr,Direction,Nice,CDI,2015-07-16,9.5,3457.0,Non,100,24,Moins de 25 ans
1655,M,julie.laurent@datascope.fr,Commercial,Lyon,CDI,2024-01-12,1.0,3173.0,Non,100,30,25-34 ans
1254,F,thomas.roux@datascope.fr,Finance,Grenoble,CDD,2015-06-30,9.5,3198.0,Non,100,30,25-34 ans
2705,F,paul.robert@datascope.fr,Logistique,Grenoble,CDI,2019-04-19,5.7,2066.0,Oui,80,32,25-34 ans
3000,M,pierre.lefebvre@datascope.fr,Opérations,Paris,CDI,2016-12-22,8.0,3702.0,Oui,80,40,35-44 ans
1485,F,antoine.david@datascope.fr,Direction,Toulouse,Interim,2021-06-03,3.6,2666.0,Oui,50,38,35-44 ans
3324,M,hugo.richard@datascope.fr,R&D,Nantes,Alternance,2015-12-28,9.0,1189.0,Non,100,39,35-44 ans
1983,M,marie.laurent@datascope.fr,Finance,Grenoble,CDD,2017-01-19,7.9,2122.0,Oui,50,39,35-44 ans
2677,M,thomas.fournier@datascope.fr,Informatique,Bordeaux,CDD,2018-03-03,6.8,1956.0,Non,100,42,35-44 ans
1767,M,pierre.garcia@datascope.fr,Informatique,Toulouse,CDI,2020-03-14,4.8,2570.0,Non,100,42,35-44 ans
3096,M,alice.david@datascope.fr,Logistique,Nice,CDI,2017-04-19,7.7,2252.0,Oui,80,39,35-44 ans
1529,M,léa.leroy@datascope.fr,Logistique,Grenoble,Alternance,2019-01-26,5.9,1127.0,Non,100,37,35-44 ans
1371,M,sophie.thomas@datascope.fr,Commercial,Paris,Interim,2019-01-07,6.0,2577.0,Non,100,26,25-34 ans
1225,F,théo.robert@datascope.fr,R&D,Lyon,CDD,2015-07-20,9.5,2494.0,Non,100,50,45-54 ans
2613,F,théo.lefebvre@datascope.fr,Marketing,Paris,CDI,2022-06-04,2.6,3189.0,Non,100,40,35-44 ans
1335,M,louis.petitdatascope.fr,Sales,Lyon,CDI,2017-08-17,7.4,0.0,Non,100,10,Moins de 25 ans
1877,M,alice.david@datascope.fr,R&D,Strasbourg,CDI,2023-10-06,1.2,3848.0,Oui,50,44,35-44 ans
3149,M,camille.laurent@datascope.fr,Direction,Nice,CDD,2015-11-20,9.1,3048.0,Non,100,40,35-44 ans
1633,M,julie.robert@datascope.fr,Opérations,Toulouse,CDI,2018-01-13,7.0,3507.0,Oui,80,27,25-34 ans
2625,NB,théo.dubois@datascope.fr,Commercial,Lyon,CDD,2018-02-26,6.8,2849.0,Non,100,48,45-54 ans
3251,F,léa.leroy@datascope.fr,R&D,Strasbourg,CDI,2023-02-14,1.9,1874.0,Oui,80,30,25-34 ans
3047,M,lucas.lefebvre@datascope.fr,Juridique,Toulouse,Stage,2023-03-22,1.8,900.0,Non,100,42,35-44 ans
1124,M,emma.martin@datascope.fr,Finance,Paris,CDI,2015-03-03,9.8,2973.0,Oui,80,54,45-54 ans
1533,NB,inès.michel@datascope.fr,Logistique,Nantes,CDI,2016-10-08,8.2,3477.0,Non,100,37,35-44 ans
3357,F,marie.simon@datascope.fr,Juridique,Paris,CDI,2023-02-05,1.9,2703.0,Non,100,10,Moins de 25 ans
1333,NB,camille.dubois@datascope.fr,R&D,Nice,CDI,2017-02-21,7.9,2217.0,Non,100,41,35-44 ans
1229,M,lucas.simon@datascope.fr,Informatique,Nice,CDI,2016-06-05,8.6,2087.0,Oui,80,34,25-34 ans
1631,M,antoine.laurent@datascope.fr,Opérations,Paris,Stage,2017-12-13,7.0,900.0,Oui,80,57,55 ans et plus
1749,F,marie.fournier@datascope.fr,Logistique,Toulouse,CDI,2022-07-08,2.5,2674.0,Non,100,26,25-34 ans
1851,M,sophie.fournier@datascope.fr,Direction,Lille,Stage,2022-10-18,2.2,900.0,Oui,80,53,45-54 ans
1609,M,hugo.dubois@datascope.fr,Direction,Bordeaux,CDI,2022-04-05,2.7,2273.0,Oui,50,59,55 ans et plus
2445,F,julie.petit@datascope.fr,Logistique,Bordeaux,CDI,2017-05-09,7.6,2842.0,Oui,80,31,25-34 ans
1228,M,julie.leroy@datascope.fr,Informatique,Lille,CDI,2016-02-09,8.9,2492.0,Non,100,42,35-44 ans
3099,F,théo.simon@datascope.fr,Commercial,Lyon,CDI,2018-10-27,6.2,3558.0,Non,100,54,45-54 ans
2765,F,louis.fournier@datascope.fr,RH,Marseille,CDI,2017-06-18,7.5,2833.0,Oui,80,34,25-34 ans
1469,M,marie.vincent@datascope.fr,Direction,Nantes,Stage,2019-02-28,5.8,900.0,Non,100,57,55 ans et plus
1779,M,thomas.leroy@datascope.fr,R&D,Strasbourg,CDI,2022-12-05,2.1,2347.0,Oui,50,54,45-54 ans
1345,F,théo.petit@datascope.fr,Informatique,Paris,CDI,2024-04-08,0.7,2497.0,Non,100,58,55 ans et plus
2165,M,antoine.roux@datascope.fr,RH,Toulouse,Alternance,2023-12-08,1.1,1182.0,Non,100,42,35-44 ans
1311,M,emma.martin@datascope.fr,Opérations,Grenoble,CDI,2022-08-19,2.4,4089.0,Oui,50,45,45-54 ans
3398,M,louis.thomas@datascope.fr,Informatique,Marseille,Stage,2020-11-23,4.1,900.0,Non,100,56,55 ans et plus
2242,F,lucas.lefebvre@datascope.fr,Commercial,Strasbourg,Stage,2020-10-04,4.2,946.0,Non,100,56,55 ans et plus
1255,F,marie.robert@datascope.fr,R&D,Paris,CDI,2021-07-22,3.4,2658.0,Non,100,25,25-34 ans
2018,F,alice.richard@datascope.fr,Direction,Lille,Alternance,2016-08-14,8.4,993.0,Oui,80,43,35-44 ans
2743,M,hugo.durand@datascope.fr,Opérations,Lille,CDI,2021-06-18,3.5,2229.0,Non,100,30,25-34 ans
2556,M,camille.michel@datascope.fr,Direction,Nice,CDI,2016-12-31,8.0,2996.0,Non,100,26,25-34 ans
1756,M,lucas.dubois@datascope.fr,Finance,Strasbourg,CDD,2018-10-31,6.2,2415.0,Non,100,37,35-44 ans
1482,M,camille.vincent@datascope.fr,Juridique,Lille,CDI,2015-04-09,9.7,3349.0,Non,100,35,35-44 ans
1403,NB,lucas.thomas@datascope.fr,Opérations,Toulouse,CDD,2020-09-25,4.3,2215.0,Non,100,38,35-44 ans
2314,M,pierre.simon@datascope.fr,Finance,Marseille,CDD,2022-08-14,2.4,2768.0,Oui,80,41,35-44 ans
2452,F,emma.leroy@datascope.fr,Direction,Lille,Interim,2024-12-12,0.1,2580.0,Oui,80,50,45-54 ans
1744,F,marie.richard@datascope.fr,Direction,Strasbourg,Stage,2022-08-10,2.4,900.0,Non,100,34,25-34 ans
2118,M,pierre.vincent@datascope.fr,Opérations,Lille,CDD,2016-07-17,8.5,2462.0,Non,100,49,45-54 ans
1488,F,thomas.bertrand@datascope.fr,Finance,Nice,CDI,2024-10-18,0.2,3338.0,Non,100,29,25-34 ans
3156,F,nicolas.durand@datascope.fr,Informatique,Bordeaux,CDI,2019-08-31,5.3,2114.0,Non,100,52,45-54 ans
1298,M,emma.garcia@datascope.fr,R&D,Lyon,CDI,2022-11-21,2.1,2350.0,Non,100,32,25-34 ans
1320,F,lucas.michel@datascope.fr,Commercial,Lille,Interim,2020-09-07,4.3,2816.0,Oui,50,25,25-34 ans
1524,F,inès.leroy@datascope.fr,Marketing,Lille,CDD,2024-09-28,0.3,2341.0,Non,100,34,25-34 ans
1178,F,antoine.simon@datascope.fr,Marketing,Strasbourg,CDI,2020-05-29,4.6,2701.0,Non,100,28,25-34 ans
2038,NB,nicolas.moreau@datascope.fr,Informatique,Lille,Stage,2015-06-12,9.6,900.0,Oui,80,38,35-44 ans
2653,F,louis.durand@datascope.fr,Finance,Paris,CDI,2019-08-17,5.4,2936.0,Oui,80,24,Moins de 25 ans
1212,F,pierre.martin@datascope.fr,R&D,Nantes,CDD,2020-01-23,4.9,3438.0,Non,100,52,45-54 ans
2630,M,pierre.lefebvredatascope.fr,Finance,Grenoble,CDI,2023-09-12,1.3,2561.0,Non,100,11,Moins de 25 ans
1971,F,nicolas.richard@datascope.fr,Logistique,Grenoble,CDI,2018-11-06,6.2,2836.0,Non,100,32,25-34 ans
2510,F,louis.roux@datascope.fr,Marketing,Strasbourg,CDI,2024-03-06,0.8,2961.0,Oui,80,56,55 ans et plus
2971,M,camille.garcia@datascope.fr,Opérations,Lille,CDD,2019-01-29,5.9,2234.0,Oui,80,30,25-34 ans
1271,F,chloé.simon@datascope.fr,Juridique,Bordeaux,CDD,2018-05-27,6.6,2885.0,Non,100,59,55 ans et plus
2453,M,julie.laurent@datascope.fr,RH,Toulouse,CDI,2016-02-27,8.8,2800.0,Non,100,55,55 ans et plus
1866,M,léa.simon@datascope.fr,Informatique,Paris,Alternance,2024-05-09,0.6,1153.0,Non,100,41,35-44 ans
2370,F,alice.roux@datascope.fr,Informatique,Marseille,CDI,2018-06-13,6.6,3863.0,Non,100,50,45-54 ans
1681,M,inès.michel@datascope.fr,Logistique,Bordeaux,CDI,2023-06-26,1.5,2662.0,Non,100,41,35-44 ans
1996,F,lucas.thomas@datascope.fr,Marketing,Toulouse,CDI,2020-07-01,4.5,1700.0,Oui,80,55,55 ans et plus
1024,F,louis.moreau@datascope.fr,Juridique,Lille,CDI,2022-12-18,2.0,1791.0,Non,100,30,25-34 ans
3318,F,nicolas.moreau@datascope.fr,Juridique,Bordeaux,CDI,2016-10-05,8.2,3856.0,Non,100,26,25-34 ans
3172,M,hugo.garcia@datascope.fr,Marketing,Grenoble,CDI,2017-05-10,7.6,2743.0,Non,100,38,35-44 ans
3356,M,pierre.petit@datascope.fr,Finance,Strasbourg,CDD,2022-08-17,2.4,2871.0,Oui,80,46,45-54 ans
3111,NB,chloé.thomas@datascope.fr,Opérations,Toulouse,CDI,2020-09-18,4.3,2901.0,Non,100,35,35-44 ans
3274,M,emma.moreau@datascope.fr,Marketing,Marseille,CDI,2022-05-08,2.7,3070.0,Oui,50,33,25-34 ans
2171,M,pierre.leroy@datascope.fr,Juridique,Bordeaux,CDI,2017-10-21,7.2,2718.0,Non,100,45,45-54 ans
3292,M,alice.richard@datascope.fr,RH,Lille,CDD,2024-12-18,0.0,2173.0,Non,100,59,55 ans et plus
1669,M,inès.lefebvre@datascope.fr,Juridique,Nantes,CDI,2022-06-18,2.5,2850.0,Oui,80,37,35-44 ans
1214,NB,hugo.roux@datascope.fr,R&D,Bordeaux,CDI,2020-07-28,4.4,2878.0,Oui,50,50,45-54 ans
2615,F,lucas.richard@datascope.fr,Commercial,Grenoble,CDI,2015-03-08,9.8,2845.0,Non,100,39,35-44 ans
3288,F,romain.simon@datascope.fr,RH,Nice,CDD,2024-04-10,0.7,1792.0,Non,100,32,25-34 ans
2016,F,théo.lefebvre@datascope.fr,RH,Paris,CDD,2024-03-31,0.8,2556.0,Non,100,37,35-44 ans
1543,F,louis.vincent@datascope.fr,Finance,Grenoble,CDI,2015-02-01,9.9,2552.0,Non,100,51,45-54 ans
2009,F,camille.durand@datascope.fr,Finance,Lyon,CDI,2015-05-29,9.6,3849.0,Non,100,56,55 ans et plus
2822,F,romain.david@datascope.fr,Marketing,Lyon,CDI,2018-01-06,7.0,3220.0,Oui,50,33,25-34 ans
2155,NB,inès.moreau@datascope.fr,Informatique,Nice,CDI,2024-12-29,0.0,1803.0,Non,100,57,55 ans et plus
2344,F,pierre.durand@datascope.fr,R&D,Lille,CDI,2016-06-24,8.5,2936.0,Non,100,59,55 ans et plus
2153,F,théo.garcia@datascope.fr,Commercial,Paris,CDI,2021-11-05,3.2,3534.0,Non,100,59,55 ans et plus
2976,M,julie.bernard@datascope.fr,RH,Paris,CDD,2023-01-15,2.0,2098.0,Non,100,39,35-44 ans
2853,F,louis.michel@datascope.fr,RH,Nice,CDD,2019-08-23,5.4,1927.0,Non,100,39,35-44 ans
1232,NB,marie.michel@datascope.fr,Marketing,Grenoble,CDI,2020-09-26,4.3,900.0,Non,100,53,45-54 ans
2665,M,romain.fournier@datascope.fr,Direction,Nantes,CDI,2017-09-12,7.3,4139.0,Non,100,40,35-44 ans
2400,M,paul.moreau@datascope.fr,Finance,Marseille,CDI,2023-03-24,1.8,3633.0,Oui,50,51,45-54 ans
2945,F,emma.moreau@datascope.fr,R&D,Toulouse,CDI,2022-02-15,2.9,3910.0,Oui,80,52,45-54 ans
1402,F,léa.richard@datascope.fr,Logistique,Strasbourg,CDI,2017-07-10,7.5,3054.0,Non,100,43,35-44 ans
3287,F,pierre.robert@datascope.fr,Commercial,Lille,CDD,2020-03-06,4.8,2849.0,Oui,50,59,55 ans et plus
2755,F,louis.garcia@datascope.fr,Informatique,Toulouse,Stage,2018-01-29,6.9,900.0,Non,100,38,35-44 ans
2010,NB,paul.robert@datascope.fr,Informatique,Nantes,CDD,2017-12-24,7.0,2910.0,Oui,50,30,25-34 ans
2060,F,théo.richard@datascope.fr,Logistique,Nice,CDI,2019-01-09,6.0,3282.0,Non,100,59,55 ans et plus
3173,F,hugo.dubois@datascope.fr,Commercial,Strasbourg,CDD,2023-06-14,1.5,1834.0,Oui,50,33,25-34 ans
2911,F,antoine.simon@datascope.fr,Direction,Lyon,CDI,2020-06-11,4.6,2222.0,Oui,50,47,45-54 ans
2192,M,camille.simon@datascope.fr,Logistique,Grenoble,CDI,2020-05-13,4.6,2242.0,Non,100,41,35-44 ans
1194,F,pierre.richard@datascope.fr,R&D,Strasbourg,CDI,2015-11-12,9.1,2551.0,Non,100,10,Moins de 25 ans
3029,M,antoine.robert@datascope.fr,Commercial,Nantes,CDI,2018-07-06,6.5,3109.0,Non,100,32,25-34 ans
2015,M,paul.garcia@datascope.fr,RH,Nantes,CDD,2018-12-04,6.1,1745.0,Non,100,51,45-54 ans
1327,F,lucas.thomas@datascope.fr,RH,Marseille,CDI,2017-09-22,7.3,1952.0,Oui,80,51,45-54 ans
1596,F,julie.dubois@datascope.fr,R&D,Bordeaux,CDI,2016-07-30,8.4,1109.0,Non,100,37,35-44 ans
3333,M,alice.durand@datascope.fr,Juridique,Nantes,Alternance,2016-04-27,8.7,900.0,Oui,80,34,25-34 ans
2243,M,lucas.roux@datascope.fr,Direction,Bordeaux,CDI,2024-12-04,0.1,2297.0,Non,100,42,35-44 ans
3327,M,théo.vincent@datascope.fr,Commercial,Marseille,CDI,2024-05-28,0.6,1431.0,Oui,80,40,35-44 ans
1636,F,paul.david@datascope.fr,Marketing,Lyon,CDI,2015-07-12,9.5,2488.0,Oui,50,42,35-44 ans
1273,F,lucas.david@datascope.fr,Informatique,Grenoble,CDI,2022-05-31,2.6,2957.0,Non,100,54,45-54 ans
2077,M,lucas.fournier@datascope.fr,Logistique,Strasbourg,Interim,2019-10-22,5.2,1327.0,Non,100,52,45-54 ans
2068,M,chloé.robert@datascope.fr,R&D,Paris,Interim,2017-10-26,7.2,2049.0,Non,100,26,25-34 ans
1561,M,marie.laurentdatascope.fr,Legal,Marseille,CDI,2017-10-10,7.2,0.0,Non,100,12,Moins de 25 ans
3263,F,chloé.lefebvre@datascope.fr,Informatique,Nice,CDI,2021-01-17,4.0,2549.0,Non,100,54,45-54 ans
1070,F,paul.richard@datascope.fr,Opérations,Toulouse,CDI,2021-05-22,3.6,3222.0,Non,100,51,45-54 ans
2916,M,alice.fournier@datascope.fr,Commercial,Lyon,CDI,2023-12-12,1.1,3597.0,Non,100,39,35-44 ans
1527,M,lucas.robert@datascope.fr,Informatique,Paris,Stage,2015-06-13,9.6,900.0,Non,100,52,45-54 ans
3276,M,chloé.moreau@datascope.fr,Informatique,Lille,CDI,2016-01-03,9.0,3079.0,Non,100,25,25-34 ans
1626,F,julie.durand@datascope.fr,Commercial,Strasbourg,CDI,2017-06-13,7.6,2142.0,Oui,80,49,45-54 ans
1374,M,antoine.vincent@datascope.fr,Marketing,Lyon,CDI,2015-12-11,9.1,2564.0,Oui,80,26,25-34 ans
2651,M,lucas.robert@datascope.fr,R&D,Nantes,Alternance,2016-11-28,8.1,1424.0,Oui,80,28,25-34 ans
1300,M,alice.david@datascope.fr,Commercial,Lyon,Stage,2019-11-10,5.1,,Non,100,34,25-34 ans
1862,M,chloé.petit@datascope.fr,RH,Strasbourg,CDI,2022-11-03,2.2,4225.0,Oui,80,26,25-34 ans
2690,F,camille.durand@datascope.fr,Commercial,Grenoble,CDI,2017-07-02,7.5,2526.0,Non,100,31,25-34 ans
3015,F,paul.richard@datascope.fr,Commercial,Nice,CDI,2016-03-30,8.8,3421.0,Non,100,42,35-44 ans
3281,F,antoine.robert@datascope.fr,Finance,Lyon,CDD,2017-01-25,7.9,2711.0,Non,100,34,25-34 ans
2909,F,sophie.dubois@datascope.fr,RH,Bordeaux,CDI,2017-09-14,7.3,1542.0,Non,100,51,45-54 ans
1635,F,nicolas.bertrand@datascope.fr,Informatique,Grenoble,CDI,2020-04-20,4.7,1753.0,Oui,50,39,35-44 ans
1924,F,hugo.richard@datascope.fr,Informatique,Paris,Stage,2017-02-07,7.9,900.0,Non,100,31,25-34 ans
2684,M,thomas.petit@datascope.fr,Direction,Bordeaux,Interim,2019-05-21,5.6,2458.0,Non,100,24,Moins de 25 ans
1513,M,nicolas.garcia@datascope.fr,Informatique,Paris,CDI,2020-10-18,4.2,3723.0,Non,100,59,55 ans et plus
1952,F,julie.petit@datascope.fr,Informatique,Bordeaux,CDI,2022-11-17,2.1,3990.0,Oui,50,41,35-44 ans
1425,F,sarah.bertrand@datascope.fr,Juridique,Bordeaux,CDI,2017-02-21,7.9,1790.0,Non,100,45,45-54 ans
1679,M,léa.richard@datascope.fr,Finance,Nice,CDI,2017-03-10,7.8,1818.0,Non,100,51,45-54 ans
3321,F,louis.durand@datascope.fr,Juridique,Paris,CDD,2020-05-26,4.6,2939.0,Non,100,44,35-44 ans
2659,M,camille.moreau@datascope.fr,Opérations,Bordeaux,CDI,2021-09-23,3.3,2429.0,Non,100,50,45-54 ans
1015,F,sophie.dubois@datascope.fr,Logistique,Nantes,CDI,2023-12-27,1.0,2505.0,Non,100,50,45-54 ans
1445,F,camille.michel@datascope.fr,Informatique,Toulouse,CDI,2021-09-29,3.3,1947.0,Oui,50,46,45-54 ans
2595,M,pierre.bernard@datascope.fr,Opérations,Grenoble,CDD,2021-09-19,3.3,3012.0,Oui,50,57,55 ans et plus
1566,M,léa.david@datascope.fr,Informatique,Nantes,CDI,2023-07-17,1.5,2670.0,Non,100,38,35-44 ans
1937,M,hugo.bernard@datascope.fr,Informatique,Bordeaux,CDI,2021-01-29,3.9,2505.0,Oui,80,37,35-44 ans
2879,F,camille.michel@datascope.fr,Finance,Paris,CDI,2022-03-06,2.8,3805.0,Non,100,33,25-34 ans
2244,M,marie.vincent@datascope.fr,RH,Grenoble,Alternance,2015-10-20,9.2,900.0,Non,100,53,45-54 ans
3392,M,nicolas.vincent@datascope.fr,Marketing,Lyon,CDI,2016-07-18,8.5,2986.0,Non,100,41,35-44 ans
2761,F,inès.bernard@datascope.fr,Informatique,Toulouse,Alternance,2016-05-11,8.6,1294.0,Non,100,50,45-54 ans
1927,F,alice.vincent@datascope.fr,Informatique,Paris,CDD,2015-10-25,9.2,1397.0,Non,100,43,35-44 ans
2317,M,sophie.bertrand@datascope.fr,Opérations,Toulouse,Interim,2015-07-27,9.4,2933.0,Non,100,58,55 ans et plus
3148,F,lucas.fournier@datascope.fr,R&D,Nice,CDI,2020-02-26,4.8,1867.0,Non,100,39,35-44 ans
2126,M,hugo.laurent@datascope.fr,Opérations,Lille,Interim,2020-05-24,4.6,3015.0,Oui,80,24,Moins de 25 ans
2535,F,théo.bernard@datascope.fr,Direction,Marseille,CDI,2021-02-15,3.9,1930.0,Non,100,53,45-54 ans
3062,M,marie.petit@datascope.fr,Informatique,Lyon,CDI,2023-11-04,1.2,2403.0,Non,100,34,25-34 ans
3189,M,louis.lefebvre@datascope.fr,Finance,Lille,CDI,2017-07-01,7.5,2467.0,Oui,80,37,35-44 ans
2360,F,théo.robert@datascope.fr,RH,Lyon,CDI,2018-04-24,6.7,4053.0,Non,100,58,55 ans et plus
1044,M,pierre.dubois@datascope.fr,Marketing,Nantes,Alternance,2017-04-11,7.7,1072.0,Oui,80,43,35-44 ans
2781,M,antoine.bernard@datascope.fr,Logistique,Strasbourg,Stage,2024-10-29,0.2,900.0,Non,100,32,25-34 ans
1147,F,pierre.fournier@datascope.fr,Direction,Lille,CDI,2019-09-24,5.3,2575.0,Oui,50,32,25-34 ans
2488,F,nicolas.bertrand@datascope.fr,Finance,Lyon,CDI,2015-08-24,9.4,2048.0,Oui,80,39,35-44 ans
2485,NB,hugo.petit@datascope.fr,R&D,Marseille,CDI,2016-03-11,8.8,1553.0,Non,100,24,Moins de 25 ans
3371,F,camille.lefebvre@datascope.fr,Direction,Lyon,CDI,2022-10-27,2.2,1947.0,Oui,50,56,55 ans et plus
2762,M,théo.fournier@datascope.fr,RH,Marseille,CDD,2016-04-25,8.7,2143.0,Non,100,30,25-34 ans
2196,F,nicolas.david@datascope.fr,Commercial,Lille,CDI,2015-10-02,9.2,3301.0,Non,100,41,35-44 ans
1068,F,emma.dubois@datascope.fr,Commercial,Nantes,CDD,2022-07-23,2.4,2486.0,Non,100,56,55 ans et plus
2012,F,antoine.dubois@datascope.fr,R&D,Nantes,CDD,2022-10-23,2.2,2394.0,Oui,50,31,25-34 ans
1754,F,sophie.vincent@datascope.fr,Finance,Toulouse,Alternance,2023-07-30,1.4,900.0,Non,100,47,45-54 ans
2262,F,camille.thomas@datascope.fr,Commercial,Bordeaux,CDD,2017-03-07,7.8,2024.0,Non,100,55,55 ans et plus
2187,M,nicolas.simon@datascope.fr,RH,Grenoble,CDI,2019-04-27,5.7,3211.0,Oui,50,25,25-34 ans
2605,NB,louis.david@datascope.fr,Commercial,Nantes,CDI,2018-11-06,6.2,2727.0,Non,100,51,45-54 ans
2189,F,alice.dubois@datascope.fr,RH,Lyon,CDI,2019-06-22,5.5,2783.0,Oui,80,55,55 ans et plus
1412,M,hugo.robert@datascope.fr,Opérations,Marseille,CDI,2019-05-08,5.7,1871.0,Oui,80,52,45-54 ans
2438,F,léa.robert@datascope.fr,Informatique,Nice,Alternance,2018-10-19,6.2,934.0,Oui,80,40,35-44 ans
2632,F,léa.robert@datascope.fr,Logistique,Bordeaux,CDI,2016-08-29,8.3,1740.0,Non,100,44,35-44 ans
1063,M,antoine.david@datascope.fr,Finance,Lille,CDI,2021-10-07,3.2,4156.0,Non,100,27,25-34 ans
3176,M,inès.roux@datascope.fr,Finance,Nantes,CDI,2017-11-08,7.1,2950.0,Non,100,47,45-54 ans
2503,F,alice.richard@datascope.fr,Informatique,Strasbourg,Alternance,2023-11-29,1.1,968.0,Non,100,58,55 ans et plus
3295,F,léa.bernard@datascope.fr,RH,Bordeaux,CDD,2019-04-27,5.7,2660.0,Non,100,37,35-44 ans
2523,NB,louis.david@datascope.fr,Marketing,Marseille,CDD,2023-06-20,1.5,2618.0,Non,100,42,35-44 ans
1616,F,thomas.bernard@datascope.fr,Finance,Marseille,CDI,2016-09-22,8.3,3526.0,Non,100,47,45-54 ans
3184,M,sophie.moreau@datascope.fr,Juridique,Toulouse,Alternance,2018-05-26,6.6,940.0,Oui,80,57,55 ans et plus
2193,F,julie.michel@datascope.fr,Marketing,Paris,CDI,2023-06-10,1.6,3203.0,Non,100,10,Moins de 25 ans
1128,NB,marie.michel@datascope.fr,Direction,Toulouse,CDD,2021-09-07,3.3,2953.0,Non,100,45,45-54 ans
1121,NB,alice.roux@datascope.fr,Direction,Lille,CDD,2016-10-16,8.2,3236.0,Non,100,32,25-34 ans
1093,M,julie.lefebvre@datascope.fr,Juridique,Marseille,CDI,2019-03-17,5.8,1863.0,Non,100,27,25-34 ans
2343,F,hugo.thomas@datascope.fr,Marketing,Strasbourg,CDI,2023-03-04,1.8,2170.0,Non,100,24,Moins de 25 ans
3289,M,julie.fournier@datascope.fr,Marketing,Lille,CDI,2020-12-01,4.1,2829.0,Non,100,9,Moins de 25 ans
3056,NB,louis.richard@datascope.fr,Marketing,Paris,CDD,2017-06-29,7.5,3000.0,Non,100,35,35-44 ans
2469,F,chloé.bernard@datascope.fr,Logistique,Marseille,CDI,2015-01-24,9.9,2266.0,Non,100,48,45-54 ans
1301,F,marie.david@datascope.fr,Commercial,Paris,CDI,2022-06-05,2.6,1817.0,Non,100,28,25-34 ans
1746,F,inès.vincent@datascope.fr,Finance,Lyon,CDI,2022-05-01,2.7,2045.0,Oui,80,50,45-54 ans
3394,F,pierre.durand@datascope.fr,Commercial,Bordeaux,Interim,2016-07-07,8.5,2666.0,Oui,50,36,35-44 ans
2058,F,chloé.durand@datascope.fr,Juridique,Lyon,CDI,2017-03-09,7.8,2490.0,Oui,50,37,35-44 ans
1897,M,emma.leroy@datascope.fr,Opérations,Strasbourg,CDD,2015-06-02,9.6,3315.0,Non,100,48,45-54 ans
2235,F,alice.michel@datascope.fr,Informatique,Paris,Stage,2019-03-13,5.8,900.0,Oui,50,46,45-54 ans
2565,F,paul.fournier@datascope.fr,Informatique,Strasbourg,CDD,2016-04-25,8.7,4289.0,Non,100,58,55 ans et plus
2930,F,antoine.petit@datascope.fr,Logistique,Nice,Stage,2021-09-26,3.3,900.0,Non,100,30,25-34 ans
2120,F,paul.leroy@datascope.fr,RH,Strasbourg,CDD,2021-12-01,3.1,2320.0,Non,100,44,35-44 ans
1966,M,sarah.petit@datascope.fr,Logistique,Nice,CDI,2017-07-30,7.4,1472.0,Non,100,31,25-34 ans
1735,F,louis.martin@datascope.fr,Juridique,Paris,Interim,2020-11-17,4.1,2218.0,Non,100,39,35-44 ans
2981,M,alice.richard@datascope.fr,Marketing,Nantes,CDI,2023-07-27,1.4,2889.0,Non,100,38,35-44 ans
1934,F,chloé.fournier@datascope.fr,Direction,Nantes,CDD,2021-02-04,3.9,2454.0,Non,100,55,55 ans et plus
1898,NB,antoine.michel@datascope.fr,Opérations,Strasbourg,CDD,2021-08-16,3.4,1513.0,Non,100,34,25-34 ans
2321,F,théo.robert@datascope.fr,Informatique,Grenoble,CDI,2021-07-29,3.4,2931.0,Non,100,38,35-44 ans
2977,M,louis.david@datascope.fr,Commercial,Marseille,CDI,2021-09-16,3.3,2692.0,Non,100,41,35-44 ans
3376,M,paul.bertrand@datascope.fr,Opérations,Strasbourg,CDI,2021-11-30,3.1,2412.0,Non,100,41,35-44 ans
1416,F,nicolas.vincent@datascope.fr,R&D,Nice,Alternance,2024-04-22,0.7,1160.0,Non,100,40,35-44 ans
2239,M,emma.vincent@datascope.fr,Marketing,Nantes,CDI,2017-02-09,7.9,2241.0,Non,100,39,35-44 ans
1642,M,paul.michel@datascope.fr,Juridique,Lyon,CDI,2016-08-29,8.3,4000.0,Non,100,39,35-44 ans
2150,F,lucas.moreau@datascope.fr,Finance,Lille,CDD,2024-07-26,0.4,2710.0,Non,100,53,45-54 ans
2448,M,marie.martin@datascope.fr,Logistique,Nantes,CDD,2021-03-15,3.8,1857.5,Non,100,56,55 ans et plus
1421,M,romain.laurent@datascope.fr,Finance,Grenoble,CDI,2024-10-18,0.2,2570.0,Non,100,51,45-54 ans
1576,M,léa.robert@datascope.fr,Juridique,Strasbourg,CDI,2019-03-07,5.8,1819.0,Oui,80,45,45-54 ans
2746,F,alice.leroy@datascope.fr,Finance,Nice,Interim,2019-04-12,5.7,3344.0,Non,100,45,45-54 ans
1501,F,sophie.roux@datascope.fr,R&D,Toulouse,CDI,2023-12-22,1.0,4551.0,Non,100,27,25-34 ans
3028,M,inès.garciadatascope.fr,Finance,Paris,CDI,2024-07-31,0.4,2377.5,Oui,80,11,Moins de 25 ans
2988,F,marie.david@datascope.fr,RH,Lille,CDI,2015-02-27,9.8,2303.0,Non,100,47,45-54 ans
2645,M,marie.laurent@datascope.fr,Finance,Lyon,CDI,2020-09-02,4.3,2046.5,Oui,80,12,Moins de 25 ans
1928,F,sophie.laurent@datascope.fr,Informatique,Grenoble,CDD,2015-12-10,9.1,2443.0,Oui,50,37,35-44 ans
1347,F,antoine.thomas@datascope.fr,Marketing,Lille,CDD,2016-06-01,8.6,1592.0,Non,100,24,Moins de 25 ans
1619,M,nicolas.petit@datascope.fr,Opérations,Grenoble,CDI,2020-03-20,4.8,2498.0,Non,100,28,25-34 ans
1117,F,hugo.garcia@datascope.fr,Marketing,Lille,CDI,2023-12-28,1.0,2503.0,Non,100,53,45-54 ans
3264,F,paul.simon@datascope.fr,R&D,Strasbourg,CDD,2016-11-30,8.1,1261.0,Oui,50,40,35-44 ans
2354,F,julie.roux@datascope.fr,Marketing,Paris,CDI,2024-05-07,0.7,1872.0,Oui,80,56,55 ans et plus
1721,F,thomas.fournier@datascope.fr,Juridique,Paris,Alternance,2015-04-07,9.7,1706.0,Non,100,50,45-54 ans
1191,F,sarah.martin@datascope.fr,R&D,Strasbourg,CDD,2019-10-21,5.2,2059.0,Non,100,45,45-54 ans
3271,M,nicolas.leroy@datascope.fr,Finance,Bordeaux,Stage,2019-03-10,5.8,900.0,Non,100,42,35-44 ans
1366,F,alice.dubois@datascope.fr,Commercial,Nantes,CDI,2015-09-28,9.3,2789.0,Non,100,49,45-54 ans
1523,F,romain.petit@datascope.fr,Marketing,Grenoble,CDD,2019-04-16,5.7,1736.0,Non,100,41,35-44 ans
2574,M,léa.laurent@datascope.fr,Juridique,Lille,Stage,2024-04-11,0.7,900.0,Oui,80,34,25-34 ans
1409,F,thomas.michel@datascope.fr,Logistique,Paris,CDD,2016-09-08,8.3,1289.0,Non,100,58,55 ans et plus
1711,M,pierre.simon@datascope.fr,R&D,Lille,Alternance,2024-08-20,0.4,900.0,Non,100,32,25-34 ans
1155,F,romain.vincent@datascope.fr,Direction,Grenoble,CDI,2019-05-08,5.7,2379.0,Non,100,44,35-44 ans
3076,F,marie.durand@datascope.fr,Commercial,Lyon,CDI,2019-04-26,5.7,3495.0,Oui,50,48,45-54 ans
2091,NB,chloé.robert@datascope.fr,Direction,Nantes,CDI,2015-03-28,9.8,3351.0,Non,100,24,Moins de 25 ans
2295,F,chloé.david@datascope.fr,Informatique,Lille,Alternance,2015-12-12,9.1,1462.0,Non,100,44,35-44 ans
1752,F,léa.richard@datascope.fr,Juridique,Strasbourg,CDI,2023-05-09,1.6,3728.0,Oui,80,50,45-54 ans
3136,M,antoine.simon@datascope.fr,Finance,Nice,Alternance,2022-02-15,2.9,1193.0,Oui,50,27,25-34 ans
1684,F,julie.garcia@datascope.fr,R&D,Bordeaux,CDD,2023-10-08,1.2,2508.0,Non,100,34,25-34 ans
2157,M,antoine.vincent@datascope.fr,Logistique,Bordeaux,CDI,2017-11-11,7.1,2406.0,Non,100,55,55 ans et plus
3154,NB,camille.leroy@datascope.fr,R&D,Marseille,Stage,2017-12-25,7.0,900.0,Oui,80,27,25-34 ans
1743,M,hugo.richard@datascope.fr,Marketing,Paris,Alternance,2015-08-19,9.4,1048.0,Oui,80,54,45-54 ans
1470,F,alice.lefebvre@datascope.fr,RH,Strasbourg,Stage,2015-04-04,9.7,900.0,Non,100,55,55 ans et plus
3187,F,lucas.simon@datascope.fr,Juridique,Grenoble,Alternance,2024-08-05,0.4,1235.0,Non,100,40,35-44 ans
3123,F,emma.moreau@datascope.fr,Commercial,Paris,CDI,2019-07-19,5.5,2069.0,Oui,80,36,35-44 ans
2183,F,chloé.lefebvre@datascope.fr,Direction,Bordeaux,CDD,2016-07-17,8.5,2045.0,Oui,80,57,55 ans et plus
2721,F,chloé.vincent@datascope.fr,Opérations,Marseille,CDI,2023-04-18,1.7,2096.0,Non,100,59,55 ans et plus
2283,F,julie.garcia@datascope.fr,Opérations,Grenoble,Interim,2017-09-23,7.3,1966.0,Non,100,25,25-34 ans
3153,M,lucas.fournier@datascope.fr,Direction,Marseille,CDD,2017-01-08,8.0,900.0,Non,100,30,25-34 ans
2132,M,antoine.michel@datascope.fr,RH,Bordeaux,CDI,2016-04-06,8.7,2442.0,Non,100,42,35-44 ans
1812,F,lucas.lefebvre@datascope.fr,Juridique,Toulouse,CDI,2024-02-06,0.9,1779.0,Non,100,31,25-34 ans
2173,F,chloé.fournier@datascope.fr,Direction,Toulouse,CDI,2024-03-23,0.8,4166.0,Non,100,50,45-54 ans
2575,M,romain.laurent@datascope.fr,Commercial,Nice,CDI,2016-01-27,8.9,2903.0,Non,100,36,35-44 ans
2191,M,julie.richard@datascope.fr,R&D,Strasbourg,CDD,2024-07-06,0.5,2232.0,Non,100,29,25-34 ans
2081,M,julie.petit@datascope.fr,Finance,Strasbourg,CDI,2016-03-04,8.8,2289.0,Non,100,38,35-44 ans
1904,M,léa.bertrand@datascope.fr,Marketing,Lille,CDI,2023-07-12,1.5,3216.0,Non,100,24,Moins de 25 ans
2138,M,hugo.michel@datascope.fr,Direction,Bordeaux,CDI,2018-06-21,6.5,2919.0,Non,100,39,35-44 ans
2219,F,hugo.richard@datascope.fr,R&D,Nice,CDI,2023-07-29,1.4,2618.0,Non,100,55,55 ans et plus
1734,M,camille.david@datascope.fr,Commercial,Bordeaux,Stage,2017-06-26,7.5,900.0,Non,100,51,45-54 ans
1782,M,paul.robert@datascope.fr,Juridique,Marseille,Stage,2015-07-18,9.5,900.0,Oui,50,52,45-54 ans
3316,F,camille.durand@datascope.fr,RH,Paris,Alternance,2024-12-10,0.1,1079.0,Non,100,27,25-34 ans
1051,M,pierre.leroy@datascope.fr,Opérations,Grenoble,CDI,2018-05-06,6.7,2654.0,Non,100,51,45-54 ans
1252,M,nicolas.garcia@datascope.fr,Juridique,Lille,CDI,2021-06-19,3.5,1948.0,Oui,50,31,25-34 ans
1296,M,thomas.leroy@datascope.fr,Juridique,Toulouse,CDI,2017-03-03,7.8,3236.0,Non,100,38,35-44 ans
2221,M,romain.durand@datascope.fr,R&D,Strasbourg,CDI,2016-08-30,8.3,2959.0,Non,100,57,55 ans et plus
2764,M,pierre.roux@datascope.fr,Opérations,Lyon,CDI,2019-01-19,5.9,1099.0,Non,100,25,25-34 ans
3106,M,nicolas.bertrand@datascope.fr,R&D,Nantes,Alternance,2016-10-31,8.2,900.0,Non,100,29,25-34 ans
3145,M,hugo.durand@datascope.fr,Commercial,Marseille,CDI,2017-07-29,7.4,1569.0,Non,100,31,25-34 ans
2712,F,alice.richard@datascope.fr,Logistique,Marseille,CDI,2024-10-29,0.2,2035.0,Oui,50,50,45-54 ans
1742,M,léa.simon@datascope.fr,Informatique,Marseille,CDI,2017-02-11,7.9,2843.0,Oui,50,42,35-44 ans
2475,F,sophie.david@datascope.fr,R&D,Marseille,CDD,2020-05-02,4.7,1407.0,Oui,50,32,25-34 ans
2218,F,lucas.robert@datascope.fr,Logistique,Grenoble,CDI,2022-04-09,2.7,3453.0,Non,100,34,25-34 ans
1796,F,antoine.vincent@datascope.fr,Marketing,Strasbourg,CDD,2023-10-07,1.2,1326.0,Oui,50,45,45-54 ans
2296,F,louis.bernard@datascope.fr,RH,Marseille,CDI,2015-01-15,10.0,3020.0,Non,100,27,25-34 ans
1880,F,pierre.vincentdatascope.fr,Operations,Strasbourg,CDI,2024-10-31,-0.2,0.0,Non,100,11,Moins de 25 ans
2428,M,marie.robert@datascope.fr,Juridique,Bordeaux,CDI,2024-08-15,0.4,2180.0,Oui,50,32,25-34 ans
2426,M,emma.thomas@datascope.fr,Finance,Toulouse,Interim,2021-09-29,3.3,2456.0,Oui,80,31,25-34 ans
1340,F,thomas.thomas@datascope.fr,RH,Nantes,CDI,2021-07-07,3.5,3067.0,Non,100,24,Moins de 25 ans
2772,NB,chloé.petit@datascope.fr,Marketing,Lyon,Stage,2021-05-20,3.6,900.0,Non,100,24,Moins de 25 ans
2351,F,paul.vincent@datascope.fr,Logistique,Marseille,CDD,2022-01-21,2.9,2888.0,Non,100,57,55 ans et plus
3061,M,louis.leroy@datascope.fr,R&D,Marseille,Interim,2024-11-29,0.1,2489.0,Non,100,28,25-34 ans
2673,M,pierre.vincent@datascope.fr,Logistique,Strasbourg,Stage,2015-02-12,9.9,900.0,Non,100,42,35-44 ans
1306,F,marie.bernard@datascope.fr,Informatique,Strasbourg,CDI,2023-05-05,1.7,1696.0,Non,100,58,55 ans et plus
1399,F,théo.laurent@datascope.fr,Juridique,Lille,CDI,2021-11-07,3.1,1699.0,Non,100,39,35-44 ans
2527,F,emma.garcia@datascope.fr,Opérations,Nice,CDI,2021-12-11,3.1,3617.0,Non,100,32,25-34 ans
2129,M,alice.moreau@datascope.fr,Informatique,Nice,Alternance,2024-09-09,0.3,1233.0,Oui,80,53,45-54 ans
2949,M,marie.garcia@datascope.fr,Opérations,Marseille,CDI,2017-01-16,8.0,2260.0,Non,100,40,35-44 ans
1599,F,alice.garcia@datascope.fr,Commercial,Bordeaux,CDI,2019-04-22,5.7,2211.0,Non,100,56,55 ans et plus
3129,NB,léa.lefebvre@datascope.fr,Marketing,Nice,CDI,2020-04-10,4.7,2732.0,Oui,50,48,45-54 ans
2874,M,théo.thomas@datascope.fr,Commercial,Grenoble,Interim,2023-11-28,1.1,2223.0,Oui,80,25,25-34 ans
1949,M,julie.laurent@datascope.fr,Marketing,Nantes,CDI,2022-08-29,2.3,1480.0,Oui,50,59,55 ans et plus
1881,M,camille.robert@datascope.fr,Direction,Bordeaux,CDI,2022-09-28,2.3,2507.0,Non,100,53,45-54 ans
2140,M,nicolas.robert@datascope.fr,R&D,Bordeaux,Interim,2022-08-17,2.4,2681.0,Non,100,49,45-54 ans
1290,M,antoine.bernard@datascope.fr,Informatique,Marseille,Alternance,2024-02-02,0.9,1091.0,Non,100,27,25-34 ans
2254,F,sarah.michel@datascope.fr,R&D,Nice,CDI,2020-08-17,4.4,3395.0,Oui,50,28,25-34 ans
2122,F,inès.robert@datascope.fr,Management,Bordeaux,Alternance,2016-01-30,8.9,0.0,Non,100,13,Moins de 25 ans
1481,F,sarah.leroy@datascope.fr,Marketing,Paris,CDI,2017-08-02,7.4,3749.0,Non,100,31,25-34 ans
1843,M,léa.fournier@datascope.fr,Opérations,Lille,CDI,2016-08-19,8.4,2409.0,Oui,80,38,35-44 ans
2393,M,lucas.simon@datascope.fr,Logistique,Nice,CDI,2015-08-18,9.4,2123.0,Non,100,33,25-34 ans
1712,F,louis.laurent@datascope.fr,Juridique,Strasbourg,CDI,2018-06-11,6.6,2478.0,Non,100,39,35-44 ans
1138,NB,sophie.leroy@datascope.fr,Juridique,Nice,CDI,2018-03-31,6.8,2397.0,Non,100,11,Moins de 25 ans
3223,M,paul.michel@datascope.fr,Finance,Grenoble,CDI,2017-06-01,7.6,3593.0,Oui,50,47,45-54 ans
1275,F,julie.michel@datascope.fr,Logistique,Paris,Alternance,2020-04-13,4.7,1049.0,Oui,50,37,35-44 ans
2097,F,lucas.michel@datascope.fr,Logistique,Toulouse,CDI,2023-10-03,1.2,3041.0,Non,100,32,25-34 ans
2656,NB,louis.moreau@datascope.fr,Commercial,Paris,CDD,2019-03-08,5.8,900.0,Non,100,53,45-54 ans
1981,M,louis.fournier@datascope.fr,Direction,Grenoble,CDI,2018-07-06,6.5,2525.0,Non,100,35,35-44 ans
2061,M,emma.petit@datascope.fr,Direction,Strasbourg,Alternance,2016-12-03,8.1,911.0,Non,100,48,45-54 ans
1460,M,léa.fournier@datascope.fr,R&D,Grenoble,CDI,2017-09-10,7.3,3340.0,Non,100,24,Moins de 25 ans
2135,F,inès.vincent@datascope.fr,Finance,Nice,CDI,2017-08-15,7.4,2766.0,Non,100,38,35-44 ans
3341,F,romain.durand@datascope.fr,RH,Marseille,CDI,2018-08-24,6.4,3159.0,Non,100,58,55 ans et plus
2831,M,emma.martin@datascope.fr,Logistique,Nice,Alternance,2023-02-05,1.9,971.0,Non,100,37,35-44 ans
2573,F,nicolas.david@datascope.fr,RH,Nantes,CDI,2020-01-21,4.9,1694.0,Non,100,45,45-54 ans
1106,NB,théo.martin@datascope.fr,Marketing,Paris,Alternance,2015-12-07,9.1,1017.0,Non,100,28,25-34 ans
1331,F,antoine.michel@datascope.fr,Juridique,Lille,CDI,2016-08-03,8.4,3299.0,Non,100,41,35-44 ans
1765,F,marie.michel@datascope.fr,Commercial,Toulouse,CDI,2019-08-02,5.4,2413.0,Non,100,39,35-44 ans
2136,F,sarah.vincent@datascope.fr,Juridique,Nantes,CDI,2017-03-29,7.8,3109.0,Oui,50,27,25-34 ans
1218,NB,pierre.petit@datascope.fr,Juridique,Nantes,CDI,2018-11-21,6.1,2156.0,Non,100,40,35-44 ans
2844,F,romain.leroy@datascope.fr,Commercial,Paris,CDI,2015-05-05,9.7,2379.0,Non,100,49,45-54 ans
1794,M,inès.simon@datascope.fr,Opérations,Toulouse,Stage,2021-02-15,3.9,900.0,Non,100,26,25-34 ans
2865,F,julie.vincent@datascope.fr,Marketing,Strasbourg,CDI,2016-07-23,8.4,3783.0,Oui,80,58,55 ans et plus
3245,F,louis.vincent@datascope.fr,Marketing,Marseille,CDI,2024-08-23,0.4,3310.0,Non,100,45,45-54 ans
2330,F,pierre.michel@datascope.fr,RH,Bordeaux,CDD,2022-06-27,2.5,2136.0,Oui,80,58,55 ans et plus
3117,F,romain.dubois@datascope.fr,Commercial,Nantes,CDI,2016-04-19,8.7,4424.0,Oui,50,36,35-44 ans
1393,F,julie.lefebvre@datascope.fr,Logistique,Grenoble,CDI,2016-10-23,8.2,2690.0,Non,100,31,25-34 ans
1663,F,sophie.michel@datascope.fr,Opérations,Nantes,CDD,2022-07-04,2.5,2243.0,Non,100,26,25-34 ans
1976,F,sophie.moreau@datascope.fr,Marketing,Bordeaux,CDI,2022-01-28,2.9,3113.0,Non,100,50,45-54 ans
2217,NB,paul.vincent@datascope.fr,Commercial,Nice,CDD,2016-03-19,8.8,2134.0,Oui,50,59,55 ans et plus
1707,F,alice.richard@datascope.fr,Opérations,Nantes,Alternance,2022-01-31,2.9,900.0,Non,100,46,45-54 ans
2956,F,inès.roux@datascope.fr,Informatique,Nice,CDI,2021-04-07,3.7,1801.0,Oui,80,24,Moins de 25 ans
1550,M,camille.petit@datascope.fr,Marketing,Lyon,CDD,2019-04-16,5.7,2514.0,Non,100,31,25-34 ans
1081,M,sarah.david@datascope.fr,Juridique,Grenoble,Interim,2024-02-08,0.9,1949.0,Non,100,51,45-54 ans
1177,F,léa.dubois@datascope.fr,RH,Paris,CDI,2016-10-22,8.2,3259.0,Non,100,30,25-34 ans
2495,F,chloé.petit@datascope.fr,Juridique,Marseille,Alternance,2021-07-17,3.5,1499.0,Non,100,40,35-44 ans
1217,M,antoine.richard@datascope.fr,Direction,Nice,CDI,2023-06-25,1.5,2318.0,Oui,50,39,35-44 ans
2115,F,inès.laurent@datascope.fr,Juridique,Lille,Alternance,2015-05-14,9.6,1273.0,Oui,80,35,35-44 ans
2414,M,nicolas.bertrand@datascope.fr,Finance,Grenoble,Stage,2017-09-13,7.3,900.0,Non,100,29,25-34 ans
3239,M,thomas.garcia@datascope.fr,Finance,Nantes,CDI,2023-03-26,1.8,2430.0,Oui,80,56,55 ans et plus
2715,F,pierre.simon@datascope.fr,Direction,Lyon,CDI,2021-12-01,3.1,2268.0,Non,100,43,35-44 ans
2607,M,romain.daviddatascope.fr,Operations,Lyon,CDI,2019-08-08,-1.3,0.0,Oui,50,12,Moins de 25 ans
1427,F,marie.petit@datascope.fr,Legal,Grenoble,CDI,2023-02-26,1.8,0.0,Oui,80,14,Moins de 25 ans
2040,M,thomas.petit@datascope.fr,Opérations,Marseille,CDI,2023-06-26,1.5,2605.0,Oui,50,53,45-54 ans
1691,M,paul.bernard@datascope.fr,Opérations,Toulouse,CDD,2015-03-29,9.8,3116.0,Non,100,54,45-54 ans
1449,F,sarah.durand@datascope.fr,Juridique,Paris,CDI,2019-05-02,5.7,1644.0,Oui,50,59,55 ans et plus
1548,F,pierre.thomas@datascope.fr,Commercial,Nice,CDI,2024-10-06,0.2,1613.0,Oui,50,54,45-54 ans
3315,F,sophie.robert@datascope.fr,Commercial,Nice,CDI,2024-11-23,0.1,1505.0,Non,100,48,45-54 ans
2454,F,camille.roux@datascope.fr,Informatique,Paris,Stage,2017-09-17,7.3,900.0,Non,100,46,45-54 ans
1761,F,léa.laurent@datascope.fr,Logistique,Bordeaux,CDI,2016-02-03,8.9,2693.0,Non,100,52,45-54 ans
2806,M,romain.martin@datascope.fr,Direction,Strasbourg,CDI,2019-07-06,5.5,2725.0,Oui,50,37,35-44 ans
3256,F,romain.thomas@datascope.fr,Opérations,Paris,CDI,2018-04-26,6.7,3414.0,Oui,80,32,25-34 ans
1921,F,léa.simon@datascope.fr,Opérations,Toulouse,CDI,2022-12-04,2.1,3220.0,Non,100,32,25-34 ans
1467,M,alice.petit@datascope.fr,Logistique,Strasbourg,CDI,2018-03-15,6.8,2634.0,Oui,80,54,45-54 ans
2754,F,inès.martin@datascope.fr,Opérations,Lyon,Interim,2021-03-13,3.8,2248.0,Non,100,25,25-34 ans
2939,F,inès.simon@datascope.fr,R&D,Grenoble,CDI,2015-06-15,9.5,2895.0,Oui,80,55,55 ans et plus
1850,M,louis.martin@datascope.fr,Informatique,Paris,CDI,2021-05-18,3.6,2888.0,Non,100,41,35-44 ans
2152,F,théo.richard@datascope.fr,Commercial,Lyon,CDI,2024-06-18,0.5,3579.0,Non,100,29,25-34 ans
2362,F,pierre.roux@datascope.fr,RH,Nantes,CDD,2021-11-27,3.1,2987.0,Non,100,45,45-54 ans
1424,F,emma.bertrand@datascope.fr,Commercial,Strasbourg,CDD,2017-08-21,7.4,2366.0,Oui,50,25,25-34 ans
2345,M,nicolas.richard@datascope.fr,Opérations,Toulouse,CDI,2016-11-14,8.1,2256.0,Non,100,34,25-34 ans
3364,F,louis.vincent@datascope.fr,Informatique,Toulouse,CDI,2023-12-19,1.0,2984.0,Non,100,41,35-44 ans
1199,M,lucas.david@datascope.fr,Juridique,Lille,CDI,2019-10-18,5.2,2237.0,Non,100,57,55 ans et plus
2543,M,julie.fournier@datascope.fr,Opérations,Toulouse,CDI,2021-05-07,3.7,3016.0,Oui,80,34,25-34 ans
2473,F,pierre.fournier@datascope.fr,Finance,Paris,CDD,2015-01-30,9.9,3478.0,Non,100,31,25-34 ans
2415,F,paul.moreau@datascope.fr,Finance,Grenoble,CDI,2018-04-22,6.7,2641.0,Non,100,30,25-34 ans
1886,M,inès.roux@datascope.fr,Direction,Lille,CDI,2018-05-22,6.6,3006.0,Non,100,28,25-34 ans
2753,F,hugo.laurent@datascope.fr,Juridique,Nice,Alternance,2016-05-07,8.7,1134.0,Non,100,53,45-54 ans
3317,M,nicolas.leroy@datascope.fr,Informatique,Paris,Stage,2016-01-18,9.0,,Non,100,47,45-54 ans
1613,M,inès.vincent@datascope.fr,Marketing,Paris,CDD,2023-12-26,1.0,2465.0,Oui,80,57,55 ans et plus
2594,F,chloé.roux@datascope.fr,Informatique,Strasbourg,CDD,2024-06-15,0.5,2616.0,Non,100,49,45-54 ans
2731,F,emma.vincent@datascope.fr,Commercial,Lyon,CDI,2023-07-13,1.5,3000.0,Non,100,29,25-34 ans
2889,NB,lucas.fournier@datascope.fr,Finance,Toulouse,Interim,2016-10-23,8.2,2774.0,Oui,50,53,45-54 ans
1195,M,nicolas.duboisdatascope.fr,R&D,Strasbourg,Alternance,2020-12-03,4.1,889.5,Oui,50,9,Moins de 25 ans
1573,F,alice.laurent@datascope.fr,Marketing,Nice,CDI,2023-03-25,1.8,3213.0,Non,100,50,45-54 ans
1075,F,hugo.david@datascope.fr,Marketing,Nantes,CDI,2016-08-09,8.4,2350.0,Non,100,39,35-44 ans
3238,F,marie.robert@datascope.fr,R&D,Paris,CDI,2024-03-21,0.8,3617.0,Non,100,46,45-54 ans
1861,M,emma.bernard@datascope.fr,Informatique,Toulouse,Stage,2020-09-29,4.3,900.0,Non,100,46,45-54 ans
3164,M,louis.garcia@datascope.fr,Opérations,Lille,Alternance,2022-12-22,2.0,1244.0,Oui,80,59,55 ans et plus
1838,F,sarah.martin@datascope.fr,Direction,Lyon,CDD,2021-07-15,3.5,1082.0,Non,100,55,55 ans et plus
2234,F,sarah.laurent@datascope.fr,Logistique,Paris,Stage,2019-09-15,5.3,900.0,Non,100,45,45-54 ans
2522,M,sarah.martin@datascope.fr,Commercial,Nice,CDD,2017-06-17,7.5,2341.0,Non,100,44,35-44 ans
1660,M,alice.leroy@datascope.fr,R&D,Nantes,CDI,2015-08-20,9.4,2649.0,Non,100,48,45-54 ans
2142,M,emma.michel@datascope.fr,RH,Lille,CDI,2019-12-19,5.0,2635.0,Oui,80,27,25-34 ans
1666,M,marie.leroy@datascope.fr,Juridique,Bordeaux,CDI,2016-02-03,8.9,2981.0,Oui,50,53,45-54 ans
2791,F,sarah.moreau@datascope.fr,R&D,Nice,CDI,2015-07-21,9.4,2612.0,Oui,50,49,45-54 ans
2124,M,paul.david@datascope.fr,Opérations,Toulouse,CDI,2019-03-12,5.8,2006.0,Non,100,28,25-34 ans
1146,F,chloé.moreau@datascope.fr,Commercial,Nice,CDI,2018-05-18,6.6,3398.0,Non,100,34,25-34 ans
2206,F,hugo.simon@datascope.fr,Marketing,Lyon,Interim,2024-05-09,0.6,2227.0,Oui,80,40,35-44 ans
1102,F,pierre.dubois@datascope.fr,R&D,Strasbourg,CDI,2017-09-20,7.3,3165.0,Oui,50,45,45-54 ans
3023,M,sophie.roux@datascope.fr,Informatique,Grenoble,CDI,2015-04-26,9.7,1952.0,Non,100,39,35-44 ans
2745,M,léa.robert@datascope.fr,RH,Bordeaux,CDI,2023-07-25,1.4,3144.0,Non,100,59,55 ans et plus
1090,F,emma.martin@datascope.fr,Marketing,Lyon,CDI,2015-05-03,9.7,2904.0,Non,100,44,35-44 ans
2143,M,julie.michel@datascope.fr,RH,Nice,Alternance,2019-03-08,5.8,900.0,Non,100,46,45-54 ans
3174,F,emma.thomas@datascope.fr,Direction,Nice,CDI,2017-06-02,7.6,3269.0,Oui,80,47,45-54 ans
2739,M,lucas.richard@datascope.fr,R&D,Marseille,Alternance,2024-01-25,0.9,916.0,Oui,50,40,35-44 ans
2027,M,hugo.laurent@datascope.fr,HR,Toulouse,CDI,2020-06-06,4.6,0.0,Oui,50,11,Moins de 25 ans
2650,F,hugo.fournier@datascope.fr,Juridique,Toulouse,CDI,2021-07-20,3.4,1796.0,Non,100,24,Moins de 25 ans
1875,F,pierre.vincentdatascope.fr,IT,Bordeaux,CDD,2015-02-27,-1.9,0.0,Oui,80,12,Moins de 25 ans
2696,F,emma.robert@datascope.fr,Marketing,Marseille,CDI,2017-06-10,7.6,3398.0,Oui,50,55,55 ans et plus
1101,M,romain.david@datascope.fr,Logistique,Lyon,CDI,2019-04-04,5.7,1891.0,Non,100,49,45-54 ans
3390,M,antoine.michel@datascope.fr,Finance,Marseille,CDI,2020-03-28,4.8,2378.0,Oui,50,27,25-34 ans
3309,F,thomas.garcia@datascope.fr,Commercial,Grenoble,CDD,2017-10-10,7.2,2043.0,Non,100,44,35-44 ans
1999,F,chloé.vincent@datascope.fr,Commercial,Toulouse,CDI,2018-07-09,6.5,2687.0,Non,100,30,25-34 ans
2821,M,emma.moreau@datascope.fr,Marketing,Lyon,CDI,2021-06-21,3.5,3380.0,Oui,80,42,35-44 ans
2507,F,hugo.bertrand@datascope.fr,Commercial,Strasbourg,Stage,2023-12-04,1.1,900.0,Non,100,50,45-54 ans
2802,F,sophie.moreau@datascope.fr,Commercial,Bordeaux,CDI,2022-07-01,2.5,2719.0,Oui,80,32,25-34 ans
1058,F,théo.vincent@datascope.fr,Juridique,Bordeaux,CDI,2021-10-23,3.2,2740.0,Oui,80,42,35-44 ans
1694,M,léa.garcia@datascope.fr,Opérations,Nice,Stage,2015-01-13,10.0,900.0,Non,100,48,45-54 ans
3213,M,camille.leroy@datascope.fr,R&D,Marseille,CDD,2019-10-31,5.2,2215.0,Non,100,57,55 ans et plus
1288,M,romain.martin@datascope.fr,Marketing,Lille,Alternance,2024-10-02,0.2,1158.0,Non,100,54,45-54 ans
1930,F,emma.bertrand@datascope.fr,RH,Lille,CDI,2024-10-02,0.2,2365.0,Non,100,52,45-54 ans
1223,M,marie.moreau@datascope.fr,R&D,Lille,CDI,2015-09-14,9.3,2975.0,Non,100,44,35-44 ans
1133,F,pierre.simon@datascope.fr,Logistique,Grenoble,Alternance,2023-06-20,1.5,1174.0,Non,100,52,45-54 ans
1591,F,inès.fournier@datascope.fr,Commercial,Lyon,CDI,2023-08-12,1.4,2593.0,Non,100,46,45-54 ans
1277,M,louis.leroy@datascope.fr,Finance,Nantes,CDI,2016-02-05,8.9,3308.0,Non,100,48,45-54 ans
1932,F,inès.michel@datascope.fr,R&D,Marseille,Alternance,2020-05-15,4.6,900.0,Non,100,48,45-54 ans
2358,F,thomas.martin@datascope.fr,Marketing,Grenoble,CDI,2019-08-19,5.4,2237.0,Oui,50,47,45-54 ans
2602,M,antoine.david@datascope.fr,Logistique,Lyon,CDI,2021-04-03,3.7,3793.0,Non,100,29,25-34 ans
2750,F,sarah.leroy@datascope.fr,R&D,Lyon,Stage,2016-08-11,8.4,900.0,Oui,50,31,25-34 ans
1056,M,marie.martin@datascope.fr,Finance,Lyon,CDI,2018-11-11,6.1,4001.0,Non,100,50,45-54 ans
3340,F,léa.lefebvre@datascope.fr,Informatique,Grenoble,CDI,2021-08-25,3.4,969.0,Oui,80,27,25-34 ans
2662,M,julie.bertrand@datascope.fr,Opérations,Toulouse,CDD,2022-06-29,2.5,3044.0,Oui,80,55,55 ans et plus
1303,F,louis.garcia@datascope.fr,Marketing,Nantes,CDI,2017-11-13,7.1,2516.0,Non,100,40,35-44 ans
2225,M,nicolas.vincent@datascope.fr,Direction,Paris,Stage,2015-11-20,9.1,1129.0,Non,100,53,45-54 ans
1046,F,emma.laurent@datascope.fr,RH,Nantes,CDI,2020-12-03,4.1,2966.0,Oui,80,56,55 ans et plus
1805,F,louis.david@datascope.fr,Commercial,Marseille,CDI,2015-08-18,9.4,2728.0,Oui,80,53,45-54 ans
1657,F,camille.vincent@datascope.fr,R&D,Nice,CDI,2024-06-12,0.6,1153.0,Oui,50,44,35-44 ans
2203,F,hugo.dubois@datascope.fr,Juridique,Toulouse,CDI,2018-04-24,6.7,3369.0,Non,100,51,45-54 ans
2207,F,emma.david@datascope.fr,Finance,Strasbourg,Stage,2018-05-17,6.6,900.0,Non,100,53,45-54 ans
2997,M,antoine.moreau@datascope.fr,Opérations,Marseille,CDI,2021-10-03,3.2,1989.0,Non,100,44,35-44 ans
2432,M,sophie.moreau@datascope.fr,R&D,Lille,CDI,2018-05-12,6.6,1465.0,Oui,50,45,45-54 ans
1864,F,thomas.thomas@datascope.fr,Marketing,Grenoble,Alternance,2023-05-04,1.7,1119.0,Oui,50,47,45-54 ans
1847,M,paul.richard@datascope.fr,RH,Lyon,Stage,2021-09-19,3.3,900.0,Oui,50,38,35-44 ans
1231,F,alice.david@datascope.fr,R&D,Grenoble,CDI,2024-07-22,0.4,2511.0,Non,100,51,45-54 ans
1189,M,lucas.garcia@datascope.fr,Informatique,Toulouse,CDD,2023-08-15,1.4,1648.0,Non,100,35,35-44 ans
3158,F,paul.martin@datascope.fr,Commercial,Nantes,CDI,2020-01-18,5.0,2425.0,Non,100,46,45-54 ans
1640,M,julie.martin@datascope.fr,Logistique,Grenoble,CDI,2021-12-22,3.0,2271.0,Oui,80,48,45-54 ans
2116,NB,alice.martin@datascope.fr,Juridique,Nice,CDI,2019-09-29,5.3,3413.0,Oui,50,50,45-54 ans
2849,M,alice.leroy@datascope.fr,Commercial,Lille,CDI,2022-06-06,2.6,3787.0,Oui,80,37,35-44 ans
3151,F,sophie.michel@datascope.fr,Marketing,Bordeaux,Alternance,2021-09-23,3.3,1031.0,Oui,50,26,25-34 ans
2161,F,théo.david@datascope.fr,Juridique,Toulouse,CDD,2021-03-22,3.8,3092.0,Oui,80,13,Moins de 25 ans
2420,M,romain.lefebvre@datascope.fr,Logistique,Marseille,Alternance,2022-01-10,3.0,938.0,Non,100,43,35-44 ans
1701,M,lucas.laurent@datascope.fr,Marketing,Strasbourg,CDD,2016-10-01,8.2,2555.0,Oui,50,28,25-34 ans
2773,M,thomas.david@datascope.fr,Finance,Nice,CDD,2024-03-02,0.8,2559.0,Oui,80,50,45-54 ans
1441,F,marie.fournier@datascope.fr,Juridique,Bordeaux,CDI,2021-06-08,3.6,3418.0,Non,100,56,55 ans et plus
1258,M,romain.michel@datascope.fr,Logistique,Lyon,CDI,2021-02-01,3.9,2459.0,Oui,50,55,55 ans et plus
1602,M,camille.robert@datascope.fr,Informatique,Bordeaux,Interim,2020-05-12,4.6,2176.0,Non,100,41,35-44 ans
1580,NB,hugo.david@datascope.fr,Commercial,Toulouse,CDD,2019-08-30,5.3,3420.0,Non,100,55,55 ans et plus
3094,F,léa.bertrand@datascope.fr,R&D,Paris,Stage,2020-11-21,4.1,900.0,Oui,50,35,35-44 ans
3304,M,thomas.garcia@datascope.fr,Logistique,Grenoble,Alternance,2024-06-13,0.6,1572.0,Non,100,26,25-34 ans
1249,F,lucas.fournier@datascope.fr,Marketing,Marseille,CDI,2019-06-08,5.6,2412.0,Non,100,32,25-34 ans
1907,M,théo.petit@datascope.fr,Direction,Nice,CDI,2020-03-30,4.8,2697.0,Non,100,29,25-34 ans
2001,F,louis.david@datascope.fr,Juridique,Strasbourg,CDI,2024-02-18,0.9,2718.0,Non,100,35,35-44 ans
2255,F,nicolas.moreau@datascope.fr,Juridique,Nice,Alternance,2021-05-24,3.6,1103.0,Non,100,39,35-44 ans
1341,F,julie.lefebvre@datascope.fr,Opérations,Lille,Interim,2015-05-03,9.7,2021.0,Oui,80,44,35-44 ans
1508,F,antoine.dubois@datascope.fr,R&D,Nice,CDI,2016-11-09,8.1,3870.0,Non,100,40,35-44 ans
2497,M,chloé.fournier@datascope.fr,Juridique,Nantes,CDI,2021-10-07,3.2,2220.0,Oui,80,51,45-54 ans
1589,F,lucas.thomas@datascope.fr,Informatique,Toulouse,CDD,2021-10-05,3.2,2177.0,Non,100,36,35-44 ans
3031,M,antoine.richard@datascope.fr,Finance,Paris,CDI,2018-08-15,6.4,3524.0,Oui,50,55,55 ans et plus
2867,NB,inès.richard@datascope.fr,R&D,Marseille,CDI,2022-01-01,3.0,3110.0,Non,100,25,25-34 ans
3182,F,hugo.michel@datascope.fr,Informatique,Bordeaux,CDD,2020-10-07,4.2,2105.0,Non,100,46,45-54 ans
1274,M,lucas.roux@datascope.fr,Opérations,Marseille,CDD,2020-04-13,4.7,2019.0,Oui,80,41,35-44 ans
2856,F,julie.lefebvre@datascope.fr,Marketing,Lille,CDI,2023-10-08,1.2,2035.0,Oui,50,33,25-34 ans
2305,M,marie.garcia@datascope.fr,Logistique,Nice,Stage,2022-03-28,2.8,900.0,Non,100,43,35-44 ans
3109,M,antoine.david@datascope.fr,Commercial,Bordeaux,CDI,2019-07-24,5.4,2822.0,Non,100,58,55 ans et plus
1685,M,marie.leroy@datascope.fr,Informatique,Nantes,CDI,2015-08-06,9.4,2146.0,Non,100,45,45-54 ans
2484,M,julie.thomas@datascope.fr,Marketing,Marseille,CDI,2019-08-06,5.4,2392.0,Oui,80,37,35-44 ans
3220,F,paul.leroy@datascope.fr,R&D,Bordeaux,Stage,2016-09-19,8.3,900.0,Non,100,54,45-54 ans
1332,M,paul.fournier@datascope.fr,Informatique,Strasbourg,Alternance,2016-04-12,8.7,1497.0,Non,100,55,55 ans et plus
1646,F,thomas.durand@datascope.fr,Finance,Nice,CDI,2024-04-16,0.7,2405.0,Non,100,42,35-44 ans
3305,M,léa.durand@datascope.fr,Commercial,Toulouse,CDD,2017-04-06,7.7,2282.0,Oui,50,35,35-44 ans
2267,F,nicolas.robert@datascope.fr,Logistique,Paris,Interim,2023-07-15,1.5,3301.0,Oui,50,59,55 ans et plus
1060,F,pierre.durand@datascope.fr,Opérations,Nantes,CDI,2017-08-14,7.4,3532.0,Oui,50,40,35-44 ans
2279,M,emma.david@datascope.fr,R&D,Nantes,CDI,2017-02-25,7.8,900.0,Non,100,48,45-54 ans
1715,M,hugo.david@datascope.fr,R&D,Strasbourg,CDI,2023-10-26,1.2,2506.0,Non,100,47,45-54 ans
1435,M,antoine.garcia@datascope.fr,Logistique,Strasbourg,CDI,2017-05-01,7.7,2724.0,Oui,50,41,35-44 ans
3314,M,inès.garcia@datascope.fr,Logistique,Lille,CDI,2015-05-14,9.6,2356.0,Non,100,34,25-34 ans
1406,F,emma.lefebvre@datascope.fr,Juridique,Grenoble,CDI,2021-02-17,3.9,1323.0,Non,100,58,55 ans et plus
1049,M,paul.petit@datascope.fr,Finance,Grenoble,CDD,2015-04-05,9.7,2526.0,Oui,80,49,45-54 ans
2316,F,inès.leroy@datascope.fr,Marketing,Strasbourg,CDI,2021-08-12,3.4,2131.0,Non,100,27,25-34 ans
3206,F,paul.moreau@datascope.fr,Direction,Toulouse,CDD,2015-04-15,9.7,2830.0,Non,100,27,25-34 ans
2766,F,alice.roux@datascope.fr,R&D,Nice,CDI,2017-06-05,7.6,2546.0,Non,100,59,55 ans et plus
1361,F,sarah.durand@datascope.fr,Logistique,Lyon,CDI,2023-09-13,1.3,1932.0,Oui,80,26,25-34 ans
3345,F,emma.simon@datascope.fr,Finance,Lyon,CDI,2024-11-02,0.2,3045.0,Non,100,28,25-34 ans
1006,M,louis.durand@datascope.fr,Logistique,Nice,Stage,2016-05-20,8.6,900.0,Non,100,54,45-54 ans
2455,M,camille.simon@datascope.fr,Direction,Grenoble,CDI,2024-01-24,0.9,1730.0,Non,100,55,55 ans et plus
1152,F,inès.bernard@datascope.fr,Logistique,Lille,CDI,2018-10-13,6.2,3077.0,Non,100,49,45-54 ans
3285,F,louis.vincent@datascope.fr,Marketing,Toulouse,CDI,2019-08-06,5.4,3522.0,Non,100,40,35-44 ans
2795,M,inès.petit@datascope.fr,Informatique,Toulouse,CDI,2016-12-28,8.0,2496.0,Non,100,29,25-34 ans
2845,M,inès.leroy@datascope.fr,Opérations,Grenoble,CDD,2024-02-13,0.9,2789.0,Non,100,57,55 ans et plus
2146,F,léa.bertrand@datascope.fr,Juridique,Paris,CDI,2015-11-10,9.1,3385.0,Oui,80,35,35-44 ans
1009,F,paul.fournier@datascope.fr,Opérations,Nantes,CDI,2022-07-16,2.5,2278.0,Non,100,29,25-34 ans
3344,F,hugo.moreau@datascope.fr,Direction,Lille,CDI,2022-08-21,2.4,2885.0,Non,100,30,25-34 ans
1714,F,hugo.michel@datascope.fr,Marketing,Bordeaux,CDI,2019-11-15,5.1,2234.0,Non,100,59,55 ans et plus
1353,F,marie.moreau@datascope.fr,Marketing,Grenoble,CDI,2017-04-30,7.7,2849.0,Non,100,25,25-34 ans
3205,F,lucas.garcia@datascope.fr,Informatique,Nantes,CDI,2018-06-01,6.6,2558.0,Non,100,29,25-34 ans
2863,F,romain.laurent@datascope.fr,Commercial,Lille,CDI,2015-05-13,9.6,2801.0,Non,100,47,45-54 ans
1378,NB,léa.dubois@datascope.fr,R&D,Nantes,CDI,2016-10-08,8.2,3553.0,Non,100,59,55 ans et plus
3141,M,antoine.martin@datascope.fr,Logistique,Lille,Alternance,2019-08-26,5.3,977.0,Non,100,24,Moins de 25 ans
3073,M,paul.bertrand@datascope.fr,Juridique,Lille,CDI,2023-03-20,1.8,3498.0,Non,100,28,25-34 ans
1224,M,marie.dubois@datascope.fr,Direction,Grenoble,CDI,2016-12-29,8.0,2116.0,Oui,80,48,45-54 ans
2608,M,léa.bernard@datascope.fr,RH,Nantes,CDD,2022-01-04,3.0,1734.0,Non,100,25,25-34 ans
3079,F,alice.durand@datascope.fr,RH,Lyon,Interim,2019-11-12,5.1,2958.0,Oui,80,33,25-34 ans
1200,M,romain.david@datascope.fr,Finance,Nice,CDI,2024-04-01,0.8,3084.0,Non,100,44,35-44 ans
2374,F,julie.leroy@datascope.fr,Opérations,Paris,CDI,2024-01-31,0.9,2056.0,Oui,80,47,45-54 ans
3343,F,théo.thomas@datascope.fr,Juridique,Lyon,CDD,2024-08-15,0.4,2652.0,Oui,80,33,25-34 ans
1585,M,chloé.bertrand@datascope.fr,Finance,Marseille,CDI,2016-06-01,8.6,1954.0,Non,100,31,25-34 ans
2658,M,pierre.richard@datascope.fr,Logistique,Nice,CDI,2023-09-25,1.3,2895.0,Oui,50,32,25-34 ans
1627,F,chloé.robert@datascope.fr,RH,Strasbourg,CDI,2019-09-03,5.3,2464.0,Non,100,57,55 ans et plus
2159,M,léa.laurent@datascope.fr,R&D,Toulouse,CDI,2022-11-25,2.1,3105.0,Non,100,56,55 ans et plus
2390,M,romain.simon@datascope.fr,Finance,Paris,CDI,2015-04-23,9.7,3088.0,Non,100,24,Moins de 25 ans
2780,M,léa.thomas@datascope.fr,RH,Strasbourg,CDI,2024-02-29,0.8,2598.0,Non,100,56,55 ans et plus
1145,F,camille.lefebvre@datascope.fr,RH,Toulouse,CDI,2018-11-11,6.1,3018.0,Oui,80,24,Moins de 25 ans
2247,F,julie.michel@datascope.fr,Finance,Lyon,Alternance,2021-02-04,3.9,990.0,Non,100,52,45-54 ans
2526,M,hugo.thomas@datascope.fr,Marketing,Marseille,CDI,2019-04-23,5.7,2355.0,Non,100,33,25-34 ans
2580,F,alice.laurent@datascope.fr,R&D,Bordeaux,Stage,2020-09-17,4.3,900.0,Non,100,39,35-44 ans
2184,M,alice.robert@datascope.fr,Informatique,Grenoble,CDI,2018-11-24,6.1,2456.0,Oui,80,54,45-54 ans
3283,F,nicolas.garcia@datascope.fr,R&D,Grenoble,CDD,2024-02-22,0.9,1622.0,Oui,80,41,35-44 ans
1302,M,chloé.durand@datascope.fr,Opérations,Nantes,CDI,2019-08-31,5.3,1532.0,Oui,80,36,35-44 ans
3126,M,hugo.laurent@datascope.fr,Informatique,Toulouse,CDD,2019-07-14,5.5,1369.0,Non,100,49,45-54 ans
3034,F,inès.bernard@datascope.fr,Logistique,Paris,CDI,2018-09-03,6.3,2694.0,Oui,80,50,45-54 ans
1894,M,léa.vincent@datascope.fr,Finance,Toulouse,Alternance,2022-06-27,2.5,900.0,Oui,80,47,45-54 ans
3241,F,louis.michel@datascope.fr,Direction,Toulouse,CDI,2022-09-15,2.3,3550.0,Non,100,46,45-54 ans
1337,F,alice.bernard@datascope.fr,Commercial,Toulouse,CDI,2016-12-24,8.0,3408.0,Non,100,30,25-34 ans
2388,F,hugo.leroy@datascope.fr,Opérations,Strasbourg,CDD,2018-02-11,6.9,2843.0,Non,100,28,25-34 ans
2008,F,sarah.moreau@datascope.fr,Direction,Nice,CDI,2023-01-18,2.0,2510.0,Non,100,50,45-54 ans
2777,NB,paul.moreau@datascope.fr,Direction,Strasbourg,Alternance,2023-02-21,1.9,1121.0,Non,100,32,25-34 ans
2268,F,pierre.leroy@datascope.fr,Opérations,Nice,CDI,2016-10-18,8.2,3169.0,Oui,80,35,35-44 ans
2724,NB,emma.michel@datascope.fr,Marketing,Paris,CDI,2018-11-10,6.1,3217.0,Non,100,48,45-54 ans
2548,F,romain.moreau@datascope.fr,Direction,Toulouse,CDI,2023-05-07,1.7,3695.0,Non,100,31,25-34 ans
1085,M,inès.moreau@datascope.fr,RH,Paris,Interim,2023-12-29,1.0,1606.0,Oui,80,32,25-34 ans
2891,M,marie.vincent@datascope.fr,R&D,Nantes,CDD,2015-06-07,9.6,2686.0,Non,100,30,25-34 ans
2098,M,sarah.david@datascope.fr,Opérations,Nantes,CDD,2021-04-27,3.7,2840.0,Non,100,29,25-34 ans
1706,F,louis.bertrand@datascope.fr,Finance,Paris,CDI,2018-08-16,6.4,3414.0,Non,100,45,45-54 ans
2586,M,théo.vincent@datascope.fr,Commercial,Marseille,CDI,2023-09-04,1.3,3815.0,Non,100,25,25-34 ans
1462,F,inès.fournier@datascope.fr,Finance,Marseille,CDD,2024-03-14,0.8,2794.0,Oui,80,30,25-34 ans
2274,F,julie.bernard@datascope.fr,RH,Paris,Alternance,2021-03-30,3.8,1283.0,Oui,50,47,45-54 ans
3338,F,théo.laurent@datascope.fr,Informatique,Paris,CDI,2023-04-28,1.7,2837.0,Non,100,53,45-54 ans
2071,M,hugo.vincent@datascope.fr,RH,Grenoble,CDI,2019-10-23,5.2,3125.0,Non,100,33,25-34 ans
2363,F,sarah.martin@datascope.fr,Informatique,Nantes,CDD,2015-08-01,9.4,4216.0,Non,100,43,35-44 ans
3196,F,julie.bertrand@datascope.fr,Juridique,Paris,CDI,2020-04-27,4.7,1981.0,Non,100,28,25-34 ans
1611,F,pierre.laurent@datascope.fr,Commercial,Bordeaux,CDD,2024-02-08,0.9,2746.0,Non,100,32,25-34 ans
2999,M,théo.laurent@datascope.fr,Marketing,Nantes,CDI,2021-02-08,3.9,1851.0,Non,100,38,35-44 ans
2368,F,marie.david@datascope.fr,Juridique,Marseille,CDD,2016-09-02,8.3,2040.0,Oui,50,57,55 ans et plus
1656,F,alice.laurent@datascope.fr,Informatique,Lille,CDI,2020-09-14,4.3,3478.0,Non,100,36,35-44 ans
3252,F,thomas.garcia@datascope.fr,Commercial,Nice,Interim,2020-09-05,4.3,1866.0,Non,100,33,25-34 ans
3237,F,louis.simon@datascope.fr,Opérations,Toulouse,CDD,2015-02-06,9.9,2103.0,Oui,80,42,35-44 ans
2013,NB,sophie.dubois@datascope.fr,R&D,Marseille,CDD,2018-03-08,6.8,3587.0,Oui,80,41,35-44 ans
1226,F,paul.dubois@datascope.fr,Opérations,Marseille,CDI,2022-02-24,2.9,3110.0,Non,100,56,55 ans et plus
2640,M,julie.roux@datascope.fr,Commercial,Lyon,Stage,2022-09-07,2.3,900.0,Non,100,24,Moins de 25 ans
2506,M,léa.dubois@datascope.fr,Marketing,Toulouse,CDI,2024-10-19,0.2,2949.0,Non,100,42,35-44 ans
3009,M,alice.robert@datascope.fr,Direction,Grenoble,Stage,2015-04-22,9.7,900.0,Non,100,25,25-34 ans
3171,M,alice.simon@datascope.fr,Juridique,Lille,CDI,2015-07-18,9.5,3681.0,Non,100,27,25-34 ans
2148,F,antoine.david@datascope.fr,Marketing,Paris,Interim,2024-10-16,0.2,2279.0,Oui,50,38,35-44 ans
1003,F,emma.bernard@datascope.fr,Commercial,Toulouse,CDD,2023-07-21,1.4,1922.0,Non,100,29,25-34 ans
2055,M,camille.dubois@datascope.fr,RH,Paris,CDI,2018-12-16,6.0,1473.0,Non,100,56,55 ans et plus
1499,F,paul.durand@datascope.fr,Marketing,Paris,CDI,2017-09-19,7.3,3296.0,Non,100,42,35-44 ans
2434,F,thomas.richard@datascope.fr,Logistique,Grenoble,Interim,2016-05-23,8.6,1540.0,Non,100,38,35-44 ans
1759,F,alice.roux@datascope.fr,Commercial,Lille,Interim,2022-11-13,2.1,1792.0,Oui,50,53,45-54 ans
1477,F,louis.richard@datascope.fr,Logistique,Grenoble,CDI,2015-11-08,9.1,1602.0,Non,100,44,35-44 ans
1672,M,pierre.garcia@datascope.fr,Finance,Lyon,CDD,2018-09-01,6.3,2880.0,Oui,80,51,45-54 ans
3157,M,inès.leroy@datascope.fr,Direction,Nice,CDI,2023-02-13,1.9,2765.0,Oui,50,43,35-44 ans
1860,M,camille.vincent@datascope.fr,R&D,Nantes,CDD,2015-03-18,9.8,1933.0,Non,100,35,35-44 ans
1292,M,louis.simon@datascope.fr,Direction,Paris,CDI,2016-09-13,8.3,2898.0,Oui,50,45,45-54 ans
3400,F,julie.durand@datascope.fr,RH,Lyon,CDI,2017-03-12,7.8,3806.0,Non,100,43,35-44 ans
2633,M,louis.laurent@datascope.fr,R&D,Paris,Alternance,2021-06-03,3.6,1478.0,Non,100,24,Moins de 25 ans
1317,F,sophie.thomas@datascope.fr,RH,Bordeaux,CDI,2018-06-24,6.5,2797.0,Non,100,24,Moins de 25 ans
1243,M,sophie.martin@datascope.fr,Informatique,Lyon,Alternance,2022-12-19,2.0,1146.0,Non,100,59,55 ans et plus
3291,F,paul.bernard@datascope.fr,Juridique,Nantes,CDD,2017-04-19,7.7,1581.0,Oui,80,54,45-54 ans
1095,M,romain.vincent@datascope.fr,Informatique,Strasbourg,Interim,2024-05-06,0.7,2946.0,Oui,50,45,45-54 ans
1625,NB,théo.bernard@datascope.fr,Informatique,Paris,CDI,2024-06-09,0.6,2511.0,Non,100,29,25-34 ans
2624,F,julie.moreau@datascope.fr,Direction,Paris,Interim,2016-11-04,8.2,2702.0,Oui,80,51,45-54 ans
1621,M,lucas.fournier@datascope.fr,RH,Lille,CDD,2023-05-16,1.6,2824.0,Oui,50,58,55 ans et plus
1846,M,paul.leroy@datascope.fr,Direction,Nantes,CDI,2017-07-06,7.5,2352.0,Oui,50,34,25-34 ans
2109,F,théo.vincent@datascope.fr,RH,Paris,CDI,2023-11-27,1.1,2810.0,Non,100,34,25-34 ans
1816,NB,sarah.garcia@datascope.fr,Logistique,Paris,CDI,2015-06-15,9.5,2633.0,Oui,50,44,35-44 ans
2381,F,romain.moreau@datascope.fr,R&D,Lille,CDD,2020-06-04,4.6,1986.0,Oui,50,56,55 ans et plus
2855,M,léa.robert@datascope.fr,Commercial,Paris,CDD,2019-02-26,5.8,3040.0,Non,100,45,45-54 ans
1149,F,antoine.michel@datascope.fr,Marketing,Nantes,Stage,2016-04-07,8.7,900.0,Oui,50,50,45-54 ans
1686,M,romain.roux@datascope.fr,Marketing,Strasbourg,CDI,2018-01-10,7.0,2293.0,Oui,50,26,25-34 ans
2985,F,chloé.david@datascope.fr,RH,Toulouse,CDI,2017-12-02,7.1,2956.0,Non,100,53,45-54 ans
1139,F,léa.david@datascope.fr,Juridique,Nantes,CDI,2017-09-28,7.3,2561.0,Non,100,59,55 ans et plus
1430,F,pierre.simon@datascope.fr,Direction,Nantes,CDD,2017-12-02,7.1,2443.0,Oui,80,32,25-34 ans
3372,F,sarah.lefebvre@datascope.fr,Logistique,Nantes,CDI,2020-01-24,4.9,3761.0,Non,100,45,45-54 ans
1882,F,chloé.richard@datascope.fr,Marketing,Lille,CDI,2020-02-11,4.9,2535.0,Oui,50,24,Moins de 25 ans
2814,F,emma.martin@datascope.fr,Informatique,Grenoble,CDD,2024-06-12,0.6,1412.0,Non,100,46,45-54 ans
3228,M,chloé.simon@datascope.fr,Opérations,Strasbourg,CDD,2020-09-07,4.3,2516.0,Oui,50,28,25-34 ans
1489,NB,thomas.martin@datascope.fr,Juridique,Nantes,CDI,2019-03-30,5.8,2128.0,Oui,50,30,25-34 ans
2039,F,léa.dubois@datascope.fr,Juridique,Grenoble,CDD,2024-09-22,0.3,2487.0,Oui,80,38,35-44 ans
3221,M,antoine.bernard@datascope.fr,Commercial,Toulouse,CDI,2022-01-30,2.9,1149.0,Non,100,49,45-54 ans
2620,M,sophie.michel@datascope.fr,R&D,Nice,Stage,2019-06-18,5.5,900.0,Oui,80,59,55 ans et plus
3049,F,romain.bernard@datascope.fr,Direction,Grenoble,CDI,2023-11-29,1.1,2930.0,Non,100,27,25-34 ans
2599,F,nicolas.richard@datascope.fr,Direction,Bordeaux,CDD,2021-06-08,3.6,2114.0,Non,100,24,Moins de 25 ans
2294,M,paul.roux@datascope.fr,Logistique,Nice,CDI,2021-05-05,3.7,2421.0,Non,100,9,Moins de 25 ans
1267,M,romain.bernard@datascope.fr,Direction,Nice,CDD,2019-12-16,5.0,2439.0,Non,100,53,45-54 ans
1468,M,antoine.robert@datascope.fr,Juridique,Marseille,CDD,2018-06-01,6.6,3484.0,Non,100,28,25-34 ans
2511,F,antoine.vincent@datascope.fr,Direction,Lille,Stage,2022-06-09,2.6,900.0,Non,100,32,25-34 ans
2848,F,antoine.lefebvre@datascope.fr,Logistique,Marseille,Interim,2023-05-02,1.7,2381.0,Non,100,54,45-54 ans
2493,M,alice.michel@datascope.fr,Finance,Lille,CDI,2021-09-22,3.3,2576.0,Non,100,54,45-54 ans
3040,F,paul.moreau@datascope.fr,Commercial,Bordeaux,CDI,2021-12-23,3.0,2420.0,Non,100,28,25-34 ans
1459,F,hugo.moreau@datascope.fr,Commercial,Strasbourg,Interim,2018-12-23,6.0,1589.0,Non,100,39,35-44 ans
2546,M,antoine.simon@datascope.fr,Marketing,Grenoble,CDI,2022-09-20,2.3,3902.0,Oui,50,45,45-54 ans
1295,F,marie.lefebvre@datascope.fr,RH,Marseille,CDI,2018-11-18,6.1,2181.0,Non,100,24,Moins de 25 ans
1452,F,lucas.vincent@datascope.fr,RH,Grenoble,CDI,2023-05-20,1.6,2683.0,Non,100,37,35-44 ans
1368,F,louis.robert@datascope.fr,Commercial,Bordeaux,CDI,2018-04-21,6.7,4061.0,Non,100,32,25-34 ans
2501,F,sophie.simon@datascope.fr,Opérations,Grenoble,CDI,2016-09-15,8.3,2640.0,Non,100,26,25-34 ans
1176,F,pierre.simon@datascope.fr,R&D,Toulouse,CDD,2018-02-27,6.8,1851.0,Non,100,44,35-44 ans
1379,F,pierre.laurent@datascope.fr,Opérations,Paris,CDI,2016-11-05,8.2,2574.0,Non,100,52,45-54 ans
1537,F,sophie.lefebvre@datascope.fr,Opérations,Grenoble,Stage,2018-03-07,6.8,900.0,Non,100,55,55 ans et plus
2133,M,julie.martin@datascope.fr,Informatique,Paris,CDI,2023-07-13,1.5,2569.0,Non,100,47,45-54 ans
1965,F,sophie.leroy@datascope.fr,Informatique,Lyon,CDI,2016-09-28,8.3,2587.0,Non,100,28,25-34 ans
1312,F,emma.petit@datascope.fr,Logistique,Lille,CDD,2023-08-28,1.3,1790.0,Oui,80,24,Moins de 25 ans
1434,M,inès.durand@datascope.fr,Juridique,Grenoble,CDI,2015-04-07,9.7,2373.0,Oui,50,48,45-54 ans
2216,F,sarah.bertrand@datascope.fr,Direction,Bordeaux,CDI,2022-06-21,2.5,2618.0,Non,100,51,45-54 ans
2993,F,julie.bertrand@datascope.fr,R&D,Strasbourg,CDI,2022-05-06,2.7,3186.0,Oui,80,30,25-34 ans
1404,F,inès.bertrand@datascope.fr,Opérations,Lille,CDI,2022-09-19,2.3,3377.0,Oui,50,54,45-54 ans
2383,M,lucas.laurent@datascope.fr,Commercial,Nantes,CDI,2016-08-14,8.4,3410.0,Non,100,39,35-44 ans
2080,NB,lucas.durand@datascope.fr,Finance,Bordeaux,CDD,2019-10-19,5.2,2082.0,Non,100,42,35-44 ans
1538,F,julie.lefebvre@datascope.fr,Commercial,Lille,CDI,2022-01-04,3.0,3446.0,Non,100,42,35-44 ans
2025,M,alice.fournier@datascope.fr,Finance,Nice,CDD,2019-12-04,5.1,1964.0,Oui,80,33,25-34 ans
2980,M,inès.fournier@datascope.fr,R&D,Marseille,CDI,2023-12-27,1.0,2832.0,Non,100,58,55 ans et plus
1803,F,louis.richard@datascope.fr,Finance,Lille,CDI,2022-03-15,2.8,1707.0,Non,100,28,25-34 ans
2636,F,hugo.david@datascope.fr,Marketing,Nantes,Alternance,2015-11-22,9.1,1146.0,Oui,50,53,45-54 ans
2649,F,thomas.dubois@datascope.fr,Direction,Nantes,Stage,2020-08-09,4.4,900.0,Non,100,53,45-54 ans
1553,M,marie.leroy@datascope.fr,R&D,Bordeaux,CDI,2020-08-20,4.4,2106.0,Oui,80,50,45-54 ans
3001,M,léa.thomas@datascope.fr,Opérations,Nice,CDI,2022-08-29,2.3,3550.0,Non,100,36,35-44 ans
1451,M,alice.thomas@datascope.fr,Direction,Nice,CDD,2015-10-23,9.2,1808.0,Oui,50,53,45-54 ans
2361,F,thomas.moreau@datascope.fr,Juridique,Paris,CDI,2023-11-17,1.1,3054.0,Oui,80,59,55 ans et plus
1109,M,camille.dubois@datascope.fr,Juridique,Toulouse,CDD,2020-07-28,4.4,2761.0,Non,100,36,35-44 ans
2185,M,chloé.moreau@datascope.fr,Juridique,Grenoble,CDI,2015-09-02,9.3,3362.0,Oui,80,55,55 ans et plus
1615,M,inès.petit@datascope.fr,Commercial,Strasbourg,CDI,2024-12-10,0.1,1912.0,Non,100,46,45-54 ans
2078,F,louis.garcia@datascope.fr,Direction,Marseille,CDI,2022-08-21,2.4,2829.0,Non,100,55,55 ans et plus
2792,F,emma.michel@datascope.fr,RH,Nice,CDD,2024-01-24,0.9,1251.0,Oui,80,37,35-44 ans
1705,M,antoine.fournier@datascope.fr,Finance,Bordeaux,Stage,2022-03-06,2.8,900.0,Non,100,53,45-54 ans
1222,M,marie.roux@datascope.fr,Marketing,Bordeaux,CDI,2023-07-31,1.4,3558.0,Oui,80,41,35-44 ans
1325,M,emma.richard@datascope.fr,Opérations,Paris,CDD,2015-11-04,9.2,1368.0,Non,100,51,45-54 ans
2349,M,alice.bernard@datascope.fr,Direction,Bordeaux,CDI,2024-07-16,0.5,4287.0,Non,100,26,25-34 ans
3124,M,sophie.roux@datascope.fr,Informatique,Toulouse,CDI,2020-02-08,4.9,2447.0,Oui,80,49,45-54 ans
1171,F,alice.petit@datascope.fr,Commercial,Grenoble,CDI,2022-07-13,2.5,4643.0,Non,100,29,25-34 ans
2327,M,nicolas.vincent@datascope.fr,RH,Marseille,CDD,2023-02-10,1.9,2185.0,Oui,50,31,25-34 ans
1012,F,chloé.moreau@datascope.fr,Informatique,Marseille,CDI,2022-05-18,2.6,2474.0,Oui,80,30,25-34 ans
3072,F,nicolas.martin@datascope.fr,R&D,Grenoble,CDI,2021-07-29,3.4,3184.0,Oui,80,31,25-34 ans
1466,F,emma.robert@datascope.fr,Finance,Lyon,CDD,2022-01-13,3.0,2710.0,Non,100,26,25-34 ans
2520,F,pierre.laurent@datascope.fr,Juridique,Nice,CDI,2020-07-16,4.5,2085.0,Non,100,45,45-54 ans
3022,F,paul.petit@datascope.fr,Finance,Lyon,CDI,2019-08-02,5.4,3339.0,Non,100,27,25-34 ans
2888,F,alice.thomas@datascope.fr,Opérations,Grenoble,CDI,2020-07-12,4.5,2422.0,Non,100,33,25-34 ans
1242,M,louis.garcia@datascope.fr,Commercial,Marseille,CDD,2018-06-06,6.6,1714.0,Oui,50,30,25-34 ans
1713,M,julie.durand@datascope.fr,Informatique,Strasbourg,CDI,2015-08-16,9.4,2561.0,Non,100,52,45-54 ans
2505,M,thomas.martin@datascope.fr,Commercial,Nice,CDD,2016-03-09,8.8,2078.0,Oui,80,41,35-44 ans
1269,M,julie.fournier@datascope.fr,R&D,Nice,CDD,2022-04-09,2.7,3250.0,Non,100,46,45-54 ans
3120,F,romain.martin@datascope.fr,R&D,Strasbourg,CDI,2024-03-23,0.8,1667.0,Non,100,31,25-34 ans
2444,F,alice.bernard@datascope.fr,Commercial,Grenoble,CDI,2017-05-04,7.7,2609.0,Oui,80,26,25-34 ans
3236,M,lucas.dubois@datascope.fr,Juridique,Nantes,Interim,2017-07-04,7.5,2174.0,Oui,50,49,45-54 ans
1240,NB,thomas.david@datascope.fr,Logistique,Toulouse,CDI,2019-02-14,5.9,3036.0,Oui,50,33,25-34 ans
1398,F,hugo.laurent@datascope.fr,Logistique,Strasbourg,CDI,2022-03-09,2.8,2957.0,Non,100,32,25-34 ans
1443,F,alice.leroy@datascope.fr,Informatique,Marseille,CDI,2016-08-14,8.4,2540.0,Non,100,49,45-54 ans
2603,NB,julie.petit@datascope.fr,RH,Nantes,CDD,2022-06-25,2.5,3555.0,Non,100,44,35-44 ans
1323,F,chloé.simon@datascope.fr,RH,Marseille,CDI,2023-03-04,1.8,3343.0,Non,100,42,35-44 ans
1241,M,thomas.bernard@datascope.fr,Marketing,Strasbourg,CDI,2017-11-29,7.1,2197.0,Oui,50,56,55 ans et plus
3385,F,lucas.lefebvre@datascope.fr,Opérations,Nantes,CDD,2018-03-10,6.8,2046.0,Non,100,58,55 ans et plus
2190,M,paul.robert@datascope.fr,Logistique,Marseille,Stage,2019-06-24,5.5,900.0,Oui,50,35,35-44 ans
2783,M,théo.lefebvre@datascope.fr,Marketing,Nantes,CDI,2018-12-20,6.0,3308.0,Oui,80,46,45-54 ans
2701,F,julie.durand@datascope.fr,Informatique,Lyon,CDD,2023-06-03,1.6,1564.0,Non,100,44,35-44 ans
2337,F,paul.garcia@datascope.fr,RH,Grenoble,Alternance,2020-11-23,4.1,930.0,Non,100,48,45-54 ans
1020,F,chloé.thomas@datascope.fr,Juridique,Nice,CDI,2020-03-16,4.8,2808.0,Oui,80,48,45-54 ans
1507,F,théo.richard@datascope.fr,Marketing,Marseille,CDI,2021-03-25,3.8,2765.0,Oui,50,52,45-54 ans
1511,F,lucas.garcia@datascope.fr,Marketing,Lyon,Alternance,2018-05-24,6.6,964.0,Non,100,31,25-34 ans
1974,M,camille.david@datascope.fr,RH,Strasbourg,CDD,2022-05-13,2.6,2287.0,Non,100,56,55 ans et plus
1197,F,sarah.robert@datascope.fr,Direction,Grenoble,CDI,2022-08-06,2.4,3208.0,Non,100,59,55 ans et plus
2163,M,sophie.garcia@datascope.fr,Finance,Grenoble,CDI,2017-04-27,7.7,2351.0,Non,100,58,55 ans et plus
2811,M,louis.richard@datascope.fr,Opérations,Marseille,CDI,2016-02-20,8.9,1039.0,Oui,50,46,45-54 ans
2616,F,hugo.lefebvre@datascope.fr,R&D,Nantes,CDI,2018-07-20,6.5,2954.0,Oui,80,49,45-54 ans
2560,NB,inès.thomas@datascope.fr,Direction,Strasbourg,Stage,2015-06-21,9.5,900.0,Non,100,35,35-44 ans
1723,M,antoine.michel@datascope.fr,Finance,Bordeaux,CDI,2022-11-11,2.1,2871.0,Oui,50,48,45-54 ans
1629,F,louis.michel@datascope.fr,Opérations,Lille,CDI,2016-07-26,8.4,3790.0,Oui,80,38,35-44 ans
3375,M,théo.roux@datascope.fr,Logistique,Toulouse,CDD,2018-03-10,6.8,2052.0,Non,100,44,35-44 ans
3363,M,théo.roux@datascope.fr,R&D,Toulouse,CDI,2017-07-01,7.5,2289.0,Non,100,52,45-54 ans
1237,NB,théo.thomas@datascope.fr,RH,Lyon,CDI,2017-07-26,7.4,2009.0,Oui,50,48,45-54 ans
2435,M,louis.martin@datascope.fr,RH,Nantes,CDI,2022-10-29,2.2,2146.0,Non,100,25,25-34 ans
1607,M,lucas.vincent@datascope.fr,Informatique,Bordeaux,CDI,2015-07-19,9.5,2012.0,Oui,50,33,25-34 ans
2969,M,théo.roux@datascope.fr,Juridique,Lyon,Alternance,2023-07-12,1.5,1141.0,Non,100,39,35-44 ans
1055,F,hugo.richard@datascope.fr,Commercial,Lyon,Interim,2018-02-10,6.9,1964.0,Oui,50,26,25-34 ans
1751,F,emma.david@datascope.fr,Direction,Marseille,CDI,2022-08-26,2.3,3073.0,Non,100,25,25-34 ans
3097,M,emma.bernard@datascope.fr,Opérations,Toulouse,Stage,2022-09-07,2.3,900.0,Oui,80,44,35-44 ans
1492,F,louis.vincent@datascope.fr,R&D,Paris,CDI,2016-01-23,8.9,2664.0,Oui,50,53,45-54 ans
1787,M,théo.michel@datascope.fr,Informatique,Strasbourg,CDI,2017-01-31,7.9,2252.0,Oui,80,48,45-54 ans
2566,M,camille.vincent@datascope.fr,Commercial,Marseille,CDI,2024-06-05,0.6,3404.0,Oui,80,24,Moins de 25 ans
2606,F,léa.david@datascope.fr,Opérations,Lille,CDD,2018-04-06,6.7,2901.0,Non,100,35,35-44 ans
2005,M,paul.laurent@datascope.fr,Logistique,Toulouse,CDD,2018-01-15,7.0,2171.0,Non,100,55,55 ans et plus
1151,M,camille.robert@datascope.fr,R&D,Nantes,CDI,2020-08-11,4.4,2730.0,Oui,50,31,25-34 ans
2567,M,paul.garcia@datascope.fr,Logistique,Lyon,CDI,2020-10-22,4.2,3354.0,Non,100,50,45-54 ans
2222,M,pierre.leroy@datascope.fr,R&D,Lille,CDD,2021-11-21,3.1,2707.0,Non,100,39,35-44 ans
2747,M,lucas.petit@datascope.fr,RH,Nantes,CDI,2016-09-06,8.3,2585.0,Non,100,49,45-54 ans
1293,F,antoine.laurent@datascope.fr,Direction,Nantes,CDI,2017-03-21,7.8,3004.0,Non,100,44,35-44 ans
3198,F,julie.lefebvre@datascope.fr,Finance,Strasbourg,CDI,2019-05-26,5.6,2635.0,Oui,50,29,25-34 ans
2376,M,camille.david@datascope.fr,Commercial,Toulouse,CDI,2024-06-13,0.6,4380.0,Non,100,47,45-54 ans
2228,NB,louis.bertrand@datascope.fr,Commercial,Marseille,Alternance,2017-03-05,7.8,989.0,Non,100,24,Moins de 25 ans
1919,M,sophie.thomas@datascope.fr,Direction,Nice,CDD,2015-12-14,9.0,2439.0,Non,100,26,25-34 ans
2827,F,antoine.laurent@datascope.fr,Commercial,Bordeaux,CDI,2022-10-11,2.2,1596.0,Oui,80,28,25-34 ans
3144,M,chloé.lefebvre@datascope.fr,Logistique,Lille,CDI,2024-12-05,0.1,3009.0,Non,100,39,35-44 ans
1945,M,paul.dubois@datascope.fr,RH,Marseille,Alternance,2019-10-22,5.2,994.0,Non,100,35,35-44 ans
2170,F,antoine.dubois@datascope.fr,Finance,Nice,CDI,2017-12-26,7.0,3745.0,Oui,50,34,25-34 ans
2090,M,marie.richard@datascope.fr,R&D,Marseille,Alternance,2015-12-01,9.1,1106.0,Oui,80,33,25-34 ans
2686,M,alice.bernard@datascope.fr,Direction,Strasbourg,CDI,2018-05-16,6.6,1676.0,Non,100,37,35-44 ans
2908,F,nicolas.simon@datascope.fr,Marketing,Paris,Interim,2022-06-17,2.5,1593.0,Non,100,43,35-44 ans
1985,F,thomas.roux@datascope.fr,RH,Paris,CDD,2020-07-14,4.5,2149.0,Oui,50,50,45-54 ans
1417,F,chloé.fournier@datascope.fr,Opérations,Strasbourg,CDI,2021-01-28,3.9,2722.0,Non,100,42,35-44 ans
3064,F,inès.david@datascope.fr,R&D,Grenoble,CDI,2023-10-02,1.2,2666.0,Non,100,52,45-54 ans
3103,F,paul.moreau@datascope.fr,RH,Lyon,CDI,2018-06-06,6.6,2219.0,Non,100,42,35-44 ans
2954,M,pierre.leroy@datascope.fr,R&D,Nantes,CDI,2017-08-27,7.3,2649.0,Non,100,54,45-54 ans
1891,F,chloé.simon@datascope.fr,Juridique,Bordeaux,CDD,2017-04-18,7.7,2212.0,Non,100,25,25-34 ans
2964,M,sarah.bernard@datascope.fr,R&D,Strasbourg,CDI,2017-02-27,7.8,2833.0,Oui,50,42,35-44 ans
3170,M,inès.bertrand@datascope.fr,Direction,Grenoble,CDI,2023-12-14,1.0,3551.0,Non,100,36,35-44 ans
2208,M,léa.lefebvre@datascope.fr,Marketing,Bordeaux,Interim,2020-03-01,4.8,3279.0,Oui,50,42,35-44 ans
2439,M,pierre.durand@datascope.fr,RH,Lyon,CDD,2017-03-16,7.8,1178.0,Non,100,27,25-34 ans
1400,F,léa.richard@datascope.fr,Finance,Lille,CDI,2021-03-05,3.8,1998.0,Non,100,24,Moins de 25 ans
1236,M,lucas.michel@datascope.fr,Marketing,Nantes,Stage,2020-07-22,4.4,900.0,Non,100,46,45-54 ans
3060,F,emma.fournier@datascope.fr,Commercial,Marseille,CDI,2015-06-28,9.5,1979.0,Oui,50,25,25-34 ans
1193,F,inès.vincent@datascope.fr,Finance,Nantes,CDI,2017-11-16,7.1,2307.0,Non,100,27,25-34 ans
1815,M,chloé.richard@datascope.fr,Commercial,Paris,CDD,2021-08-14,3.4,2528.0,Non,100,27,25-34 ans
3397,F,paul.michel@datascope.fr,Direction,Paris,CDD,2017-05-28,7.6,2575.0,Non,100,50,45-54 ans
2940,M,pierre.roux@datascope.fr,Juridique,Toulouse,CDD,2016-01-27,8.9,1484.0,Non,100,38,35-44 ans
1915,F,marie.dubois@datascope.fr,RH,Toulouse,CDI,2021-10-11,3.2,2893.0,Non,100,24,Moins de 25 ans
2465,F,julie.simon@datascope.fr,Direction,Nice,CDD,2023-03-16,1.8,2413.0,Non,100,35,35-44 ans
1279,F,marie.lefebvre@datascope.fr,Marketing,Marseille,CDI,2024-11-09,0.1,2962.0,Oui,80,42,35-44 ans
2430,M,julie.robert@datascope.fr,Finance,Nice,CDI,2024-02-04,0.9,2782.0,Non,100,43,35-44 ans
1578,F,antoine.dubois@datascope.fr,R&D,Bordeaux,CDD,2022-10-11,2.2,2744.0,Non,100,25,25-34 ans
1990,F,théo.bertrand@datascope.fr,R&D,Grenoble,CDI,2023-06-06,1.6,2785.0,Non,100,41,35-44 ans
2024,M,julie.garcia@datascope.fr,RH,Bordeaux,CDI,2015-11-06,9.2,2532.0,Non,100,34,25-34 ans
2736,F,nicolas.martin@datascope.fr,Direction,Lille,CDI,2015-03-05,9.8,2262.0,Non,100,24,Moins de 25 ans
1438,F,théo.richard@datascope.fr,Finance,Strasbourg,CDI,2023-07-19,1.5,1853.0,Non,100,47,45-54 ans
2490,M,thomas.thomas@datascope.fr,Opérations,Paris,CDI,2020-12-23,4.0,3411.0,Non,100,58,55 ans et plus
2489,F,sophie.richard@datascope.fr,Logistique,Marseille,CDD,2020-11-10,4.1,1847.0,Oui,50,47,45-54 ans
2292,F,alice.garcia@datascope.fr,Commercial,Strasbourg,Alternance,2017-02-27,7.8,900.0,Oui,80,58,55 ans et plus
2642,M,sophie.bertrand@datascope.fr,Commercial,Bordeaux,CDI,2019-10-07,5.2,2212.0,Non,100,48,45-54 ans
1448,M,lucas.bernard@datascope.fr,Commercial,Grenoble,CDI,2017-11-18,7.1,2876.0,Oui,80,56,55 ans et plus
1175,F,léa.dubois@datascope.fr,Marketing,Grenoble,Stage,2015-01-21,9.9,900.0,Non,100,47,45-54 ans
1854,F,camille.michel@datascope.fr,Informatique,Nice,CDD,2016-02-04,8.9,3367.0,Non,100,34,25-34 ans
2043,F,chloé.petit@datascope.fr,Commercial,Nice,CDI,2022-07-15,2.5,2537.0,Non,100,55,55 ans et plus
2329,F,inès.simon@datascope.fr,Logistique,Lille,CDD,2018-12-14,6.0,3031.0,Non,100,52,45-54 ans
2313,NB,thomas.leroy@datascope.fr,Marketing,Nantes,Alternance,2015-01-20,9.9,913.0,Oui,80,52,45-54 ans
2941,M,antoine.martin@datascope.fr,Marketing,Toulouse,CDI,2021-09-11,3.3,2689.5,Oui,50,45,45-54 ans
2072,M,marie.durand@datascope.fr,Marketing,Marseille,CDI,2020-06-16,4.5,2741.0,Non,100,47,45-54 ans
1432,M,nicolas.simon@datascope.fr,Opérations,Marseille,Interim,2016-01-16,9.0,2322.0,Oui,80,27,25-34 ans
1986,M,louis.leroy@datascope.fr,Juridique,Nice,CDD,2019-09-09,5.3,1088.0,Non,100,51,45-54 ans
2946,F,pierre.moreau@datascope.fr,Opérations,Marseille,CDI,2023-03-25,1.8,2480.0,Non,100,34,25-34 ans
1107,M,chloé.richard@datascope.fr,R&D,Toulouse,CDI,2015-11-17,9.1,4143.0,Non,100,43,35-44 ans
1030,M,thomas.garcia@datascope.fr,Direction,Lyon,CDI,2017-06-02,7.6,3568.0,Oui,80,50,45-54 ans
1203,F,camille.thomas@datascope.fr,Marketing,Lyon,CDI,2016-12-08,8.1,3785.0,Non,100,30,25-34 ans
3188,M,louis.michel@datascope.fr,Commercial,Strasbourg,Stage,2022-03-31,2.8,900.0,Non,100,24,Moins de 25 ans
3003,F,léa.durand@datascope.fr,Direction,Marseille,CDI,2022-11-01,2.2,2164.0,Non,100,51,45-54 ans
2545,F,thomas.roux@datascope.fr,Opérations,Nice,CDI,2017-12-25,7.0,2911.0,Non,100,39,35-44 ans
1369,F,thomas.simon@datascope.fr,Direction,Strasbourg,Alternance,2016-06-28,8.5,1283.0,Non,100,39,35-44 ans
2334,F,alice.fournier@datascope.fr,Opérations,Marseille,CDI,2018-05-03,6.7,3599.0,Non,100,24,Moins de 25 ans
2287,M,louis.simon@datascope.fr,Direction,Toulouse,Alternance,2015-04-09,9.7,1108.0,Non,100,33,25-34 ans
3004,M,antoine.bernarddatascope.fr,Sales,Strasbourg,CDI,2016-08-28,-2.1,0.0,Non,100,10,Moins de 25 ans
3253,F,hugo.bernard@datascope.fr,Marketing,Lyon,CDD,2023-06-04,1.6,1468.0,Non,100,30,25-34 ans
1363,F,thomas.bernard@datascope.fr,Opérations,Toulouse,CDI,2019-07-04,5.5,2208.0,Oui,50,29,25-34 ans
1614,F,hugo.richard@datascope.fr,Logistique,Marseille,CDD,2024-01-08,1.0,3405.0,Non,100,32,25-34 ans
1506,M,lucas.robert@datascope.fr,Finance,Lille,CDI,2016-07-18,8.5,2450.0,Non,100,26,25-34 ans
1210,F,pierre.bernard@datascope.fr,Juridique,Lille,CDI,2024-11-04,0.2,2955.0,Oui,80,34,25-34 ans
1901,M,alice.robert@datascope.fr,Informatique,Lille,CDI,2016-02-14,8.9,2295.0,Non,100,49,45-54 ans
2577,F,théo.leroy@datascope.fr,Direction,Lyon,CDI,2023-11-16,1.1,3092.0,Oui,80,52,45-54 ans
1031,F,antoine.simon@datascope.fr,Direction,Marseille,CDI,2015-01-20,9.9,2535.0,Oui,80,46,45-54 ans
1730,F,louis.durand@datascope.fr,R&D,Nice,CDD,2020-11-20,4.1,3109.0,Non,100,36,35-44 ans
2790,M,pierre.moreau@datascope.fr,Commercial,Nice,CDI,2015-07-19,9.5,3722.0,Non,100,44,35-44 ans
2462,F,nicolas.leroy@datascope.fr,Informatique,Marseille,CDI,2015-11-05,9.2,2202.0,Oui,80,51,45-54 ans
1887,M,théo.fournier@datascope.fr,Informatique,Marseille,CDI,2024-07-23,0.4,3579.0,Non,100,52,45-54 ans
1510,M,inès.simon@datascope.fr,Marketing,Strasbourg,Stage,2018-02-05,6.9,900.0,Oui,50,41,35-44 ans
1502,F,nicolas.bernard@datascope.fr,Commercial,Bordeaux,CDI,2016-11-25,8.1,4715.0,Non,100,31,25-34 ans
2223,M,hugo.leroy@datascope.fr,Logistique,Grenoble,CDI,2021-08-16,3.4,3455.0,Non,100,35,35-44 ans
1490,M,louis.leroy@datascope.fr,Opérations,Nantes,Alternance,2021-05-28,3.6,900.0,Non,100,59,55 ans et plus
1261,F,sophie.martin@datascope.fr,Logistique,Toulouse,CDI,2021-10-22,3.2,3000.0,Non,100,28,25-34 ans
2901,M,théo.vincent@datascope.fr,Juridique,Toulouse,CDI,2021-04-27,3.7,2422.0,Non,100,43,35-44 ans
3373,F,lucas.bernard@datascope.fr,Commercial,Strasbourg,CDI,2022-12-27,2.0,1397.0,Non,100,29,25-34 ans
2281,M,julie.vincent@datascope.fr,Juridique,Toulouse,CDI,2018-09-02,6.3,2498.0,Non,100,55,55 ans et plus
2927,F,camille.simon@datascope.fr,Direction,Bordeaux,CDD,2024-05-07,0.7,2296.0,Oui,80,54,45-54 ans
1514,F,romain.leroy@datascope.fr,Direction,Toulouse,CDI,2015-09-03,9.3,3434.0,Oui,50,34,25-34 ans
1594,NB,louis.david@datascope.fr,Marketing,Nice,CDI,2019-04-19,5.7,2084.0,Non,100,48,45-54 ans
2050,F,lucas.richard@datascope.fr,Opérations,Lille,CDI,2018-10-04,6.2,3843.0,Non,100,28,25-34 ans
2365,F,alice.moreau@datascope.fr,Logistique,Lyon,CDI,2023-05-22,1.6,1945.5,Oui,80,51,45-54 ans
2663,F,lucas.dubois@datascope.fr,Informatique,Bordeaux,Alternance,2022-11-07,2.1,900.0,Non,100,51,45-54 ans
3277,F,thomas.moreau@datascope.fr,Commercial,Lille,CDI,2020-11-20,4.1,2290.0,Non,100,41,35-44 ans
2318,M,thomas.laurent@datascope.fr,Marketing,Bordeaux,CDI,2019-03-06,5.8,3129.0,Oui,80,48,45-54 ans
2341,M,inès.vincent@datascope.fr,Opérations,Nice,CDI,2016-05-19,8.6,1776.0,Non,100,39,35-44 ans
1624,M,romain.garcia@datascope.fr,Direction,Nantes,CDI,2020-01-04,5.0,2173.0,Oui,80,53,45-54 ans
1315,F,léa.bertrand@datascope.fr,Juridique,Bordeaux,Alternance,2021-05-07,3.7,900.0,Non,100,40,35-44 ans
3300,M,camille.laurent@datascope.fr,Juridique,Nice,CDI,2015-02-02,9.9,2992.0,Oui,80,27,25-34 ans
1933,M,chloé.moreau@datascope.fr,Juridique,Lyon,CDI,2019-04-21,5.7,2464.0,Non,100,29,25-34 ans
1364,F,sarah.thomas@datascope.fr,Informatique,Lyon,CDI,2015-08-11,9.4,2608.0,Oui,80,44,35-44 ans
1131,F,louis.petit@datascope.fr,Opérations,Bordeaux,CDI,2023-03-30,1.8,2109.0,Oui,50,46,45-54 ans
2178,M,pierre.leroy@datascope.fr,Commercial,Nantes,CDI,2016-01-25,8.9,3149.0,Oui,50,38,35-44 ans
2226,F,chloé.thomas@datascope.fr,Opérations,Nice,CDD,2018-09-02,6.3,2653.0,Non,100,25,25-34 ans
2918,F,camille.roux@datascope.fr,Juridique,Grenoble,CDI,2017-11-06,7.2,3099.0,Non,100,54,45-54 ans
2691,F,nicolas.moreau@datascope.fr,Opérations,Marseille,CDI,2017-02-05,7.9,1537.0,Oui,80,55,55 ans et plus
2758,F,inès.vincent@datascope.fr,Commercial,Paris,CDI,2021-03-25,3.8,3470.0,Oui,50,34,25-34 ans
3210,F,louis.thomas@datascope.fr,R&D,Nantes,CDD,2015-12-22,9.0,1434.0,Non,100,56,55 ans et plus
1719,M,camille.leroy@datascope.fr,Opérations,Toulouse,CDD,2020-04-02,4.7,2480.0,Non,100,45,45-54 ans
1848,F,romain.leroy@datascope.fr,Finance,Nice,CDI,2015-06-14,9.5,3399.0,Non,100,52,45-54 ans
3110,F,théo.richard@datascope.fr,Commercial,Paris,CDI,2020-11-21,4.1,3904.0,Non,100,27,25-34 ans
1008,M,julie.fournier@datascope.fr,Juridique,Paris,CDI,2018-01-11,7.0,3288.0,Non,100,57,55 ans et plus
3226,F,emma.laurent@datascope.fr,Commercial,Toulouse,CDI,2015-07-16,9.5,2138.0,Non,100,57,55 ans et plus
2033,M,lucas.petit@datascope.fr,RH,Nice,CDI,2015-03-04,9.8,3666.0,Non,100,54,45-54 ans
1804,M,romain.david@datascope.fr,Direction,Bordeaux,CDI,2018-11-03,6.2,3014.0,Non,100,45,45-54 ans
2655,F,lucas.martin@datascope.fr,Juridique,Lyon,CDI,2024-08-12,0.4,3060.0,Non,100,30,25-34 ans
2994,F,camille.leroy@datascope.fr,Logistique,Toulouse,CDI,2019-08-01,5.4,2929.0,Oui,50,30,25-34 ans
2093,F,thomas.durand@datascope.fr,R&D,Toulouse,CDI,2018-08-02,6.4,1691.0,Oui,50,45,45-54 ans
2241,M,emma.simon@datascope.fr,Logistique,Strasbourg,CDI,2024-08-23,0.4,2524.0,Non,100,32,25-34 ans
1528,M,lucas.moreau@datascope.fr,Finance,Lille,CDI,2018-04-10,6.7,3585.0,Non,100,31,25-34 ans
1878,F,inès.dubois@datascope.fr,Direction,Paris,CDI,2019-08-09,5.4,3110.0,Non,100,32,25-34 ans
2176,F,nicolas.lefebvre@datascope.fr,Marketing,Paris,CDI,2022-09-10,2.3,2440.0,Oui,80,43,35-44 ans
2875,F,léa.durand@datascope.fr,Commercial,Bordeaux,CDI,2015-03-19,9.8,3249.0,Oui,50,37,35-44 ans
1153,M,romain.robert@datascope.fr,Informatique,Strasbourg,CDI,2019-09-10,5.3,2314.0,Non,100,10,Moins de 25 ans
1035,M,théo.david@datascope.fr,Opérations,Lille,CDI,2024-08-25,0.4,3067.0,Oui,80,30,25-34 ans
1062,M,antoine.bernard@datascope.fr,R&D,Nantes,CDI,2021-01-17,4.0,3471.0,Non,100,36,35-44 ans
1094,F,hugo.leroy@datascope.fr,Informatique,Grenoble,Alternance,2020-02-18,4.9,900.0,Non,100,53,45-54 ans
1216,NB,louis.bernard@datascope.fr,Marketing,Bordeaux,CDD,2016-02-15,8.9,2406.0,Non,100,52,45-54 ans
1299,M,hugo.david@datascope.fr,Logistique,Lille,CDI,2023-11-18,1.1,3243.0,Non,100,31,25-34 ans
2628,F,thomas.laurent@datascope.fr,Logistique,Nice,CDI,2022-08-04,2.4,2421.0,Non,100,50,45-54 ans
2938,F,paul.moreau@datascope.fr,Opérations,Strasbourg,CDI,2020-11-02,4.2,2064.0,Non,100,27,25-34 ans
2508,M,thomas.leroy@datascope.fr,Direction,Lyon,Alternance,2023-03-13,1.8,900.0,Non,100,54,45-54 ans
2156,F,léa.thomas@datascope.fr,Logistique,Lyon,CDI,2024-09-05,0.3,2177.0,Non,100,47,45-54 ans
1956,M,inès.robert@datascope.fr,Opérations,Grenoble,CDD,2016-08-14,8.4,2840.0,Oui,50,52,45-54 ans
1084,F,lucas.laurent@datascope.fr,Logistique,Marseille,CDI,2017-08-02,7.4,2499.0,Non,100,36,35-44 ans
1257,F,julie.dubois@datascope.fr,Finance,Strasbourg,CDI,2020-01-13,5.0,2518.0,Non,100,36,35-44 ans
2562,F,sarah.richard@datascope.fr,Opérations,Lille,CDI,2020-10-26,4.2,3297.0,Non,100,25,25-34 ans
1600,F,romain.petit@datascope.fr,R&D,Toulouse,CDI,2022-10-18,2.2,2606.0,Oui,80,53,45-54 ans
1764,NB,sophie.vincent@datascope.fr,Informatique,Nantes,CDI,2015-01-20,9.9,2522.0,Non,100,59,55 ans et plus
1247,M,léa.moreaudatascope.fr,HR,Lille,CDI,2020-04-17,4.7,0.0,Non,100,14,Moins de 25 ans
1184,M,paul.fournier@datascope.fr,Informatique,Lyon,CDD,2022-07-31,2.4,1962.0,Oui,80,56,55 ans et plus
2759,F,julie.david@datascope.fr,RH,Paris,CDI,2015-11-24,9.1,3050.0,Non,100,57,55 ans et plus
2425,F,antoine.bertrand@datascope.fr,Finance,Lyon,CDI,2016-02-05,8.9,2203.0,Non,100,50,45-54 ans
2558,F,louis.garcia@datascope.fr,Logistique,Lyon,CDI,2022-08-08,2.4,2277.0,Non,100,28,25-34 ans
2965,NB,léa.martin@datascope.fr,Informatique,Nice,CDI,2019-06-13,5.6,2081.0,Non,100,58,55 ans et plus
1829,F,alice.laurent@datascope.fr,Opérations,Lille,Interim,2022-11-21,2.1,2129.0,Non,100,41,35-44 ans
2529,F,thomas.dubois@datascope.fr,Direction,Paris,CDD,2017-08-17,7.4,3013.0,Non,100,26,25-34 ans
1324,M,hugo.durand@datascope.fr,Informatique,Grenoble,Alternance,2023-10-29,1.2,960.0,Non,100,38,35-44 ans
1818,M,marie.vincent@datascope.fr,Marketing,Bordeaux,CDI,2019-07-22,5.4,2692.0,Non,100,10,Moins de 25 ans
2572,M,pierre.dubois@datascope.fr,Marketing,Marseille,Interim,2020-02-15,4.9,1793.0,Non,100,38,35-44 ans
2699,F,louis.bertrand@datascope.fr,Marketing,Nantes,CDI,2018-04-10,6.7,1858.0,Oui,80,24,Moins de 25 ans
1736,M,emma.simon@datascope.fr,Opérations,Marseille,CDI,2016-09-17,8.3,2360.0,Oui,50,51,45-54 ans
1987,F,thomas.dubois@datascope.fr,Finance,Grenoble,CDI,2016-09-08,8.3,3024.0,Oui,80,29,25-34 ans
3102,F,paul.bernard@datascope.fr,RH,Nantes,CDI,2021-10-08,3.2,2777.0,Non,100,49,45-54 ans
2733,M,pierre.simon@datascope.fr,Marketing,Lyon,Alternance,2023-07-23,1.4,900.0,Oui,50,58,55 ans et plus
2200,M,louis.richard@datascope.fr,Commercial,Lyon,CDI,2017-11-24,7.1,2939.0,Non,100,58,55 ans et plus
2531,M,alice.leroy@datascope.fr,Informatique,Grenoble,CDI,2024-11-09,0.1,2851.0,Non,100,33,25-34 ans
1446,M,romain.durand@datascope.fr,R&D,Toulouse,CDD,2019-09-11,5.3,1705.0,Oui,80,42,35-44 ans
3273,M,louis.simon@datascope.fr,Finance,Toulouse,CDI,2024-12-23,0.0,3226.0,Oui,80,50,45-54 ans
3054,M,pierre.roux@datascope.fr,Marketing,Strasbourg,CDI,2021-08-15,3.4,3000.0,Non,100,31,25-34 ans
1931,F,marie.laurent@datascope.fr,Finance,Marseille,CDI,2018-10-12,6.2,2515.0,Non,100,44,35-44 ans
1935,F,sarah.dubois@datascope.fr,Direction,Strasbourg,Stage,2022-03-16,2.8,900.0,Oui,80,34,25-34 ans
1588,M,théo.durand@datascope.fr,R&D,Nice,CDD,2020-04-23,4.7,3129.0,Non,100,40,35-44 ans
2727,M,chloé.martin@datascope.fr,Marketing,Bordeaux,CDD,2023-07-07,1.5,1428.0,Non,100,53,45-54 ans
1386,F,marie.martin@datascope.fr,Juridique,Marseille,Interim,2024-11-19,0.1,2367.0,Oui,50,31,25-34 ans
2392,F,léa.simon@datascope.fr,Finance,Bordeaux,Alternance,2016-07-09,8.5,1234.0,Non,100,54,45-54 ans
2991,M,romain.petit@datascope.fr,Opérations,Lyon,CDI,2015-12-11,9.1,3591.0,Non,100,45,45-54 ans
1682,F,sophie.roux@datascope.fr,Logistique,Marseille,CDI,2021-11-26,3.1,2971.0,Oui,80,27,25-34 ans
1870,NB,nicolas.david@datascope.fr,Juridique,Nice,Alternance,2022-12-31,2.0,1117.0,Oui,50,24,Moins de 25 ans
1777,F,pierre.fournier@datascope.fr,R&D,Bordeaux,CDD,2015-02-28,9.8,1722.0,Oui,80,45,45-54 ans
1885,F,louis.bertrand@datascope.fr,Finance,Nantes,CDI,2018-11-30,6.1,2318.0,Oui,50,51,45-54 ans
1029,F,camille.dubois@datascope.fr,Finance,Nice,CDI,2021-10-09,3.2,3224.0,Oui,50,28,25-34 ans
1140,F,thomas.lefebvre@datascope.fr,Marketing,Paris,Stage,2022-12-08,2.1,900.0,Non,100,36,35-44 ans
2618,NB,alice.lefebvre@datascope.fr,Finance,Strasbourg,CDD,2015-02-20,9.9,2596.0,Non,100,52,45-54 ans
1336,M,louis.martin@datascope.fr,Finance,Nice,CDD,2017-09-20,7.3,2476.0,Non,100,56,55 ans et plus
1651,M,inès.simon@datascope.fr,RH,Strasbourg,CDD,2015-06-27,9.5,2102.0,Non,100,56,55 ans et plus
2794,M,marie.richard@datascope.fr,Marketing,Lyon,CDI,2020-11-12,4.1,4144.0,Non,100,31,25-34 ans
1908,M,sarah.thomas@datascope.fr,Commercial,Nice,Stage,2020-05-04,4.7,900.0,Non,100,58,55 ans et plus
1918,M,romain.david@datascope.fr,Informatique,Paris,CDI,2015-10-19,9.2,2608.0,Non,100,59,55 ans et plus
1480,F,emma.thomas@datascope.fr,R&D,Lille,CDI,2018-07-18,6.5,3403.0,Non,100,39,35-44 ans
2352,F,antoine.bertrand@datascope.fr,R&D,Paris,CDD,2022-05-16,2.6,2639.0,Non,100,24,Moins de 25 ans
1558,F,paul.vincent@datascope.fr,RH,Toulouse,CDI,2020-06-09,4.6,1622.0,Oui,80,57,55 ans et plus
1574,M,théo.garcia@datascope.fr,Juridique,Strasbourg,CDI,2015-04-13,9.7,2759.0,Non,100,39,35-44 ans
2995,F,sarah.lefebvre@datascope.fr,Finance,Marseille,CDI,2022-12-14,2.0,3071.0,Non,100,38,35-44 ans
1516,F,julie.bernard@datascope.fr,Informatique,Bordeaux,Stage,2018-05-16,6.6,900.0,Oui,80,54,45-54 ans
2826,F,marie.leroy@datascope.fr,Marketing,Lyon,CDI,2019-03-11,5.8,3426.0,Non,100,45,45-54 ans
1610,M,chloé.michel@datascope.fr,Operations,Lille,CDI,2022-05-21,2.6,0.0,Oui,80,12,Moins de 25 ans
1471,F,léa.thomas@datascope.fr,Commercial,Lyon,Stage,2024-11-27,0.1,900.0,Non,100,48,45-54 ans
1038,M,lucas.bernard@datascope.fr,Informatique,Strasbourg,Alternance,2017-02-23,7.9,942.0,Oui,50,38,35-44 ans
1601,M,louis.simon@datascope.fr,Juridique,Marseille,CDI,2019-05-13,5.6,1574.0,Non,100,49,45-54 ans
3121,F,louis.roux@datascope.fr,Direction,Strasbourg,CDI,2023-11-05,1.2,2603.0,Oui,50,29,25-34 ans
3074,F,hugo.vincent@datascope.fr,Finance,Nantes,CDI,2016-07-09,8.5,3437.0,Oui,50,27,25-34 ans
1294,F,emma.petit@datascope.fr,RH,Marseille,CDI,2021-11-21,3.1,1595.0,Non,100,58,55 ans et plus
1208,M,pierre.leroy@datascope.fr,RH,Bordeaux,CDI,2015-04-10,9.7,3173.0,Non,100,33,25-34 ans
1567,F,théo.richard@datascope.fr,Informatique,Nice,CDI,2020-12-30,4.0,2744.0,Non,100,30,25-34 ans
2521,M,sarah.thomas@datascope.fr,Juridique,Lyon,CDI,2024-06-14,0.5,2728.0,Non,100,52,45-54 ans
3329,M,louis.petit@datascope.fr,Juridique,Marseille,CDI,2019-01-23,5.9,2564.0,Non,100,50,45-54 ans
2986,M,inès.martin@datascope.fr,Logistique,Grenoble,CDI,2023-09-21,1.3,2891.0,Non,100,58,55 ans et plus
3012,M,lucas.vincent@datascope.fr,RH,Lyon,CDD,2018-02-06,6.9,1673.0,Non,100,50,45-54 ans
1988,F,paul.roux@datascope.fr,R&D,Strasbourg,CDI,2017-12-24,7.0,3769.0,Oui,50,30,25-34 ans
1349,M,léa.bernard@datascope.fr,Commercial,Toulouse,CDI,2015-09-28,9.3,3501.0,Non,100,44,35-44 ans
2968,M,emma.richard@datascope.fr,RH,Strasbourg,Stage,2020-11-15,4.1,900.0,Non,100,41,35-44 ans
2205,M,louis.michel@datascope.fr,Logistique,Strasbourg,CDI,2022-06-26,2.5,3654.0,Oui,50,28,25-34 ans
1565,M,thomas.martin@datascope.fr,Marketing,Lille,CDI,2023-07-21,1.4,2476.0,Non,100,42,35-44 ans
3369,F,pierre.roux@datascope.fr,R&D,Paris,CDD,2016-08-07,8.4,1899.0,Non,100,59,55 ans et plus
2084,M,inès.garcia@datascope.fr,Opérations,Lyon,CDD,2019-08-10,5.4,2362.0,Non,100,44,35-44 ans
2248,M,sarah.garcia@datascope.fr,Logistique,Bordeaux,CDI,2015-05-24,9.6,3277.0,Oui,80,25,25-34 ans
1776,M,antoine.durand@datascope.fr,Marketing,Marseille,CDD,2015-03-20,9.8,2599.0,Oui,50,41,35-44 ans
3380,M,alice.dubois@datascope.fr,RH,Nantes,CDI,2018-05-11,6.6,2983.0,Non,100,53,45-54 ans
2631,F,antoine.martin@datascope.fr,Finance,Marseille,CDI,2015-08-29,9.3,2607.0,Non,100,52,45-54 ans
3225,NB,julie.thomas@datascope.fr,Informatique,Lille,Stage,2024-09-10,0.3,900.0,Oui,80,37,35-44 ans
1396,F,louis.robert@datascope.fr,R&D,Toulouse,CDI,2023-03-13,1.8,3233.0,Oui,50,42,35-44 ans
3037,F,julie.durand@datascope.fr,RH,Strasbourg,CDI,2020-01-31,4.9,2772.0,Oui,50,59,55 ans et plus
3095,M,louis.bertrand@datascope.fr,Marketing,Paris,CDI,2018-08-08,6.4,900.0,Non,100,48,45-54 ans
3260,NB,lucas.moreau@datascope.fr,Marketing,Paris,CDI,2024-06-29,0.5,3625.0,Non,100,48,45-54 ans
2471,M,alice.garcia@datascope.fr,Direction,Grenoble,CDI,2020-02-01,4.9,3186.0,Non,100,34,25-34 ans
2275,M,théo.durand@datascope.fr,Direction,Lyon,CDI,2021-09-30,3.3,2477.0,Non,100,39,35-44 ans
1606,NB,thomas.garcia@datascope.fr,Juridique,Strasbourg,Interim,2015-04-11,9.7,2209.0,Non,100,42,35-44 ans
2972,M,théo.michel@datascope.fr,Marketing,Toulouse,Alternance,2023-01-24,1.9,1003.0,Non,100,41,35-44 ans
2117,M,nicolas.roux@datascope.fr,Opérations,Bordeaux,CDI,2017-07-22,7.4,1837.0,Oui,80,32,25-34 ans
3354,M,camille.david@datascope.fr,Marketing,Toulouse,CDI,2021-03-12,3.8,2414.0,Non,100,48,45-54 ans
2987,M,sarah.richard@datascope.fr,Logistique,Lyon,CDI,2020-01-24,4.9,3390.0,Non,100,28,25-34 ans
1603,F,nicolas.dubois@datascope.fr,Marketing,Lille,CDI,2016-12-14,8.0,3748.0,Non,100,24,Moins de 25 ans
1129,M,camille.lefebvre@datascope.fr,Informatique,Lyon,Stage,2017-01-16,8.0,900.0,Oui,80,28,25-34 ans
1771,M,paul.roux@datascope.fr,Commercial,Grenoble,Alternance,2018-05-29,6.6,951.0,Non,100,33,25-34 ans
3089,M,sarah.leroy@datascope.fr,Juridique,Grenoble,CDI,2017-11-22,7.1,2967.0,Non,100,51,45-54 ans
1272,F,paul.laurent@datascope.fr,R&D,Nantes,Stage,2020-02-12,4.9,900.0,Non,100,57,55 ans et plus
1835,M,lucas.michel@datascope.fr,Logistique,Strasbourg,Alternance,2017-08-11,7.4,1267.0,Non,100,35,35-44 ans
2569,M,antoine.richard@datascope.fr,Direction,Strasbourg,Alternance,2024-11-16,0.1,1671.0,Non,100,50,45-54 ans
1326,M,thomas.bernard@datascope.fr,Opérations,Grenoble,CDD,2019-06-28,5.5,3099.0,Non,100,47,45-54 ans
2873,F,emma.bertrand@datascope.fr,Direction,Lyon,CDD,2015-02-06,9.9,1626.0,Oui,50,41,35-44 ans
1641,F,inès.duranddatascope.fr,Logistics,Bordeaux,CDI,2017-09-20,-0.2,0.0,Non,100,12,Moins de 25 ans
2104,F,inès.bertrand@datascope.fr,Direction,Lyon,Alternance,2021-06-16,3.5,1452.0,Non,100,36,35-44 ans
1720,M,sophie.bertrand@datascope.fr,Logistique,Lille,CDD,2019-10-20,5.2,2499.0,Non,100,40,35-44 ans
2237,F,camille.bertrand@datascope.fr,RH,Lyon,Interim,2015-12-12,9.1,2709.0,Non,100,39,35-44 ans
2936,F,chloé.michel@datascope.fr,Direction,Toulouse,CDI,2022-09-12,2.3,2873.0,Oui,50,31,25-34 ans
2029,F,théo.fournier@datascope.fr,Commercial,Bordeaux,Alternance,2020-01-07,5.0,1408.0,Oui,50,26,25-34 ans
3071,F,paul.garcia@datascope.fr,Direction,Nice,Alternance,2017-02-01,7.9,1209.0,Non,100,59,55 ans et plus
1943,F,antoine.richard@datascope.fr,R&D,Bordeaux,CDI,2017-07-29,7.4,2893.0,Non,100,27,25-34 ans
3087,M,nicolas.moreau@datascope.fr,R&D,Lille,CDI,2017-04-16,7.7,2923.0,Non,100,27,25-34 ans
1708,F,chloé.robert@datascope.fr,Marketing,Marseille,CDD,2016-12-13,8.0,2909.0,Oui,50,47,45-54 ans
2877,M,sophie.robert@datascope.fr,Opérations,Toulouse,CDI,2023-09-10,1.3,2545.0,Non,100,40,35-44 ans
3359,M,romain.laurent@datascope.fr,Commercial,Marseille,Alternance,2021-05-19,3.6,1481.0,Non,100,30,25-34 ans
3093,M,lucas.moreau@datascope.fr,Informatique,Toulouse,Alternance,2015-06-08,9.6,1629.0,Oui,50,32,25-34 ans
2534,M,nicolas.martin@datascope.fr,Finance,Marseille,CDI,2017-08-12,7.4,3251.0,Oui,80,47,45-54 ans
2397,M,antoine.durand@datascope.fr,Logistique,Grenoble,CDI,2017-06-15,7.5,1584.0,Non,100,28,25-34 ans
2064,F,léa.laurent@datascope.fr,Commercial,Bordeaux,CDI,2024-05-21,0.6,2970.0,Oui,80,50,45-54 ans
1190,F,emma.laurent@datascope.fr,R&D,Paris,CDD,2017-08-03,7.4,2043.0,Oui,50,32,25-34 ans
2492,F,chloé.petit@datascope.fr,Commercial,Marseille,CDI,2016-12-17,8.0,1765.0,Oui,80,41,35-44 ans
2276,F,camille.roux@datascope.fr,Informatique,Strasbourg,CDD,2023-11-08,1.1,1466.0,Non,100,47,45-54 ans
2528,M,chloé.bertrand@datascope.fr,Informatique,Lille,Stage,2019-03-29,5.8,900.0,Oui,50,51,45-54 ans
2942,M,paul.dubois@datascope.fr,Commercial,Nice,Alternance,2020-04-09,4.7,1212.0,Oui,50,57,55 ans et plus
2984,M,théo.garcia@datascope.fr,Juridique,Lyon,CDI,2019-02-22,5.9,2686.0,Non,100,42,35-44 ans
1755,M,paul.michel@datascope.fr,RH,Grenoble,CDD,2019-06-17,5.5,2335.0,Non,100,57,55 ans et plus
1564,M,théo.durand@datascope.fr,RH,Nice,CDI,2015-08-04,9.4,3098.5,Oui,80,29,25-34 ans
2067,M,chloé.moreaudatascope.fr,Management,Lille,Alternance,2019-07-31,5.4,0.0,Oui,80,10,Moins de 25 ans
2401,F,théo.bertrand@datascope.fr,RH,Lille,Alternance,2015-09-23,9.3,1267.0,Non,100,32,25-34 ans
1142,F,louis.durand@datascope.fr,RH,Nice,CDI,2024-07-26,0.4,2966.0,Non,100,34,25-34 ans
2779,F,romain.simon@datascope.fr,Commercial,Strasbourg,Alternance,2019-09-22,5.3,1321.0,Non,100,47,45-54 ans
1858,F,léa.durand@datascope.fr,Commercial,Grenoble,CDI,2018-09-12,6.3,3083.0,Oui,50,27,25-34 ans
2169,M,camille.leroy@datascope.fr,Informatique,Marseille,CDI,2023-03-21,1.8,2900.0,Non,100,52,45-54 ans
2726,F,hugo.thomas@datascope.fr,Informatique,Lyon,CDI,2017-03-28,7.8,2639.0,Non,100,49,45-54 ans
2763,F,lucas.richard@datascope.fr,Direction,Grenoble,Stage,2021-09-22,3.3,900.0,Oui,50,27,25-34 ans
1078,M,léa.bernard@datascope.fr,Direction,Strasbourg,CDD,2022-10-18,2.2,2690.0,Non,100,31,25-34 ans
1479,M,léa.durand@datascope.fr,RH,Strasbourg,CDI,2023-03-02,1.8,3184.0,Oui,80,29,25-34 ans
1559,M,inès.michel@datascope.fr,Informatique,Lyon,CDI,2019-07-03,5.5,3713.0,Non,100,28,25-34 ans
3083,NB,marie.bernard@datascope.fr,RH,Nice,CDI,2019-06-15,5.5,2986.0,Oui,80,38,35-44 ans
1855,M,sarah.fournier@datascope.fr,Commercial,Nantes,CDI,2017-05-21,7.6,2550.0,Oui,80,42,35-44 ans
3389,M,alice.laurent@datascope.fr,Finance,Paris,CDI,2021-03-15,3.8,2211.0,Non,100,29,25-34 ans
1305,M,camille.petit@datascope.fr,Logistique,Bordeaux,CDD,2017-09-05,7.3,2340.0,Oui,50,46,45-54 ans
1828,M,alice.richard@datascope.fr,Commercial,Marseille,CDI,2020-11-27,4.1,1683.0,Oui,80,36,35-44 ans
2955,F,antoine.simon@datascope.fr,Juridique,Bordeaux,Alternance,2019-09-14,5.3,900.0,Non,100,30,25-34 ans
2494,F,antoine.dubois@datascope.fr,Finance,Nantes,CDD,2022-07-30,2.4,1942.0,Oui,80,44,35-44 ans
1799,F,sophie.laurent@datascope.fr,Marketing,Marseille,CDI,2017-10-04,7.2,3239.0,Non,100,54,45-54 ans
3257,F,emma.robert@datascope.fr,Finance,Toulouse,Alternance,2021-07-15,3.5,900.0,Non,100,55,55 ans et plus
3168,F,théo.robert@datascope.fr,Marketing,Lyon,CDI,2022-01-13,3.0,1750.0,Non,100,35,35-44 ans
2838,M,lucas.durand@datascope.fr,Informatique,Bordeaux,CDI,2018-07-08,6.5,3781.0,Oui,50,26,25-34 ans
2137,M,inès.garcia@datascope.fr,R&D,Paris,CDI,2021-08-27,3.3,3593.0,Non,100,54,45-54 ans
2460,F,hugo.martin@datascope.fr,RH,Lyon,Alternance,2023-09-21,1.3,1410.0,Non,100,43,35-44 ans
2846,M,romain.laurent@datascope.fr,Marketing,Bordeaux,CDI,2023-06-28,1.5,2258.0,Oui,80,39,35-44 ans
2213,F,antoine.bertrand@datascope.fr,Juridique,Grenoble,Stage,2016-07-18,8.5,900.0,Non,100,53,45-54 ans
1837,M,antoine.simon@datascope.fr,Direction,Lille,Interim,2024-11-09,0.1,1658.0,Oui,50,57,55 ans et plus
2702,NB,camille.thomas@datascope.fr,Logistique,Lille,CDD,2016-07-16,8.5,1699.0,Non,100,46,45-54 ans
1136,M,chloé.bertranddatascope.fr,HR,Lille,Stage,2020-02-01,4.9,0.0,Oui,80,14,Moins de 25 ans
1343,NB,hugo.simon@datascope.fr,Marketing,Lille,Alternance,2021-09-26,3.3,1187.0,Non,100,25,25-34 ans
2477,M,emma.durand@datascope.fr,Direction,Nantes,CDI,2015-03-19,9.8,2579.0,Oui,50,42,35-44 ans
1638,M,hugo.david@datascope.fr,Opérations,Grenoble,CDI,2020-07-26,4.4,2003.0,Oui,80,42,35-44 ans
1639,M,camille.michel@datascope.fr,Juridique,Paris,CDI,2020-12-10,4.1,2703.0,Non,100,54,45-54 ans
2089,M,julie.robert@datascope.fr,Commercial,Paris,CDI,2020-05-06,4.7,1874.0,Non,100,43,35-44 ans
2210,M,julie.michel@datascope.fr,Opérations,Strasbourg,CDD,2022-03-08,2.8,2920.0,Non,100,52,45-54 ans
2841,F,sarah.lefebvre@datascope.fr,Juridique,Grenoble,CDI,2021-11-20,3.1,3524.0,Oui,80,49,45-54 ans
1699,M,paul.simon@datascope.fr,Finance,Lyon,CDI,2021-09-23,3.3,2766.0,Oui,80,26,25-34 ans
1007,F,pierre.durand@datascope.fr,Marketing,Toulouse,CDI,2024-11-04,0.2,3224.0,Oui,50,51,45-54 ans
1116,M,chloé.michel@datascope.fr,Finance,Strasbourg,CDD,2016-03-12,8.8,3275.0,Oui,50,43,35-44 ans
1654,F,thomas.roux@datascope.fr,Marketing,Marseille,CDI,2016-12-07,8.1,3276.0,Non,100,41,35-44 ans
2912,M,antoine.robert@datascope.fr,Marketing,Lyon,CDI,2022-10-29,2.2,1648.0,Oui,50,37,35-44 ans
2160,F,inès.lefebvre@datascope.fr,Logistique,Lyon,CDI,2022-06-08,2.6,2176.0,Non,100,52,45-54 ans
1961,M,paul.garcia@datascope.fr,R&D,Lyon,CDD,2015-08-24,9.4,3448.0,Non,100,33,25-34 ans
1733,F,nicolas.vincent@datascope.fr,RH,Grenoble,CDD,2021-09-19,3.3,1357.0,Non,100,57,55 ans et plus
2902,NB,alice.david@datascope.fr,R&D,Nice,CDI,2023-04-22,1.7,2453.0,Oui,80,51,45-54 ans
3218,M,sarah.vincent@datascope.fr,Logistique,Toulouse,CDD,2022-11-05,2.2,2935.0,Non,100,39,35-44 ans
3035,F,chloé.bernard@datascope.fr,Logistique,Bordeaux,CDD,2018-10-11,6.2,1615.0,Non,100,43,35-44 ans
1339,M,paul.petit@datascope.fr,RH,Toulouse,CDD,2019-02-07,5.9,2701.0,Non,100,59,55 ans et plus
1648,NB,sarah.lefebvre@datascope.fr,Commercial,Bordeaux,CDD,2015-09-24,9.3,2304.0,Non,100,36,35-44 ans
2834,F,théo.fournier@datascope.fr,Opérations,Nantes,CDI,2019-06-16,5.5,1880.0,Oui,80,51,45-54 ans
2626,F,chloé.garcia@datascope.fr,Commercial,Nantes,CDI,2015-06-26,9.5,3369.0,Non,100,40,35-44 ans
2253,M,julie.garcia@datascope.fr,Informatique,Lille,Alternance,2019-05-11,5.6,900.0,Oui,80,27,25-34 ans
2427,M,thomas.richard@datascope.fr,Direction,Bordeaux,CDI,2021-07-17,3.5,2376.0,Oui,50,34,25-34 ans
3222,NB,chloé.garcia@datascope.fr,Opérations,Strasbourg,CDI,2016-02-14,8.9,2903.0,Non,100,37,35-44 ans
2107,F,camille.richard@datascope.fr,R&D,Lyon,Stage,2016-10-04,8.2,900.0,Non,100,52,45-54 ans
2463,M,emma.petit@datascope.fr,Logistique,Grenoble,CDI,2016-07-25,8.4,2487.0,Oui,50,30,25-34 ans
2499,M,lucas.richard@datascope.fr,Informatique,Lyon,CDD,2023-03-11,1.8,2020.0,Non,100,53,45-54 ans
2931,M,lucas.moreau@datascope.fr,R&D,Toulouse,CDI,2015-07-23,9.4,2945.0,Non,100,53,45-54 ans
1089,F,romain.durand@datascope.fr,Informatique,Nantes,Stage,2023-09-14,1.3,900.0,Oui,80,43,35-44 ans
1088,F,théo.lefebvre@datascope.fr,Opérations,Toulouse,CDI,2024-10-17,0.2,1886.0,Oui,80,52,45-54 ans
3334,F,alice.lefebvredatascope.fr,Management,Paris,CDI,2024-10-01,0.2,0.0,Non,100,9,Moins de 25 ans
3005,F,louis.martin@datascope.fr,Informatique,Lyon,CDI,2021-11-17,3.1,2517.0,Non,100,55,55 ans et plus
2885,F,nicolas.martin@datascope.fr,R&D,Paris,CDI,2022-07-09,2.5,2928.0,Oui,50,51,45-54 ans
3284,F,pierre.robertdatascope.fr,R&D,Nice,CDI,2017-08-28,7.3,2546.0,Non,100,11,Moins de 25 ans
1958,M,nicolas.martin@datascope.fr,Marketing,Grenoble,CDI,2020-12-20,4.0,2957.0,Non,100,48,45-54 ans
2555,F,marie.thomas@datascope.fr,Finance,Toulouse,CDD,2018-05-21,6.6,1924.0,Non,100,31,25-34 ans
2805,M,inès.leroy@datascope.fr,Opérations,Grenoble,CDD,2022-09-29,2.3,3251.0,Non,100,38,35-44 ans
1205,M,sophie.garcia@datascope.fr,RH,Bordeaux,CDI,2019-08-03,5.4,3213.0,Oui,50,33,25-34 ans
2514,F,alice.lefebvre@datascope.fr,R&D,Marseille,CDD,2016-10-14,8.2,2836.0,Non,100,47,45-54 ans
2271,M,chloé.moreau@datascope.fr,Juridique,Paris,Alternance,2017-01-17,8.0,1249.0,Non,100,56,55 ans et plus
1729,F,romain.fournier@datascope.fr,Opérations,Lille,CDD,2024-09-18,0.3,2364.0,Oui,50,53,45-54 ans
1313,M,alice.simon@datascope.fr,Juridique,Toulouse,CDI,2015-05-14,9.6,3138.0,Oui,50,34,25-34 ans
2384,M,alice.martin@datascope.fr,Opérations,Bordeaux,CDD,2019-07-27,5.4,3873.0,Oui,80,28,25-34 ans
2683,NB,marie.martin@datascope.fr,Informatique,Bordeaux,CDD,2017-01-08,8.0,1986.0,Non,100,40,35-44 ans
3258,M,sarah.robert@datascope.fr,Opérations,Paris,CDI,2024-11-02,0.2,2024.0,Non,100,29,25-34 ans
3387,M,lucas.roux@datascope.fr,Commercial,Toulouse,CDI,2019-04-07,5.7,3507.0,Non,100,40,35-44 ans
1022,M,sarah.david@datascope.fr,Finance,Bordeaux,CDI,2023-02-28,1.8,2669.0,Non,100,56,55 ans et plus
1087,F,théo.moreau@datascope.fr,Juridique,Nice,CDI,2018-01-04,7.0,2569.0,Non,100,46,45-54 ans
1801,F,emma.bertrand@datascope.fr,Operations,Toulouse,CDI,2015-02-18,9.9,0.0,Oui,50,10,Moins de 25 ans
2643,M,antoine.garcia@datascope.fr,Finance,Lyon,CDI,2018-05-31,6.6,2433.0,Oui,80,30,25-34 ans
2194,F,antoine.moreau@datascope.fr,Juridique,Toulouse,CDD,2024-07-23,0.4,2779.0,Non,100,46,45-54 ans
3194,F,thomas.simon@datascope.fr,R&D,Toulouse,CDI,2023-07-22,1.4,2926.0,Non,100,24,Moins de 25 ans
2407,F,alice.thomas@datascope.fr,Informatique,Nice,Stage,2020-11-12,4.1,900.0,Non,100,35,35-44 ans
2738,M,romain.bertrand@datascope.fr,Logistique,Grenoble,CDD,2022-10-11,2.2,1501.0,Non,100,36,35-44 ans
2085,M,hugo.bertrand@datascope.fr,Juridique,Lyon,CDD,2015-07-21,9.4,3407.0,Non,100,28,25-34 ans
1622,F,alice.robert@datascope.fr,R&D,Lille,Alternance,2015-03-16,9.8,1015.0,Non,100,26,25-34 ans
2476,F,sarah.bernard@datascope.fr,Finance,Paris,CDI,2021-08-26,3.3,3128.0,Non,100,36,35-44 ans
2604,F,romain.roux@datascope.fr,Commercial,Bordeaux,Alternance,2022-07-07,2.5,936.0,Non,100,25,25-34 ans
3165,F,alice.laurent@datascope.fr,Finance,Marseille,CDI,2018-08-11,6.4,4254.0,Non,100,30,25-34 ans
2720,M,théo.thomas@datascope.fr,Marketing,Bordeaux,CDI,2018-08-29,6.3,2863.0,Oui,80,40,35-44 ans
3280,M,julie.thomas@datascope.fr,Informatique,Nantes,CDI,2019-03-28,5.8,1979.0,Oui,80,34,25-34 ans
1661,M,pierre.robert@datascope.fr,Direction,Marseille,CDD,2020-02-05,4.9,2452.0,Oui,80,34,25-34 ans
2259,M,alice.leroy@datascope.fr,Opérations,Strasbourg,CDI,2020-11-25,4.1,2066.0,Non,100,29,25-34 ans
3050,M,hugo.dubois@datascope.fr,Juridique,Strasbourg,Alternance,2020-07-08,4.5,1050.0,Non,100,35,35-44 ans
2932,F,julie.roux@datascope.fr,Direction,Nantes,CDI,2021-09-23,3.3,2189.0,Non,100,36,35-44 ans
2092,F,pierre.dubois@datascope.fr,Opérations,Grenoble,CDI,2021-08-14,3.4,2843.0,Non,100,41,35-44 ans
1042,M,camille.michel@datascope.fr,Juridique,Marseille,CDI,2015-02-03,9.9,2729.0,Non,100,50,45-54 ans
1382,F,paul.petit@datascope.fr,Marketing,Nice,CDI,2020-03-07,4.8,2979.0,Non,100,53,45-54 ans
1045,M,thomas.leroy@datascope.fr,Juridique,Marseille,Stage,2016-08-03,8.4,900.0,Oui,50,46,45-54 ans
2978,F,sophie.lefebvre@datascope.fr,RH,Marseille,CDI,2021-03-08,3.8,2989.0,Non,100,31,25-34 ans
1867,M,paul.petit@datascope.fr,Commercial,Strasbourg,CDI,2021-02-01,3.9,2290.0,Non,100,46,45-54 ans
1814,F,marie.robert@datascope.fr,Marketing,Bordeaux,CDD,2017-07-13,7.5,2436.0,Oui,80,55,55 ans et plus
3378,F,paul.petitdatascope.fr,Sales,Bordeaux,CDI,2019-12-17,-1.7,0.0,Non,100,11,Moins de 25 ans
1505,M,marie.martin@datascope.fr,R&D,Lyon,CDI,2021-01-23,3.9,2289.0,Oui,80,24,Moins de 25 ans
2458,F,théo.michel@datascope.fr,Commercial,Grenoble,CDI,2015-10-31,9.2,1312.0,Oui,50,50,45-54 ans
1518,F,théo.richard@datascope.fr,Commercial,Lyon,CDI,2019-12-29,5.0,2703.0,Non,100,28,25-34 ans
1942,NB,théo.bertrand@datascope.fr,R&D,Bordeaux,CDD,2021-06-14,3.5,2302.0,Non,100,47,45-54 ans
1173,M,paul.roux@datascope.fr,Logistique,Marseille,CDI,2020-05-26,4.6,2182.0,Non,100,41,35-44 ans
2380,M,camille.dubois@datascope.fr,R&D,Strasbourg,CDD,2019-07-10,5.5,3105.0,Non,100,25,25-34 ans
3043,F,julie.michel@datascope.fr,Finance,Paris,CDI,2022-11-24,2.1,3430.0,Non,100,57,55 ans et plus
2768,F,antoine.laurent@datascope.fr,R&D,Nantes,CDI,2023-08-12,1.4,1320.0,Oui,50,52,45-54 ans
2312,F,hugo.laurent@datascope.fr,Juridique,Paris,CDI,2023-10-23,1.2,2245.0,Oui,50,47,45-54 ans
2882,F,hugo.robert@datascope.fr,Commercial,Nice,Alternance,2015-07-12,9.5,1220.0,Non,100,46,45-54 ans
2644,F,paul.leroy@datascope.fr,Finance,Grenoble,CDI,2021-05-25,3.6,3210.0,Non,100,30,25-34 ans
2303,M,marie.garcia@datascope.fr,Juridique,Nantes,Interim,2016-11-29,8.1,2695.0,Oui,80,33,25-34 ans
2065,F,camille.thomas@datascope.fr,Opérations,Nantes,CDI,2016-11-30,8.1,3039.0,Non,100,25,25-34 ans
1465,F,sophie.robert@datascope.fr,Marketing,Bordeaux,CDI,2023-08-20,1.4,3493.0,Non,100,51,45-54 ans
2003,M,nicolas.fournier@datascope.fr,R&D,Lyon,Alternance,2020-02-28,4.8,1736.0,Oui,80,56,55 ans et plus
3339,M,chloé.moreau@datascope.fr,Informatique,Marseille,CDI,2024-06-16,0.5,3992.0,Non,100,42,35-44 ans
1316,F,emma.bernard@datascope.fr,Finance,Paris,CDI,2018-10-03,6.2,3381.0,Non,100,32,25-34 ans
3301,F,romain.bertrand@datascope.fr,Marketing,Grenoble,CDI,2017-05-30,7.6,2341.0,Non,100,24,Moins de 25 ans
3101,M,antoine.lefebvre@datascope.fr,Informatique,Marseille,CDI,2024-07-20,0.4,3904.0,Oui,80,35,35-44 ans
1634,F,sophie.bernard@datascope.fr,Logistique,Toulouse,CDI,2024-05-09,0.6,1218.0,Oui,50,59,55 ans et plus
2836,M,thomas.michel@datascope.fr,Finance,Paris,Alternance,2016-08-23,8.4,900.0,Non,100,55,55 ans et plus
2164,F,chloé.fournier@datascope.fr,Opérations,Toulouse,CDI,2020-03-21,4.8,1130.0,Non,100,25,25-34 ans
3367,NB,nicolas.bernard@datascope.fr,Logistique,Nantes,Stage,2024-12-20,0.0,900.0,Non,100,51,45-54 ans
2487,F,marie.michel@datascope.fr,Opérations,Nice,Alternance,2023-06-13,1.6,1166.0,Non,100,58,55 ans et plus
1123,M,sarah.richard@datascope.fr,Commercial,Lyon,CDD,2022-08-21,2.4,2124.0,Non,100,41,35-44 ans
2195,NB,thomas.lefebvre@datascope.fr,Commercial,Nice,Interim,2022-05-28,2.6,3249.0,Non,100,24,Moins de 25 ans
2500,F,hugo.roux@datascope.fr,Opérations,Toulouse,CDI,2019-03-21,5.8,3155.0,Non,100,44,35-44 ans
1230,F,antoine.moreau@datascope.fr,RH,Strasbourg,Stage,2020-02-07,4.9,900.0,Non,100,39,35-44 ans
2328,NB,julie.richard@datascope.fr,Finance,Bordeaux,CDI,2022-05-05,2.7,2432.0,Oui,80,45,45-54 ans
1809,NB,théo.vincent@datascope.fr,Juridique,Marseille,Stage,2021-09-18,3.3,900.0,Non,100,53,45-54 ans
2835,M,marie.bernarddatascope.fr,Finance,Nice,Alternance,2024-01-14,1.0,596.5,Oui,50,13,Moins de 25 ans
1423,F,hugo.thomas@datascope.fr,Marketing,Marseille,Interim,2019-08-31,5.3,1793.0,Non,100,11,Moins de 25 ans
1183,M,nicolas.moreau@datascope.fr,RH,Nantes,CDI,2020-05-18,4.6,1936.0,Oui,50,59,55 ans et plus
1376,F,chloé.simon@datascope.fr,RH,Grenoble,CDI,2024-06-24,0.5,2745.0,Non,100,59,55 ans et plus
3207,M,louis.bernard@datascope.fr,Opérations,Grenoble,CDI,2021-08-08,3.4,2620.0,Non,100,28,25-34 ans
1830,F,emma.durand@datascope.fr,Direction,Lyon,CDI,2021-08-03,3.4,3665.0,Non,100,37,35-44 ans
3299,F,camille.vincent@datascope.fr,RH,Strasbourg,CDD,2021-04-13,3.7,1895.0,Oui,50,45,45-54 ans
1856,M,nicolas.laurent@datascope.fr,R&D,Paris,CDI,2021-05-12,3.6,1131.0,Non,100,51,45-54 ans
2866,F,julie.garcia@datascope.fr,Commercial,Lille,CDD,2020-03-01,4.8,2980.0,Non,100,31,25-34 ans
1570,M,théo.petit@datascope.fr,Informatique,Strasbourg,CDI,2018-11-03,6.2,3033.0,Non,100,53,45-54 ans
3143,F,chloé.laurent@datascope.fr,Commercial,Lille,CDI,2020-04-17,4.7,1338.0,Non,100,35,35-44 ans
1377,M,sarah.leroy@datascope.fr,Logistique,Lyon,CDI,2019-06-20,5.5,3839.0,Oui,50,38,35-44 ans
2014,F,théo.david@datascope.fr,Finance,Lyon,CDI,2018-06-18,6.5,2561.0,Oui,80,37,35-44 ans
2829,M,sarah.simon@datascope.fr,Logistique,Nice,CDI,2019-04-12,5.7,2495.0,Non,100,33,25-34 ans
1318,M,emma.laurent@datascope.fr,Marketing,Nantes,CDI,2021-06-20,3.5,3063.0,Oui,50,29,25-34 ans
2694,M,camille.robert@datascope.fr,Informatique,Toulouse,CDI,2022-09-02,2.3,3314.0,Oui,80,35,35-44 ans
1839,M,julie.robert@datascope.fr,Marketing,Marseille,CDI,2017-05-12,7.6,4120.0,Non,100,39,35-44 ans
2059,NB,sophie.leroy@datascope.fr,Finance,Lille,Alternance,2018-02-03,6.9,901.0,Non,100,48,45-54 ans
2850,NB,théo.vincent@datascope.fr,R&D,Nantes,CDD,2016-12-10,8.1,1595.0,Non,100,33,25-34 ans
3361,M,antoine.fournier@datascope.fr,RH,Marseille,CDI,2018-04-08,6.7,2365.0,Oui,50,38,35-44 ans
2250,F,sophie.martin@datascope.fr,Informatique,Paris,CDI,2015-10-06,9.2,2211.0,Non,100,39,35-44 ans
1950,M,camille.bernard@datascope.fr,Finance,Marseille,CDI,2016-01-30,8.9,3308.0,Oui,50,30,25-34 ans
1159,F,sophie.petit@datascope.fr,Informatique,Grenoble,CDI,2016-01-16,9.0,2871.0,Non,100,31,25-34 ans
2141,M,théo.thomas@datascope.fr,Commercial,Lille,CDI,2018-11-26,6.1,3200.0,Oui,80,37,35-44 ans
3351,M,hugo.simon@datascope.fr,Informatique,Strasbourg,Stage,2021-02-18,3.9,900.0,Oui,80,56,55 ans et plus
2054,F,sophie.bertrand@datascope.fr,Opérations,Grenoble,CDI,2022-10-22,2.2,3930.0,Oui,80,54,45-54 ans
2687,F,léa.moreau@datascope.fr,Juridique,Lille,CDI,2016-02-16,8.9,3726.0,Non,100,46,45-54 ans
1209,NB,sophie.michel@datascope.fr,Informatique,Nantes,CDI,2016-06-14,8.5,4040.0,Non,100,34,25-34 ans
1969,M,inès.roux@datascope.fr,Finance,Nice,CDD,2023-07-13,1.5,2626.0,Non,100,52,45-54 ans
3020,M,nicolas.moreau@datascope.fr,Logistique,Toulouse,CDI,2018-06-02,6.6,3547.0,Oui,50,43,35-44 ans
1291,M,paul.petit@datascope.fr,R&D,Nantes,CDD,2020-03-02,4.8,3205.0,Oui,80,55,55 ans et plus
2796,M,théo.richard@datascope.fr,Marketing,Bordeaux,CDI,2020-05-14,4.6,3367.0,Oui,50,48,45-54 ans
1670,NB,nicolas.lefebvre@datascope.fr,Marketing,Lyon,CDI,2022-12-29,2.0,3143.0,Non,100,36,35-44 ans
2868,NB,lucas.simon@datascope.fr,Direction,Lille,CDD,2022-07-26,2.4,3722.0,Oui,50,28,25-34 ans
2111,F,théo.vincent@datascope.fr,Informatique,Lyon,CDI,2016-04-14,8.7,3895.0,Non,100,51,45-54 ans
1906,M,chloé.michel@datascope.fr,Informatique,Lille,CDI,2015-02-12,9.9,2399.0,Non,100,39,35-44 ans
2979,NB,lucas.dubois@datascope.fr,Commercial,Toulouse,CDI,2017-05-07,7.7,2130.0,Non,100,35,35-44 ans
1246,F,sarah.bertrand@datascope.fr,R&D,Lille,Alternance,2023-05-10,1.6,1117.0,Non,100,26,25-34 ans
2377,NB,nicolas.simon@datascope.fr,Opérations,Bordeaux,CDI,2015-10-05,9.2,3057.0,Non,100,38,35-44 ans
3388,F,pierre.lefebvre@datascope.fr,R&D,Lyon,CDD,2019-12-02,5.1,1441.0,Non,100,58,55 ans et plus
2674,F,léa.thomas@datascope.fr,RH,Lyon,CDD,2019-04-11,5.7,2504.0,Non,100,51,45-54 ans
2369,F,paul.richard@datascope.fr,Commercial,Bordeaux,CDI,2023-03-29,1.8,1755.0,Non,100,49,45-54 ans
1534,M,sarah.garcia@datascope.fr,Opérations,Lyon,Alternance,2018-11-10,6.1,900.0,Non,100,29,25-34 ans
1652,M,inès.robert@datascope.fr,Informatique,Strasbourg,Alternance,2016-01-02,9.0,1219.0,Non,100,31,25-34 ans
2919,F,alice.richard@datascope.fr,Opérations,Lyon,CDI,2024-04-11,0.7,3745.0,Non,100,41,35-44 ans
1407,NB,paul.durand@datascope.fr,Informatique,Marseille,Stage,2023-01-16,2.0,900.0,Non,100,56,55 ans et plus
2297,M,julie.roux@datascope.fr,Direction,Lyon,CDI,2021-03-17,3.8,2425.0,Non,100,47,45-54 ans
2524,F,emma.bernard@datascope.fr,RH,Lille,CDI,2024-07-22,0.4,3987.0,Oui,80,42,35-44 ans
1512,M,inès.moreau@datascope.fr,Finance,Bordeaux,CDD,2023-06-24,1.5,2177.0,Non,100,49,45-54 ans
1113,F,sophie.petit@datascope.fr,Logistique,Bordeaux,CDD,2015-04-23,9.7,2129.0,Non,100,47,45-54 ans
2854,F,nicolas.bernard@datascope.fr,Logistique,Lille,CDD,2020-09-18,4.3,2184.0,Non,100,44,35-44 ans
2498,M,alice.bertrand@datascope.fr,Commercial,Nantes,Alternance,2021-11-19,3.1,1095.0,Non,100,43,35-44 ans
2612,F,pierre.bernard@datascope.fr,Marketing,Marseille,Stage,2017-02-15,7.9,900.0,Non,100,55,55 ans et plus
2710,M,antoine.dubois@datascope.fr,RH,Grenoble,CDI,2019-03-19,5.8,3113.0,Non,100,51,45-54 ans
3259,F,alice.durand@datascope.fr,Logistique,Lille,CDD,2024-09-10,0.3,2789.0,Non,100,43,35-44 ans
3197,M,sarah.lefebvre@datascope.fr,Direction,Strasbourg,CDI,2024-07-18,0.5,3322.0,Non,100,45,45-54 ans
3142,M,nicolas.bernard@datascope.fr,Management,Paris,CDD,2020-08-13,4.4,0.0,Oui,50,14,Moins de 25 ans
2106,M,inès.leroy@datascope.fr,Juridique,Paris,CDI,2016-09-28,8.3,2934.0,Non,100,58,55 ans et plus
2718,F,théo.fournier@datascope.fr,Logistique,Lyon,CDI,2023-06-24,1.5,2239.0,Non,100,33,25-34 ans
2167,M,thomas.thomas@datascope.fr,Juridique,Nice,CDI,2015-02-18,9.9,2225.0,Non,100,56,55 ans et plus
2416,M,emma.fournier@datascope.fr,Finance,Lyon,CDD,2021-03-11,3.8,2933.0,Non,100,50,45-54 ans
1647,M,julie.martin@datascope.fr,Finance,Nantes,CDI,2023-01-25,1.9,3265.0,Non,100,58,55 ans et plus
3055,F,chloé.petit@datascope.fr,Logistique,Bordeaux,CDI,2021-11-10,3.1,2222.0,Non,100,33,25-34 ans
2883,F,louis.roux@datascope.fr,Marketing,Grenoble,Interim,2018-09-30,6.3,2249.0,Non,100,39,35-44 ans
3366,F,lucas.roux@datascope.fr,Marketing,Nantes,CDI,2020-11-03,4.2,2577.0,Oui,80,55,55 ans et plus
3265,M,inès.garcia@datascope.fr,Direction,Grenoble,Alternance,2022-08-17,2.4,1057.0,Non,100,54,45-54 ans
1179,M,camille.thomasdatascope.fr,Finance,Grenoble,Alternance,2017-05-17,7.6,1202.5,Non,100,14,Moins de 25 ans
2869,M,sophie.leroy@datascope.fr,Informatique,Grenoble,Stage,2022-05-05,2.7,900.0,Non,100,24,Moins de 25 ans
1073,F,thomas.thomas@datascope.fr,Juridique,Bordeaux,CDI,2022-07-08,2.5,2467.0,Non,100,50,45-54 ans
3036,M,pierre.durand@datascope.fr,Opérations,Grenoble,Interim,2016-04-29,8.7,2349.0,Oui,50,43,35-44 ans
2144,M,louis.michel@datascope.fr,Opérations,Lille,CDI,2016-10-28,8.2,3148.0,Non,100,33,25-34 ans
2470,F,chloé.dubois@datascope.fr,Commercial,Marseille,CDI,2019-11-24,5.1,2188.0,Non,100,30,25-34 ans
3044,M,julie.richard@datascope.fr,Direction,Bordeaux,CDI,2022-07-15,2.5,2657.0,Non,100,37,35-44 ans
1074,M,lucas.david@datascope.fr,Commercial,Lyon,CDI,2015-01-17,10.0,2085.0,Oui,50,33,25-34 ans
1436,F,pierre.thomas@datascope.fr,Logistique,Lyon,CDI,2015-01-11,10.0,3163.0,Non,100,54,45-54 ans
2127,F,hugo.richard@datascope.fr,R&D,Toulouse,CDI,2022-10-09,2.2,2499.0,Non,100,49,45-54 ans
2007,F,emma.dubois@datascope.fr,Marketing,Grenoble,Alternance,2020-06-19,4.5,1223.0,Oui,80,39,35-44 ans
1322,M,léa.thomas@datascope.fr,Finance,Nice,CDI,2015-02-18,9.9,3450.0,Oui,80,46,45-54 ans
1785,F,thomas.durand@datascope.fr,RH,Lille,Stage,2016-05-12,8.6,900.0,Oui,50,36,35-44 ans
1568,F,pierre.michel@datascope.fr,RH,Toulouse,CDI,2016-11-10,8.1,2203.0,Non,100,57,55 ans et plus
2812,M,léa.roux@datascope.fr,Informatique,Nantes,Alternance,2021-06-20,3.5,1393.0,Non,100,36,35-44 ans
1810,M,romain.roux@datascope.fr,Direction,Bordeaux,Stage,2022-02-11,2.9,900.0,Non,100,31,25-34 ans
1973,M,hugo.david@datascope.fr,Commercial,Toulouse,Interim,2017-01-28,7.9,1744.0,Oui,50,51,45-54 ans
2175,M,hugo.thomas@datascope.fr,R&D,Lille,CDI,2024-01-13,1.0,3268.0,Non,100,54,45-54 ans
2300,F,chloé.fournier@datascope.fr,R&D,Nantes,CDI,2016-02-02,8.9,3330.0,Oui,50,44,35-44 ans
2903,M,lucas.thomas@datascope.fr,Opérations,Lille,CDD,2021-10-17,3.2,2520.0,Non,100,54,45-54 ans
2990,M,marie.lefebvre@datascope.fr,Juridique,Marseille,CDI,2022-05-06,2.7,1409.0,Non,100,24,Moins de 25 ans
3002,M,inès.robert@datascope.fr,Commercial,Bordeaux,Alternance,2023-02-21,1.9,1005.0,Non,100,43,35-44 ans
1637,NB,inès.leroy@datascope.fr,Marketing,Lille,CDI,2023-07-03,1.5,2829.0,Non,100,58,55 ans et plus
1778,NB,camille.michel@datascope.fr,Marketing,Lille,CDD,2016-10-17,8.2,3093.0,Non,100,31,25-34 ans
1028,M,antoine.vincent@datascope.fr,Juridique,Grenoble,CDI,2017-04-22,7.7,2693.0,Oui,50,24,Moins de 25 ans
2830,F,lucas.roux@datascope.fr,Direction,Grenoble,CDI,2018-07-01,6.5,2660.0,Oui,80,59,55 ans et plus
2818,M,hugo.bertrand@datascope.fr,Juridique,Bordeaux,CDI,2018-06-23,6.5,2752.5,Non,100,56,55 ans et plus
2340,F,inès.richard@datascope.fr,R&D,Strasbourg,CDI,2017-01-09,8.0,3521.0,Non,100,35,35-44 ans
3240,M,inès.michel@datascope.fr,Commercial,Lyon,CDD,2017-03-01,7.8,2972.0,Oui,80,44,35-44 ans
2579,F,julie.vincent@datascope.fr,Finance,Lyon,CDD,2016-06-20,8.5,900.0,Oui,80,55,55 ans et plus
1857,M,pierre.petit@datascope.fr,RH,Marseille,CDI,2022-03-08,2.8,2544.0,Oui,50,47,45-54 ans
2166,M,julie.fournier@datascope.fr,Juridique,Nantes,CDI,2015-05-22,9.6,2602.0,Non,100,24,Moins de 25 ans
2450,F,chloé.thomas@datascope.fr,Logistique,Bordeaux,CDI,2023-04-02,1.7,3650.0,Non,100,42,35-44 ans
1001,M,inès.robert@datascope.fr,Juridique,Strasbourg,CDI,2020-07-19,4.5,2288.0,Non,100,46,45-54 ans
1905,M,camille.martin@datascope.fr,RH,Paris,CDI,2019-03-14,5.8,4139.0,Oui,80,56,55 ans et plus
1286,F,paul.leroy@datascope.fr,Logistique,Paris,CDD,2019-12-14,5.0,3306.0,Non,100,34,25-34 ans
2561,M,nicolas.martin@datascope.fr,Finance,Grenoble,CDI,2020-02-23,4.9,3605.0,Non,100,41,35-44 ans
3128,M,sarah.durand@datascope.fr,RH,Paris,CDI,2020-10-01,4.2,2530.0,Non,100,37,35-44 ans
2881,F,léa.dubois@datascope.fr,RH,Lille,CDI,2023-12-10,1.1,2691.0,Non,100,35,35-44 ans
2637,NB,paul.david@datascope.fr,Direction,Nantes,CDD,2017-12-24,7.0,2526.0,Non,100,25,25-34 ans
2700,M,camille.richard@datascope.fr,Direction,Paris,CDI,2016-04-18,8.7,1791.0,Oui,80,53,45-54 ans
2921,M,sophie.bertrand@datascope.fr,RH,Bordeaux,CDD,2021-01-28,3.9,2225.0,Non,100,32,25-34 ans
2391,M,lucas.bertrand@datascope.fr,Commercial,Toulouse,CDD,2019-08-18,5.4,2197.0,Non,100,58,55 ans et plus
3323,M,emma.richard@datascope.fr,Informatique,Lyon,CDI,2015-07-07,9.5,2847.0,Oui,50,32,25-34 ans
1530,F,antoine.dubois@datascope.fr,Logistique,Paris,CDD,2017-11-28,7.1,2198.0,Non,100,51,45-54 ans
2957,M,louis.richard@datascope.fr,Logistique,Grenoble,CDI,2019-02-24,5.9,3812.0,Non,100,28,25-34 ans
2808,M,sophie.garcia@datascope.fr,Commercial,Strasbourg,CDI,2019-05-25,5.6,3207.0,Non,100,40,35-44 ans
2371,M,inès.durand@datascope.fr,Juridique,Marseille,CDD,2016-11-21,8.1,2471.0,Oui,50,39,35-44 ans
2478,M,alice.lefebvre@datascope.fr,Direction,Toulouse,CDI,2021-06-16,3.5,3964.0,Non,100,43,35-44 ans
1680,NB,louis.richard@datascope.fr,Direction,Lyon,CDD,2020-01-27,4.9,2683.0,Non,100,26,25-34 ans
1737,M,louis.vincent@datascope.fr,Direction,Paris,CDI,2017-08-15,7.4,2916.0,Non,100,31,25-34 ans
1172,M,emma.moreau@datascope.fr,RH,Paris,CDI,2016-10-04,8.2,1736.0,Non,100,46,45-54 ans
2947,M,julie.michel@datascope.fr,Direction,Lille,CDI,2018-08-20,6.4,2808.0,Oui,80,47,45-54 ans
2635,M,pierre.durand@datascope.fr,Direction,Nice,CDD,2016-12-20,8.0,2958.0,Non,100,47,45-54 ans
1903,F,julie.durand@datascope.fr,Logistique,Paris,CDI,2018-03-22,6.8,1606.0,Non,100,44,35-44 ans
2145,M,louis.garcia@datascope.fr,Finance,Nantes,CDI,2015-12-04,9.1,2966.0,Oui,80,43,35-44 ans
1732,F,camille.laurent@datascope.fr,Logistique,Paris,Stage,2018-05-23,6.6,900.0,Non,100,38,35-44 ans
2666,F,paul.laurent@datascope.fr,RH,Bordeaux,CDD,2017-01-09,8.0,3254.0,Non,100,29,25-34 ans
2429,F,emma.roux@datascope.fr,Commercial,Nice,CDI,2024-05-29,0.6,2508.0,Non,100,41,35-44 ans
1054,F,lucas.moreau@datascope.fr,Logistique,Strasbourg,Alternance,2015-02-20,9.9,900.0,Oui,80,32,25-34 ans
1500,M,chloé.thomas@datascope.fr,Direction,Nantes,Alternance,2021-02-17,3.9,1099.0,Oui,80,37,35-44 ans
3267,F,alice.fournier@datascope.fr,Informatique,Strasbourg,CDD,2018-12-28,6.0,2947.0,Oui,50,37,35-44 ans
2291,F,lucas.garcia@datascope.fr,Commercial,Grenoble,CDI,2023-01-24,1.9,2336.0,Non,100,35,35-44 ans
2110,F,sarah.vincent@datascope.fr,Direction,Nice,Alternance,2021-03-19,3.8,1111.0,Non,100,39,35-44 ans
2730,M,camille.bernard@datascope.fr,R&D,Paris,CDI,2017-11-29,7.1,2757.0,Oui,80,29,25-34 ans
1497,M,chloé.leroy@datascope.fr,Direction,Marseille,Alternance,2024-10-17,0.2,928.0,Non,100,38,35-44 ans
1869,F,inès.laurent@datascope.fr,RH,Lyon,CDI,2015-09-03,9.3,3286.0,Oui,80,47,45-54 ans
2162,F,marie.richard@datascope.fr,R&D,Marseille,Stage,2021-12-15,3.0,900.0,Non,100,29,25-34 ans
1521,F,théo.fournier@datascope.fr,Finance,Nantes,CDI,2017-09-23,7.3,2477.0,Non,100,47,45-54 ans
1264,F,romain.bernard@datascope.fr,Informatique,Lyon,CDI,2015-03-28,9.8,2841.0,Non,100,46,45-54 ans
1071,F,sarah.durand@datascope.fr,Logistique,Marseille,Alternance,2021-03-23,3.8,1148.0,Non,100,58,55 ans et plus
3069,F,julie.leroy@datascope.fr,Direction,Marseille,CDD,2018-11-08,6.1,3111.0,Oui,50,26,25-34 ans
2179,M,camille.fournier@datascope.fr,Logistique,Nice,CDI,2021-10-26,3.2,2921.0,Non,100,48,45-54 ans
1853,M,marie.bernard@datascope.fr,R&D,Toulouse,Stage,2015-11-01,9.2,900.0,Non,100,33,25-34 ans
2270,M,pierre.petit@datascope.fr,Finance,Marseille,CDD,2017-10-07,7.2,2574.0,Non,100,27,25-34 ans
1551,F,léa.leroy@datascope.fr,Commercial,Bordeaux,CDI,2018-02-28,6.8,2146.0,Oui,80,57,55 ans et plus
2698,M,sarah.garcia@datascope.fr,Finance,Nice,CDD,2018-10-05,6.2,1950.0,Non,100,37,35-44 ans
2669,F,sophie.robert@datascope.fr,Opérations,Lyon,CDI,2019-01-09,6.0,3253.0,Oui,50,52,45-54 ans
3261,M,louis.robert@datascope.fr,Finance,Marseille,CDI,2021-01-10,4.0,3253.0,Non,100,36,35-44 ans
2041,M,sarah.moreau@datascope.fr,Juridique,Lyon,CDD,2020-11-18,4.1,2604.0,Oui,50,50,45-54 ans
2682,F,louis.michel@datascope.fr,Direction,Paris,CDI,2018-01-11,7.0,3040.0,Non,100,56,55 ans et plus
1822,M,léa.thomas@datascope.fr,Finance,Lyon,CDI,2020-01-31,4.9,2644.0,Non,100,25,25-34 ans
1962,M,chloé.bernard@datascope.fr,Logistique,Bordeaux,CDD,2021-06-29,3.5,2756.0,Non,100,29,25-34 ans
2825,NB,marie.david@datascope.fr,Juridique,Nice,CDI,2018-08-11,6.4,3614.0,Non,100,49,45-54 ans
3360,F,paul.moreau@datascope.fr,Juridique,Marseille,CDD,2020-04-01,4.8,1192.0,Non,100,46,45-54 ans
1433,M,alice.fournier@datascope.fr,Juridique,Strasbourg,CDI,2023-03-31,1.8,2199.0,Oui,50,35,35-44 ans
1520,F,marie.leroy@datascope.fr,Logistique,Lyon,CDI,2017-06-12,7.6,1959.0,Oui,80,48,45-54 ans
1297,F,sophie.lefebvre@datascope.fr,R&D,Toulouse,CDD,2022-01-01,3.0,1770.0,Oui,50,25,25-34 ans
2884,M,julie.thomas@datascope.fr,R&D,Nice,CDI,2016-03-12,8.8,2028.0,Non,100,37,35-44 ans
2706,F,sarah.bertrand@datascope.fr,R&D,Nice,CDI,2015-05-04,9.7,2989.0,Non,100,28,25-34 ans
2048,M,romain.thomas@datascope.fr,Juridique,Lille,CDI,2020-06-17,4.5,2620.0,Non,100,31,25-34 ans
2357,M,thomas.petit@datascope.fr,Opérations,Nantes,CDI,2023-02-02,1.9,1933.0,Non,100,49,45-54 ans
2290,M,hugo.moreau@datascope.fr,Informatique,Toulouse,Interim,2015-01-19,9.9,1973.0,Oui,80,58,55 ans et plus
2211,F,léa.laurent@datascope.fr,R&D,Nice,CDI,2021-02-04,3.9,2546.0,Non,100,10,Moins de 25 ans
2099,F,pierre.robert@datascope.fr,Commercial,Lyon,CDD,2016-11-19,8.1,2336.0,Non,100,53,45-54 ans
3027,M,sophie.durand@datascope.fr,Logistique,Strasbourg,CDD,2023-06-20,1.5,3090.0,Oui,50,36,35-44 ans
1968,M,camille.moreau@datascope.fr,Direction,Nice,Interim,2016-12-13,8.0,2155.0,Oui,50,40,35-44 ans
1526,M,sarah.richard@datascope.fr,Marketing,Nice,CDI,2023-05-28,1.6,2672.0,Oui,50,28,25-34 ans
3201,M,sarah.lefebvre@datascope.fr,Juridique,Bordeaux,CDI,2019-07-26,5.4,2817.0,Non,100,57,55 ans et plus
1727,M,thomas.richard@datascope.fr,Commercial,Marseille,Stage,2017-02-19,7.9,900.0,Non,100,51,45-54 ans
1167,F,sarah.leroy@datascope.fr,Opérations,Toulouse,CDI,2024-06-13,0.6,929.0,Non,100,56,55 ans et plus
2023,M,théo.simon@datascope.fr,R&D,Lyon,Alternance,2020-02-27,4.8,1148.0,Non,100,46,45-54 ans
1592,M,inès.durand@datascope.fr,Informatique,Strasbourg,CDD,2020-11-07,4.1,2343.0,Oui,80,44,35-44 ans
1979,F,hugo.thomas@datascope.fr,Commercial,Grenoble,CDD,2016-02-13,8.9,2263.0,Oui,50,49,45-54 ans
1383,F,nicolas.fournier@datascope.fr,RH,Bordeaux,CDD,2016-08-17,8.4,3422.0,Non,100,57,55 ans et plus
3019,F,hugo.laurent@datascope.fr,Informatique,Bordeaux,CDI,2023-04-25,1.7,4523.0,Non,100,55,55 ans et plus
1998,F,paul.simon@datascope.fr,R&D,Lyon,CDI,2018-05-02,6.7,2872.0,Oui,50,49,45-54 ans
1100,F,alice.lefebvre@datascope.fr,HR,Lille,CDD,2016-01-18,9.0,0.0,Non,100,14,Moins de 25 ans
1330,F,théo.martin@datascope.fr,Finance,Nantes,CDI,2017-06-08,7.6,3713.0,Oui,50,27,25-34 ans
1483,M,camille.david@datascope.fr,R&D,Paris,CDD,2017-06-23,7.5,2219.0,Non,100,43,35-44 ans
2962,M,paul.dubois@datascope.fr,R&D,Grenoble,CDD,2020-07-01,4.5,2986.0,Non,100,29,25-34 ans
2336,F,romain.fournier@datascope.fr,Opérations,Paris,Interim,2017-03-30,7.8,2556.0,Oui,50,35,35-44 ans
2123,F,emma.martin@datascope.fr,Direction,Lille,CDI,2017-04-06,7.7,2330.0,Non,100,56,55 ans et plus
2935,F,sophie.thomas@datascope.fr,Informatique,Strasbourg,CDI,2022-07-06,2.5,2314.0,Non,100,36,35-44 ans
2467,F,louis.leroy@datascope.fr,Marketing,Nantes,CDD,2019-03-17,5.8,2596.0,Non,100,50,45-54 ans
2896,M,inès.durand@datascope.fr,Finance,Bordeaux,CDD,2018-09-05,6.3,1598.0,Non,100,37,35-44 ans
1926,F,emma.simon@datascope.fr,Finance,Toulouse,CDI,2019-03-06,5.8,3428.0,Non,100,47,45-54 ans
2082,F,chloé.laurent@datascope.fr,Marketing,Paris,Interim,2024-08-15,0.4,2490.0,Oui,80,39,35-44 ans
2789,F,lucas.lefebvre@datascope.fr,Logistique,Bordeaux,CDI,2015-02-10,9.9,3038.0,Non,100,47,45-54 ans
2823,M,emma.bertrand@datascope.fr,Logistique,Nice,Stage,2021-01-04,4.0,900.0,Non,100,58,55 ans et plus
2188,F,nicolas.garcia@datascope.fr,R&D,Lyon,CDI,2020-02-28,4.8,1417.0,Oui,80,34,25-34 ans
1741,F,louis.simon@datascope.fr,Logistique,Grenoble,CDI,2017-02-03,7.9,3686.0,Oui,80,45,45-54 ans
1362,M,théo.petit@datascope.fr,Logistique,Marseille,CDD,2016-06-12,8.6,2645.0,Oui,80,38,35-44 ans
2898,M,antoine.simon@datascope.fr,RH,Strasbourg,CDI,2023-10-30,1.2,2410.0,Non,100,55,55 ans et plus
2395,F,sarah.moreau@datascope.fr,Informatique,Nantes,Interim,2024-03-06,0.8,2094.0,Oui,80,59,55 ans et plus
1227,NB,nicolas.leroy@datascope.fr,R&D,Lille,Stage,2017-12-07,7.1,900.0,Oui,50,26,25-34 ans
2468,M,sarah.dubois@datascope.fr,Informatique,Bordeaux,CDI,2017-08-19,7.4,3801.0,Non,100,27,25-34 ans
2713,M,chloé.fournier@datascope.fr,Opérations,Nantes,Stage,2019-04-23,5.7,900.0,Oui,80,55,55 ans et plus
2664,M,inès.simon@datascope.fr,Juridique,Marseille,CDI,2018-07-02,6.5,3062.0,Oui,50,35,35-44 ans
1623,M,sarah.martin@datascope.fr,Informatique,Paris,CDI,2016-01-20,8.9,2321.0,Non,100,34,25-34 ans
1888,F,romain.richard@datascope.fr,Commercial,Strasbourg,Stage,2019-09-08,5.3,900.0,Oui,80,52,45-54 ans
2737,M,emma.vincent@datascope.fr,Marketing,Nantes,CDD,2020-07-08,4.5,2182.0,Oui,50,28,25-34 ans
2446,M,hugo.moreau@datascope.fr,Commercial,Paris,CDD,2018-07-02,6.5,1299.0,Non,100,30,25-34 ans
1575,M,louis.bertrand@datascope.fr,Marketing,Paris,CDI,2023-02-11,1.9,3549.0,Oui,50,28,25-34 ans
2256,F,louis.laurent@datascope.fr,Direction,Bordeaux,Alternance,2015-01-30,9.9,1271.0,Oui,80,24,Moins de 25 ans
1717,F,antoine.vincent@datascope.fr,RH,Strasbourg,CDI,2015-04-23,9.7,3715.0,Non,100,34,25-34 ans
2238,M,nicolas.david@datascope.fr,R&D,Toulouse,Alternance,2022-04-24,2.7,1470.0,Non,100,41,35-44 ans
2974,F,sarah.david@datascope.fr,Direction,Paris,CDI,2016-01-09,9.0,1929.0,Non,100,52,45-54 ans
2022,M,camille.roux@datascope.fr,R&D,Bordeaux,CDI,2023-08-31,1.3,3085.0,Non,100,37,35-44 ans
2570,M,léa.petit@datascope.fr,Commercial,Lyon,CDI,2016-06-11,8.6,1587.0,Oui,80,26,25-34 ans
2904,M,sarah.lefebvre@datascope.fr,Informatique,Bordeaux,CDD,2019-04-22,5.7,2309.0,Non,100,32,25-34 ans
2121,M,camille.richard@datascope.fr,Direction,Bordeaux,CDI,2024-03-29,0.8,3202.0,Non,100,27,25-34 ans
2880,M,antoine.vincent@datascope.fr,Marketing,Marseille,CDI,2018-11-14,6.1,3940.0,Oui,80,59,55 ans et plus
3135,F,emma.moreau@datascope.fr,Juridique,Toulouse,CDI,2022-11-09,2.1,1899.0,Non,100,41,35-44 ans
1367,M,hugo.martin@datascope.fr,Direction,Grenoble,Stage,2017-09-06,7.3,900.0,Oui,50,46,45-54 ans
1076,F,thomas.robert@datascope.fr,Opérations,Lyon,Stage,2018-04-13,6.7,900.0,Non,100,27,25-34 ans
2480,M,camille.dubois@datascope.fr,R&D,Nantes,CDI,2016-01-12,9.0,1979.0,Non,100,46,45-54 ans
2181,M,romain.robert@datascope.fr,Finance,Grenoble,Alternance,2019-02-08,5.9,900.0,Oui,50,37,35-44 ans
1270,M,romain.dubois@datascope.fr,R&D,Toulouse,CDI,2020-06-28,4.5,3653.0,Oui,50,28,25-34 ans
1632,M,léa.moreau@datascope.fr,RH,Marseille,Stage,2021-10-29,3.2,,Non,100,32,25-34 ans
1992,F,thomas.thomas@datascope.fr,Opérations,Paris,CDI,2016-07-05,8.5,3263.0,Non,100,42,35-44 ans
2809,F,sarah.dubois@datascope.fr,Finance,Paris,CDD,2021-09-12,3.3,3066.0,Non,100,26,25-34 ans
3311,F,romain.fournier@datascope.fr,Opérations,Strasbourg,Alternance,2018-07-06,6.5,1461.0,Non,100,42,35-44 ans
2552,F,léa.garcia@datascope.fr,Juridique,Nantes,CDI,2016-01-22,8.9,2775.0,Non,100,53,45-54 ans
1418,F,sarah.bertrand@datascope.fr,RH,Bordeaux,Alternance,2017-03-29,7.8,1472.0,Non,100,32,25-34 ans
1104,F,léa.thomas@datascope.fr,R&D,Paris,Stage,2022-01-16,3.0,900.0,Non,100,27,25-34 ans
3068,M,chloé.thomas@datascope.fr,Informatique,Bordeaux,CDI,2019-12-03,5.1,1435.0,Non,100,27,25-34 ans
2719,M,pierre.robert@datascope.fr,Juridique,Nice,Alternance,2018-12-04,6.1,1005.0,Oui,80,43,35-44 ans
2214,F,inès.fournier@datascope.fr,Logistique,Strasbourg,CDI,2018-06-02,6.6,1954.0,Oui,80,59,55 ans et plus
2530,M,inès.lefebvre@datascope.fr,Juridique,Lille,CDI,2017-11-20,7.1,2973.0,Oui,50,49,45-54 ans
1472,M,marie.garcia@datascope.fr,R&D,Marseille,Alternance,2016-02-16,8.9,1262.0,Oui,80,49,45-54 ans
2326,F,paul.thomas@datascope.fr,Commercial,Grenoble,CDI,2020-08-27,4.3,3642.0,Non,100,25,25-34 ans
2680,F,léa.lefebvre@datascope.fr,Juridique,Paris,Stage,2022-06-13,2.6,900.0,Non,100,43,35-44 ans
1883,M,antoine.vincent@datascope.fr,Marketing,Toulouse,Alternance,2018-05-14,6.6,1518.0,Non,100,48,45-54 ans
2578,NB,marie.leroy@datascope.fr,R&D,Paris,Interim,2022-03-12,2.8,2047.0,Non,100,51,45-54 ans
3320,M,thomas.leroy@datascope.fr,Finance,Strasbourg,CDI,2021-11-08,3.1,2913.0,Non,100,34,25-34 ans
2553,M,théo.lefebvre@datascope.fr,Informatique,Nantes,CDI,2018-01-30,6.9,1603.0,Non,100,58,55 ans et plus
2186,F,pierre.garcia@datascope.fr,Commercial,Grenoble,CDI,2019-06-06,5.6,4499.0,Non,100,25,25-34 ans
1457,NB,paul.thomas@datascope.fr,Opérations,Nantes,CDI,2019-01-22,5.9,2212.0,Non,100,43,35-44 ans
1938,M,paul.fournier@datascope.fr,Commercial,Lille,CDD,2023-12-25,1.0,1542.0,Oui,50,25,25-34 ans
3307,F,thomas.laurent@datascope.fr,Direction,Lyon,Interim,2023-08-21,1.4,2348.0,Non,100,32,25-34 ans
1359,M,sophie.petit@datascope.fr,Marketing,Nantes,Interim,2019-03-19,5.8,2927.0,Non,100,47,45-54 ans
2180,F,antoine.vincent@datascope.fr,RH,Nantes,CDI,2020-07-11,4.5,2647.0,Non,100,39,35-44 ans
2257,F,louis.fournier@datascope.fr,Informatique,Lyon,CDI,2015-06-03,9.6,2091.0,Non,100,24,Moins de 25 ans
2695,M,alice.bertrand@datascope.fr,Informatique,Marseille,CDI,2021-04-06,3.7,3540.0,Non,100,24,Moins de 25 ans
1387,F,alice.simon@datascope.fr,R&D,Strasbourg,CDI,2015-08-25,9.4,3920.0,Non,100,38,35-44 ans
1196,F,pierre.laurentdatascope.fr,Logistics,Strasbourg,CDI,2022-09-28,-0.4,0.0,Non,100,11,Moins de 25 ans
1554,F,hugo.richard@datascope.fr,Logistique,Marseille,CDI,2022-11-25,2.1,2957.0,Non,100,49,45-54 ans
3075,M,antoine.thomas@datascope.fr,Direction,Paris,CDI,2016-10-13,8.2,1956.0,Non,100,27,25-34 ans
3229,F,louis.vincent@datascope.fr,Finance,Toulouse,CDI,2015-11-16,9.1,3346.0,Non,100,30,25-34 ans
1874,M,sarah.robert@datascope.fr,Commercial,Bordeaux,CDI,2015-07-16,9.5,3319.0,Non,100,56,55 ans et plus
1620,M,léa.thomas@datascope.fr,R&D,Nice,CDI,2018-02-04,6.9,2089.0,Non,100,37,35-44 ans
1207,M,alice.garcia@datascope.fr,Commercial,Nice,CDD,2015-05-08,9.7,2078.0,Oui,80,52,45-54 ans
2564,M,inès.martin@datascope.fr,RH,Marseille,CDI,2024-02-06,0.9,3811.0,Non,100,27,25-34 ans
2899,M,alice.durand@datascope.fr,Finance,Strasbourg,CDI,2024-03-14,0.8,2828.0,Non,100,42,35-44 ans
1253,F,louis.richard@datascope.fr,Opérations,Strasbourg,CDI,2021-02-24,3.8,1060.0,Oui,80,47,45-54 ans
3195,M,léa.david@datascope.fr,Finance,Toulouse,CDD,2015-11-23,9.1,2222.0,Non,100,24,Moins de 25 ans
1820,M,alice.simon@datascope.fr,Opérations,Grenoble,Interim,2019-09-16,5.3,2696.0,Non,100,29,25-34 ans
1310,F,alice.bernard@datascope.fr,Opérations,Strasbourg,CDD,2019-10-18,5.2,3282.0,Oui,80,48,45-54 ans
2347,F,nicolas.simon@datascope.fr,Informatique,Lyon,CDI,2019-01-17,6.0,2498.0,Non,100,31,25-34 ans
2959,NB,antoine.garcia@datascope.fr,RH,Toulouse,CDI,2020-07-20,4.4,2444.0,Non,100,50,45-54 ans
1453,F,pierre.durand@datascope.fr,Opérations,Lyon,CDI,2020-05-10,4.6,1192.0,Oui,50,40,35-44 ans
3046,F,paul.petit@datascope.fr,RH,Toulouse,Interim,2018-02-27,6.8,2078.0,Non,100,28,25-34 ans
3114,F,thomas.simon@datascope.fr,Juridique,Lyon,CDI,2019-07-28,5.4,2047.0,Non,100,48,45-54 ans
2496,F,sarah.simon@datascope.fr,RH,Lyon,CDD,2015-03-06,9.8,2334.0,Non,100,38,35-44 ans
1034,M,romain.robert@datascope.fr,RH,Nantes,CDI,2021-07-08,3.5,2966.0,Oui,80,58,55 ans et plus
1821,M,chloé.roux@datascope.fr,Marketing,Lyon,Alternance,2022-01-27,2.9,1327.0,Oui,80,24,Moins de 25 ans
2246,F,paul.leroy@datascope.fr,Marketing,Strasbourg,CDD,2017-03-29,7.8,1154.0,Non,100,37,35-44 ans
2842,F,alice.moreau@datascope.fr,Juridique,Lille,CDI,2018-09-02,6.3,3088.0,Oui,50,36,35-44 ans
1319,M,marie.dubois@datascope.fr,Logistique,Lyon,Interim,2017-10-14,7.2,1630.0,Non,100,39,35-44 ans
1519,F,inès.garciadatascope.fr,Operations,Toulouse,Interim,2024-12-21,-2.4,0.0,Non,100,9,Moins de 25 ans
1174,F,chloé.michel@datascope.fr,Direction,Marseille,Alternance,2019-07-30,5.4,900.0,Oui,80,42,35-44 ans
2464,F,antoine.durand@datascope.fr,Direction,Toulouse,CDI,2022-02-11,2.9,2353.0,Non,100,39,35-44 ans
1517,F,alice.david@datascope.fr,Juridique,Marseille,Alternance,2020-09-17,4.3,993.0,Non,100,26,25-34 ans
1156,M,romain.bernard@datascope.fr,RH,Lyon,Interim,2018-11-25,6.1,2266.0,Non,100,27,25-34 ans
1351,F,paul.bernard@datascope.fr,Informatique,Bordeaux,Stage,2020-02-26,4.8,900.0,Non,100,38,35-44 ans
2301,M,léa.bernard@datascope.fr,Juridique,Bordeaux,CDI,2019-06-04,5.6,2770.0,Non,100,36,35-44 ans
1762,F,romain.martin@datascope.fr,Informatique,Grenoble,CDI,2022-07-31,2.4,3477.0,Non,100,32,25-34 ans
1563,F,alice.thomas@datascope.fr,Informatique,Marseille,CDD,2017-10-28,7.2,2450.0,Non,100,42,35-44 ans
1413,F,hugo.petitdatascope.fr,Logistics,Strasbourg,CDI,2024-10-18,0.2,0.0,Oui,80,14,Moins de 25 ans
2819,F,lucas.durand@datascope.fr,Logistique,Bordeaux,CDI,2018-07-27,6.4,2234.0,Non,100,31,25-34 ans
1649,M,inès.moreau@datascope.fr,Finance,Nantes,CDI,2017-05-14,7.6,2274.0,Oui,80,40,35-44 ans
1951,M,alice.martin@datascope.fr,Informatique,Nice,CDI,2022-02-11,2.9,2952.0,Non,100,26,25-34 ans
2504,M,pierre.michel@datascope.fr,RH,Lyon,Interim,2018-06-17,6.5,3008.0,Non,100,37,35-44 ans
2907,M,louis.leroy@datascope.fr,Logistique,Grenoble,CDI,2023-02-22,1.9,2623.0,Non,100,58,55 ans et plus
3254,F,léa.thomas@datascope.fr,Commercial,Nice,CDI,2024-09-16,0.3,1784.0,Oui,50,40,35-44 ans
1800,M,antoine.laurent@datascope.fr,Informatique,Grenoble,CDI,2018-02-18,6.9,3373.0,Oui,50,36,35-44 ans
1154,F,louis.fournier@datascope.fr,Finance,Grenoble,CDI,2018-03-15,6.8,2330.0,Oui,80,39,35-44 ans
2385,M,marie.michel@datascope.fr,Commercial,Nantes,CDI,2019-02-15,5.9,3748.0,Non,100,26,25-34 ans
2820,F,paul.david@datascope.fr,Opérations,Toulouse,CDD,2021-06-25,3.5,2039.0,Non,100,49,45-54 ans
2066,NB,paul.fournier@datascope.fr,Opérations,Paris,CDI,2022-10-04,2.2,3229.0,Oui,80,32,25-34 ans
1702,F,théo.roux@datascope.fr,RH,Bordeaux,CDI,2019-06-07,5.6,2877.0,Oui,50,42,35-44 ans
2481,M,lucas.moreau@datascope.fr,Marketing,Bordeaux,CDI,2016-12-11,8.1,3693.0,Non,100,36,35-44 ans
1665,M,pierre.roux@datascope.fr,Finance,Nice,CDD,2018-03-28,6.8,3212.0,Non,100,25,25-34 ans
3337,F,inès.bernard@datascope.fr,Juridique,Lyon,CDI,2019-02-09,5.9,2968.0,Non,100,35,35-44 ans
1525,M,sophie.petit@datascope.fr,Opérations,Bordeaux,CDI,2021-04-13,3.7,3826.0,Non,100,53,45-54 ans
1922,F,marie.bernard@datascope.fr,Informatique,Marseille,CDI,2022-11-16,2.1,2406.0,Non,100,32,25-34 ans
1579,M,paul.dubois@datascope.fr,Informatique,Paris,CDD,2019-05-19,5.6,1388.0,Non,100,53,45-54 ans
2102,F,léa.fournier@datascope.fr,Juridique,Toulouse,CDD,2023-11-28,1.1,2258.0,Non,100,43,35-44 ans
2767,F,antoine.michel@datascope.fr,Juridique,Nice,Stage,2019-07-07,5.5,900.0,Non,100,25,25-34 ans
2961,NB,pierre.richard@datascope.fr,Juridique,Lyon,CDI,2021-12-13,3.0,2461.0,Non,100,37,35-44 ans
2671,F,antoine.leroy@datascope.fr,Informatique,Bordeaux,Stage,2020-08-05,4.4,900.0,Non,100,51,45-54 ans
2346,NB,thomas.richard@datascope.fr,Opérations,Strasbourg,CDI,2022-05-29,2.6,1218.0,Non,100,36,35-44 ans
1910,F,paul.bertrand@datascope.fr,R&D,Toulouse,CDI,2020-09-08,4.3,2006.0,Oui,50,45,45-54 ans
3296,F,hugo.dubois@datascope.fr,Finance,Bordeaux,CDI,2019-07-24,5.4,2974.0,Non,100,46,45-54 ans
1993,F,marie.david@datascope.fr,Informatique,Strasbourg,CDI,2017-08-31,7.3,2688.0,Oui,80,46,45-54 ans
2440,M,camille.garcia@datascope.fr,Opérations,Lyon,CDI,2019-06-28,5.5,2503.0,Non,100,40,35-44 ans
2833,M,nicolas.martin@datascope.fr,Finance,Nantes,CDD,2015-12-20,9.0,3303.0,Non,100,52,45-54 ans
3140,F,hugo.leroy@datascope.fr,RH,Paris,CDI,2015-06-18,9.5,2215.0,Non,100,57,55 ans et plus
3183,F,alice.petit@datascope.fr,Logistique,Toulouse,CDI,2020-09-30,4.3,2460.0,Oui,80,40,35-44 ans
1428,F,théo.simon@datascope.fr,R&D,Lille,CDI,2020-12-12,4.1,2697.0,Non,100,31,25-34 ans
1790,M,paul.simondatascope.fr,Legal,Bordeaux,CDI,2017-01-26,-2.5,0.0,Non,100,13,Moins de 25 ans
2177,M,julie.thomas@datascope.fr,Opérations,Nantes,CDI,2018-06-25,6.5,3406.0,Oui,50,33,25-34 ans
1542,M,romain.garcia@datascope.fr,Finance,Nantes,CDI,2016-11-19,8.1,900.0,Non,100,55,55 ans et plus
2373,F,camille.david@datascope.fr,Informatique,Lille,CDI,2019-06-03,5.6,3091.0,Non,100,29,25-34 ans
3214,F,nicolas.fournier@datascope.fr,RH,Lyon,CDI,2023-07-24,1.4,4296.0,Non,100,40,35-44 ans
1781,M,chloé.durand@datascope.fr,Informatique,Lyon,CDI,2023-12-17,1.0,2505.0,Non,100,49,45-54 ans
1455,M,pierre.robert@datascope.fr,Commercial,Nantes,Interim,2020-02-17,4.9,2334.0,Non,100,49,45-54 ans
1834,F,chloé.durand@datascope.fr,Commercial,Bordeaux,CDI,2016-07-02,8.5,3440.0,Non,100,36,35-44 ans
1929,M,léa.fournier@datascope.fr,R&D,Bordeaux,Alternance,2018-08-29,6.3,900.0,Non,100,55,55 ans et plus
3066,M,hugo.simon@datascope.fr,R&D,Lyon,CDI,2021-12-27,3.0,1204.0,Oui,80,52,45-54 ans
2258,F,pierre.richard@datascope.fr,Finance,Bordeaux,CDD,2015-06-29,9.5,2795.0,Non,100,43,35-44 ans
2934,F,emma.thomas@datascope.fr,Commercial,Bordeaux,CDD,2019-08-25,5.4,3181.0,Non,100,52,45-54 ans
1555,F,inès.garcia@datascope.fr,Informatique,Toulouse,CDI,2018-02-18,6.9,2770.0,Non,100,30,25-34 ans
2017,F,romain.moreau@datascope.fr,Direction,Marseille,Interim,2015-01-05,10.0,2738.0,Non,100,58,55 ans et plus
2306,M,camille.roux@datascope.fr,Juridique,Marseille,Alternance,2020-12-12,4.1,1468.0,Non,100,36,35-44 ans
2774,M,chloé.dubois@datascope.fr,Juridique,Toulouse,CDD,2016-09-14,8.3,1496.0,Non,100,58,55 ans et plus
1876,M,antoine.garcia@datascope.fr,Informatique,Toulouse,CDI,2017-03-29,7.8,3347.0,Non,100,39,35-44 ans
1348,F,léa.lefebvre@datascope.fr,Finance,Bordeaux,Stage,2018-09-16,6.3,900.0,Non,100,57,55 ans et plus
1540,NB,nicolas.bertrand@datascope.fr,Opérations,Lille,CDI,2020-08-12,4.4,3311.0,Non,100,43,35-44 ans
1215,M,théo.thomas@datascope.fr,R&D,Lille,Stage,2024-11-19,0.1,900.0,Non,100,41,35-44 ans
3191,F,marie.vincent@datascope.fr,Finance,Nice,CDI,2018-09-08,6.3,2622.0,Non,100,46,45-54 ans
2057,F,hugo.thomas@datascope.fr,Logistique,Grenoble,CDI,2023-12-07,1.1,3385.0,Non,100,28,25-34 ans
2744,F,emma.fournier@datascope.fr,Logistique,Bordeaux,Alternance,2019-08-29,5.3,1367.0,Non,100,27,25-34 ans
1793,M,sarah.michel@datascope.fr,Opérations,Grenoble,CDI,2019-09-25,5.3,2012.0,Non,100,59,55 ans et plus
1168,M,léa.garcia@datascope.fr,Opérations,Marseille,CDI,2023-06-10,1.6,2859.0,Non,100,51,45-54 ans
1728,F,hugo.roux@datascope.fr,R&D,Strasbourg,Interim,2017-03-01,7.8,1848.0,Non,100,51,45-54 ans
1546,M,théo.leroy@datascope.fr,Informatique,Paris,CDI,2022-06-21,2.5,2177.0,Oui,50,59,55 ans et plus
1143,M,antoine.durand@datascope.fr,R&D,Lille,Stage,2017-12-27,7.0,900.0,Non,100,55,55 ans et plus
1414,M,louis.thomas@datascope.fr,Finance,Strasbourg,CDI,2016-08-14,8.4,3630.0,Oui,50,44,35-44 ans
3322,F,marie.garcia@datascope.fr,Direction,Lyon,CDI,2019-09-26,5.3,1450.0,Non,100,57,55 ans et plus
1700,F,louis.roux@datascope.fr,Opérations,Toulouse,CDI,2020-04-09,4.7,2186.0,Non,100,54,45-54 ans
1653,F,inès.bernard@datascope.fr,Juridique,Bordeaux,CDI,2019-05-06,5.7,1952.0,Non,100,34,25-34 ans
2451,F,théo.thomas@datascope.fr,RH,Lille,CDD,2023-05-29,1.6,900.0,Non,100,34,25-34 ans
3325,F,léa.laurent@datascope.fr,R&D,Grenoble,CDI,2016-12-02,8.1,3556.0,Non,100,57,55 ans et plus
1358,M,lucas.thomas@datascope.fr,Direction,Lille,CDI,2017-12-07,7.1,3071.0,Oui,50,34,25-34 ans
1766,NB,hugo.laurent@datascope.fr,Direction,Lyon,CDI,2015-02-10,9.9,2065.0,Oui,80,43,35-44 ans
2621,NB,léa.simon@datascope.fr,Opérations,Bordeaux,Alternance,2022-02-05,2.9,1002.0,Oui,50,41,35-44 ans
2075,F,paul.martin@datascope.fr,R&D,Nice,CDI,2019-09-16,5.3,2896.0,Oui,50,54,45-54 ans
1440,M,sophie.lefebvre@datascope.fr,Informatique,Nantes,CDI,2020-11-09,4.1,2440.0,Non,100,24,Moins de 25 ans
2592,M,lucas.lefebvre@datascope.fr,R&D,Toulouse,Alternance,2022-05-20,2.6,1450.0,Oui,50,38,35-44 ans
1890,M,marie.michel@datascope.fr,R&D,Nice,CDI,2023-02-18,1.9,1336.0,Non,100,50,45-54 ans
2513,F,théo.vincent@datascope.fr,Finance,Nantes,CDI,2015-09-11,9.3,3809.0,Non,100,32,25-34 ans
2540,F,pierre.garcia@datascope.fr,Informatique,Marseille,CDI,2019-07-20,5.5,3514.0,Non,100,31,25-34 ans
1612,M,lucas.fournier@datascope.fr,Informatique,Nice,CDI,2022-10-17,2.2,3153.0,Non,100,26,25-34 ans
3041,F,romain.martin@datascope.fr,Commercial,Nantes,CDI,2020-05-19,4.6,1128.0,Oui,80,30,25-34 ans
2062,M,inès.fournier@datascope.fr,Informatique,Nantes,Interim,2017-06-26,7.5,2464.0,Non,100,33,25-34 ans
3319,M,louis.garcia@datascope.fr,Direction,Marseille,Interim,2020-03-17,4.8,3277.0,Non,100,38,35-44 ans
1868,F,sarah.moreau@datascope.fr,Marketing,Strasbourg,CDI,2017-05-19,7.6,3278.0,Oui,50,39,35-44 ans
3122,F,emma.vincent@datascope.fr,RH,Nice,CDI,2017-11-21,7.1,3211.0,Oui,80,41,35-44 ans
2182,M,hugo.garcia@datascope.fr,Juridique,Toulouse,CDD,2017-01-20,7.9,3092.0,Oui,80,29,25-34 ans
2623,M,louis.leroy@datascope.fr,Direction,Strasbourg,CDI,2020-06-04,4.6,4089.0,Non,100,41,35-44 ans
1134,M,julie.laurent@datascope.fr,Logistique,Paris,CDD,2021-12-14,3.0,2302.0,Non,100,39,35-44 ans
2335,M,marie.martin@datascope.fr,Marketing,Toulouse,Interim,2017-05-28,7.6,1431.0,Oui,50,49,45-54 ans
3150,M,théo.richard@datascope.fr,Direction,Marseille,Alternance,2023-08-13,1.4,1173.0,Non,100,40,35-44 ans
2073,F,chloé.fournier@datascope.fr,Direction,Toulouse,CDI,2018-03-17,6.8,3120.0,Non,100,56,55 ans et plus
1391,M,nicolas.garcia@datascope.fr,Marketing,Lyon,CDD,2022-06-25,2.5,2769.0,Non,100,55,55 ans et plus
2996,M,inès.bernard@datascope.fr,Marketing,Bordeaux,Alternance,2022-07-25,2.4,900.0,Non,100,33,25-34 ans
2047,F,lucas.roux@datascope.fr,Juridique,Strasbourg,CDI,2021-04-17,3.7,2738.0,Oui,50,31,25-34 ans
2587,F,sophie.lefebvre@datascope.fr,Finance,Bordeaux,CDI,2023-06-30,1.5,3625.0,Non,100,45,45-54 ans
1768,F,emma.michel@datascope.fr,Commercial,Lyon,CDI,2019-06-15,5.5,1938.0,Oui,50,49,45-54 ans
1963,M,nicolas.bertrand@datascope.fr,RH,Toulouse,CDI,2018-02-24,6.9,2718.0,Non,100,52,45-54 ans
3108,M,pierre.petit@datascope.fr,Informatique,Lyon,CDI,2019-02-20,5.9,2232.0,Non,100,29,25-34 ans
1731,NB,alice.dubois@datascope.fr,Logistique,Grenoble,CDD,2023-05-11,1.6,2241.0,Non,100,30,25-34 ans
2778,M,antoine.robert@datascope.fr,RH,Bordeaux,Alternance,2015-09-10,9.3,1117.0,Oui,50,59,55 ans et plus
1780,NB,théo.robert@datascope.fr,Commercial,Nice,CDI,2021-06-29,3.5,3527.0,Non,100,53,45-54 ans
2101,M,camille.david@datascope.fr,Marketing,Nantes,CDI,2018-03-25,6.8,2390.0,Oui,50,52,45-54 ans
2970,M,sophie.robert@datascope.fr,RH,Lyon,CDI,2023-08-21,1.4,3422.0,Oui,50,31,25-34 ans
2824,F,lucas.robert@datascope.fr,Marketing,Paris,Interim,2020-07-12,4.5,2295.0,Non,100,39,35-44 ans
2307,M,alice.richard@datascope.fr,Marketing,Toulouse,Alternance,2019-04-04,5.7,1044.0,Non,100,50,45-54 ans
2112,F,hugo.garcia@datascope.fr,Finance,Nantes,CDI,2022-03-20,2.8,2997.0,Oui,50,52,45-54 ans
1248,F,louis.vincent@datascope.fr,Marketing,Nice,CDI,2021-03-28,3.8,3321.0,Non,100,59,55 ans et plus
3326,F,hugo.roux@datascope.fr,Juridique,Lille,CDI,2022-06-02,2.6,1515.0,Non,100,47,45-54 ans
2367,F,romain.petit@datascope.fr,R&D,Marseille,CDD,2019-04-06,5.7,1626.0,Non,100,42,35-44 ans
1213,M,sophie.richard@datascope.fr,Informatique,Strasbourg,CDI,2023-11-29,1.1,2273.0,Non,100,53,45-54 ans
2593,F,emma.moreau@datascope.fr,Marketing,Nice,CDD,2021-08-16,3.4,2983.0,Oui,80,55,55 ans et plus
2433,F,marie.martin@datascope.fr,Marketing,Nantes,CDD,2023-06-18,1.5,1357.0,Non,100,59,55 ans et plus
3358,M,antoine.laurent@datascope.fr,Marketing,Grenoble,CDD,2020-07-28,4.4,2323.0,Oui,50,56,55 ans et plus
2074,M,inès.michel@datascope.fr,Direction,Paris,CDI,2021-08-30,3.3,2645.0,Non,100,52,45-54 ans
1182,F,théo.david@datascope.fr,Commercial,Marseille,CDI,2023-08-02,1.4,1593.0,Oui,80,53,45-54 ans
3306,F,julie.durand@datascope.fr,Juridique,Strasbourg,CDI,2023-06-23,1.5,3752.0,Oui,80,30,25-34 ans
2714,F,pierre.robert@datascope.fr,Finance,Strasbourg,CDD,2022-02-19,2.9,3049.0,Non,100,31,25-34 ans
1562,M,théo.durand@datascope.fr,Commercial,Nice,Stage,2018-11-11,6.1,900.0,Oui,80,24,Moins de 25 ans
1811,F,théo.dubois@datascope.fr,Juridique,Strasbourg,Alternance,2019-02-02,5.9,1289.0,Non,100,42,35-44 ans
2199,M,nicolas.martin@datascope.fr,Informatique,Paris,CDD,2021-07-31,3.4,3002.0,Non,100,27,25-34 ans
2815,F,antoine.bernard@datascope.fr,Informatique,Toulouse,Alternance,2023-11-20,1.1,965.0,Non,100,56,55 ans et plus
2895,F,pierre.laurent@datascope.fr,Commercial,Strasbourg,CDI,2020-01-23,4.9,2046.0,Non,100,29,25-34 ans
1187,F,camille.richard@datascope.fr,Marketing,Lyon,CDI,2021-02-22,3.9,2371.0,Oui,80,57,55 ans et plus
1509,F,julie.michel@datascope.fr,R&D,Grenoble,Interim,2015-05-06,9.7,1699.0,Non,100,57,55 ans et plus
1025,F,thomas.richard@datascope.fr,R&D,Nantes,Alternance,2018-07-06,6.5,1155.0,Oui,50,36,35-44 ans
2893,F,théo.leroy@datascope.fr,Marketing,Marseille,CDI,2021-07-05,3.5,2127.0,Non,100,58,55 ans et plus
2769,M,camille.thomas@datascope.fr,RH,Nice,CDI,2020-05-03,4.7,3305.0,Non,100,56,55 ans et plus
1170,M,sophie.martin@datascope.fr,Commercial,Grenoble,CDD,2023-10-13,1.2,3849.0,Oui,80,44,35-44 ans
2928,F,sarah.martin@datascope.fr,Informatique,Lille,CDI,2019-06-21,5.5,3689.0,Non,100,32,25-34 ans
2864,M,paul.robert@datascope.fr,R&D,Strasbourg,CDI,2023-04-13,1.7,2596.0,Non,100,49,45-54 ans
1186,M,chloé.leroy@datascope.fr,Logistique,Lille,CDI,2024-08-18,0.4,4098.0,Oui,80,58,55 ans et plus
3310,F,thomas.laurent@datascope.fr,Finance,Marseille,CDI,2019-06-08,5.6,3084.0,Non,100,26,25-34 ans
2386,NB,emma.fournier@datascope.fr,Logistique,Lille,CDD,2015-12-25,9.0,2497.0,Oui,50,55,55 ans et plus
2693,F,paul.david@datascope.fr,Juridique,Marseille,Stage,2022-03-20,2.8,900.0,Non,100,59,55 ans et plus
2350,NB,pierre.martin@datascope.fr,Commercial,Marseille,CDI,2023-05-27,1.6,1941.0,Non,100,53,45-54 ans
2729,M,emma.michel@datascope.fr,Opérations,Lyon,CDI,2017-06-04,7.6,1921.0,Oui,80,35,35-44 ans
2332,M,emma.bernard@datascope.fr,Opérations,Grenoble,CDI,2015-09-29,9.3,3361.0,Non,100,47,45-54 ans
3290,M,théo.roux@datascope.fr,Logistique,Nice,CDD,2019-07-08,5.5,3661.0,Oui,80,36,35-44 ans
3105,F,louis.bernard@datascope.fr,Commercial,Lyon,CDD,2024-07-23,0.4,2242.0,Non,100,54,45-54 ans
1569,F,romain.moreau@datascope.fr,IT,Bordeaux,CDD,2023-08-29,1.3,0.0,Non,100,14,Moins de 25 ans
2431,M,théo.bertrand@datascope.fr,RH,Strasbourg,CDI,2018-04-23,6.7,3845.0,Oui,80,29,25-34 ans
1079,M,camille.dubois@datascope.fr,Direction,Strasbourg,Alternance,2017-10-05,7.2,956.0,Non,100,42,35-44 ans
2652,F,sarah.bertrand@datascope.fr,Informatique,Lille,CDI,2017-07-06,7.5,2644.0,Non,100,49,45-54 ans
1577,M,chloé.leroy@datascope.fr,Finance,Paris,CDI,2015-09-03,9.3,3524.0,Oui,50,37,35-44 ans
3011,M,thomas.martin@datascope.fr,Direction,Toulouse,CDI,2015-05-30,9.6,2408.0,Oui,80,53,45-54 ans
3030,F,sarah.moreau@datascope.fr,Opérations,Strasbourg,CDI,2024-01-14,1.0,3570.0,Oui,80,28,25-34 ans
1329,M,paul.david@datascope.fr,R&D,Grenoble,CDI,2021-12-24,3.0,2254.0,Oui,50,44,35-44 ans
1698,F,louis.michel@datascope.fr,R&D,Paris,CDI,2015-01-10,10.0,2324.0,Non,100,38,35-44 ans
2537,F,chloé.simon@datascope.fr,Juridique,Nice,CDI,2016-09-23,8.3,2989.0,Non,100,40,35-44 ans
2832,F,sarah.michel@datascope.fr,Logistique,Marseille,CDI,2015-05-23,9.6,3246.0,Non,100,38,35-44 ans
1308,M,inès.laurent@datascope.fr,Juridique,Nice,Alternance,2015-01-31,9.9,900.0,Non,100,55,55 ans et plus
2031,F,thomas.laurent@datascope.fr,Informatique,Lyon,Stage,2023-09-09,1.3,900.0,Oui,80,59,55 ans et plus
2871,F,lucas.richard@datascope.fr,Opérations,Strasbourg,CDI,2021-03-09,3.8,3933.0,Non,100,38,35-44 ans
1760,M,chloé.laurent@datascope.fr,R&D,Strasbourg,CDI,2020-12-09,4.1,2576.0,Oui,80,54,45-54 ans
1163,M,pierre.garcia@datascope.fr,Direction,Toulouse,CDI,2021-06-01,3.6,2105.0,Non,100,25,25-34 ans
2752,F,hugo.fournier@datascope.fr,Juridique,Lyon,CDI,2020-05-06,4.7,2116.0,Non,100,45,45-54 ans
2168,F,chloé.roux@datascope.fr,Finance,Nantes,CDI,2021-08-05,3.4,2441.0,Oui,50,56,55 ans et plus
2862,F,thomas.vincent@datascope.fr,Finance,Nantes,CDI,2024-05-12,0.6,3753.0,Oui,50,49,45-54 ans
2870,NB,antoine.michel@datascope.fr,Informatique,Lyon,CDI,2020-09-18,4.3,3431.0,Non,100,29,25-34 ans
1893,M,nicolas.moreau@datascope.fr,RH,Bordeaux,Interim,2024-02-21,0.9,1553.0,Non,100,52,45-54 ans
1914,F,emma.vincent@datascope.fr,Finance,Nantes,CDD,2015-02-12,9.9,2985.0,Non,100,44,35-44 ans
1250,F,pierre.martin@datascope.fr,Logistique,Nantes,CDD,2017-09-06,7.3,1355.0,Non,100,43,35-44 ans
3227,NB,sarah.bertrand@datascope.fr,R&D,Nantes,CDI,2021-12-19,3.0,2739.0,Non,100,39,35-44 ans
3082,M,inès.petit@datascope.fr,RH,Lille,CDI,2015-05-19,9.6,2058.0,Non,100,38,35-44 ans
2915,M,pierre.richard@datascope.fr,Logistique,Toulouse,Alternance,2022-02-09,2.9,1182.0,Non,100,57,55 ans et plus
1021,F,chloé.fournier@datascope.fr,Informatique,Grenoble,CDI,2019-09-17,5.3,2529.0,Non,100,37,35-44 ans
1219,F,théo.lefebvre@datascope.fr,Juridique,Marseille,CDI,2020-02-04,4.9,2698.0,Oui,50,57,55 ans et plus
2950,M,nicolas.leroy@datascope.fr,Opérations,Lille,CDI,2020-02-29,4.8,1815.0,Oui,50,38,35-44 ans
2596,M,marie.richard@datascope.fr,RH,Grenoble,CDD,2021-08-30,3.3,2455.0,Non,100,38,35-44 ans
1628,F,théo.richard@datascope.fr,R&D,Nantes,CDI,2022-01-29,2.9,2397.0,Oui,50,29,25-34 ans
3133,NB,romain.vincent@datascope.fr,R&D,Toulouse,Stage,2017-05-09,7.6,900.0,Non,100,49,45-54 ans
1118,F,pierre.martin@datascope.fr,R&D,Marseille,CDI,2020-12-15,4.0,3126.0,Non,100,35,35-44 ans
2725,M,sarah.vincent@datascope.fr,Opérations,Paris,CDI,2024-07-01,0.5,2936.0,Non,100,53,45-54 ans
3017,M,sophie.thomas@datascope.fr,Opérations,Marseille,CDI,2016-07-11,8.5,1704.0,Oui,80,50,45-54 ans
2466,M,julie.garcia@datascope.fr,RH,Toulouse,CDD,2021-09-25,3.3,2978.0,Oui,80,42,35-44 ans
1061,F,nicolas.laurent@datascope.fr,Informatique,Grenoble,CDI,2016-03-14,8.8,2809.0,Oui,50,49,45-54 ans
1357,M,sarah.roux@datascope.fr,R&D,Nantes,CDI,2015-11-06,9.2,3457.0,Non,100,38,35-44 ans
1941,F,marie.garcia@datascope.fr,Logistique,Paris,Stage,2021-10-11,3.2,900.0,Non,100,36,35-44 ans
2394,F,marie.bernard@datascope.fr,Commercial,Bordeaux,CDD,2024-12-25,0.0,1622.0,Oui,80,40,35-44 ans
1052,M,camille.petit@datascope.fr,Finance,Strasbourg,CDI,2023-05-01,1.7,2382.0,Oui,50,55,55 ans et plus
2707,F,nicolas.garcia@datascope.fr,Commercial,Toulouse,CDI,2021-01-12,4.0,3151.0,Non,100,47,45-54 ans
1041,M,inès.garcia@datascope.fr,Opérations,Paris,CDI,2024-04-10,0.7,2730.0,Oui,50,57,55 ans et plus
1251,F,chloé.fournier@datascope.fr,Opérations,Toulouse,Stage,2015-12-15,9.0,900.0,Non,100,44,35-44 ans
2688,M,alice.bertrand@datascope.fr,Finance,Bordeaux,CDI,2024-02-21,0.9,2571.0,Oui,50,24,Moins de 25 ans
2803,M,théo.petit@datascope.fr,Direction,Nantes,CDI,2017-07-11,7.5,2389.0,Oui,80,57,55 ans et plus
3331,NB,hugo.richard@datascope.fr,RH,Lille,CDI,2024-06-09,0.6,2471.0,Non,100,33,25-34 ans
1202,F,lucas.fournier@datascope.fr,Marketing,Nice,CDI,2024-08-31,0.3,2434.0,Non,100,45,45-54 ans
1687,NB,léa.fournier@datascope.fr,Commercial,Marseille,CDI,2020-06-01,4.6,2746.0,Oui,50,34,25-34 ans
2639,M,lucas.dubois@datascope.fr,Opérations,Bordeaux,Alternance,2015-02-08,9.9,1080.0,Non,100,43,35-44 ans
2550,F,hugo.petit@datascope.fr,Commercial,Bordeaux,CDI,2017-12-12,7.1,2237.0,Non,100,36,35-44 ans
3107,F,sarah.roux@datascope.fr,Informatique,Grenoble,CDI,2019-12-05,5.1,3241.0,Non,100,57,55 ans et plus
2232,NB,sarah.roux@datascope.fr,RH,Grenoble,CDI,2016-03-18,8.8,2776.0,Non,100,31,25-34 ans
1722,M,sarah.thomas@datascope.fr,Finance,Lyon,CDI,2017-06-21,7.5,2382.0,Oui,50,52,45-54 ans
2672,F,julie.richard@datascope.fr,Marketing,Paris,CDI,2017-08-16,7.4,3327.0,Oui,80,36,35-44 ans
1474,M,théo.garcia@datascope.fr,Commercial,Marseille,CDI,2020-01-28,4.9,2304.0,Non,100,41,35-44 ans
1221,M,lucas.moreau@datascope.fr,RH,Strasbourg,CDD,2018-06-04,6.6,2086.0,Non,100,37,35-44 ans
1040,M,thomas.dubois@datascope.fr,Direction,Marseille,CDI,2020-04-12,4.7,2579.0,Non,100,30,25-34 ans
1484,F,inès.petit@datascope.fr,Finance,Grenoble,CDI,2018-08-05,6.4,2352.0,Oui,50,42,35-44 ans
2951,F,louis.vincent@datascope.fr,Logistique,Marseille,CDD,2022-12-28,2.0,2457.0,Non,100,55,55 ans et plus
2212,F,thomas.fournier@datascope.fr,Direction,Lille,CDI,2019-06-26,5.5,3018.0,Non,100,54,45-54 ans
2708,M,julie.robert@datascope.fr,Marketing,Lille,Alternance,2022-09-27,2.3,900.0,Non,100,47,45-54 ans
2756,NB,théo.roux@datascope.fr,Direction,Strasbourg,Alternance,2018-07-23,6.4,1568.0,Non,100,30,25-34 ans
1420,F,nicolas.robert@datascope.fr,Informatique,Bordeaux,CDI,2021-03-01,3.8,2472.0,Oui,80,53,45-54 ans
2547,M,julie.david@datascope.fr,Commercial,Toulouse,Interim,2017-07-19,7.5,1701.0,Non,100,44,35-44 ans
2052,F,sarah.moreau@datascope.fr,R&D,Lille,CDI,2016-07-27,8.4,2148.0,Oui,80,24,Moins de 25 ans
3235,M,lucas.vincent@datascope.fr,Opérations,Grenoble,CDI,2017-07-20,7.4,3102.0,Oui,50,58,55 ans et plus
2456,F,sophie.michel@datascope.fr,Direction,Grenoble,Alternance,2020-05-19,4.6,900.0,Oui,50,45,45-54 ans
3294,M,romain.dubois@datascope.fr,Informatique,Toulouse,CDI,2021-07-28,3.4,2195.0,Non,100,33,25-34 ans
1595,F,pierre.bertrand@datascope.fr,Finance,Lyon,CDI,2017-06-09,7.6,3045.0,Non,100,42,35-44 ans
1832,F,chloé.robert@datascope.fr,Informatique,Grenoble,CDI,2023-02-16,1.9,2644.0,Non,100,31,25-34 ans
1831,F,inès.thomas@datascope.fr,Opérations,Lille,CDI,2016-12-12,8.1,3781.0,Oui,50,51,45-54 ans
3057,F,lucas.dubois@datascope.fr,Opérations,Grenoble,Stage,2023-08-31,1.3,900.0,Oui,80,34,25-34 ans
1350,F,marie.simon@datascope.fr,Finance,Paris,CDI,2017-08-03,7.4,3051.0,Non,100,43,35-44 ans
2598,M,alice.michel@datascope.fr,Juridique,Paris,CDD,2024-03-11,0.8,3059.0,Oui,50,53,45-54 ans
2611,M,sophie.vincent@datascope.fr,Commercial,Lille,Alternance,2018-11-25,6.1,1549.0,Oui,50,31,25-34 ans
3085,M,hugo.dubois@datascope.fr,Commercial,Bordeaux,CDD,2022-04-13,2.7,1710.0,Non,100,25,25-34 ans
2288,F,sophie.robert@datascope.fr,Finance,Bordeaux,CDI,2021-04-22,3.7,3077.0,Oui,80,40,35-44 ans
2436,M,chloé.roux@datascope.fr,Juridique,Paris,CDI,2019-06-10,5.6,926.0,Non,100,24,Moins de 25 ans
1581,M,alice.simon@datascope.fr,R&D,Strasbourg,CDI,2015-01-28,9.9,2551.0,Non,100,11,Moins de 25 ans
1283,F,chloé.michel@datascope.fr,Commercial,Paris,CDI,2020-11-01,4.2,2680.0,Non,100,30,25-34 ans
2661,F,théo.garcia@datascope.fr,Marketing,Paris,CDI,2024-07-20,0.4,3485.0,Non,100,53,45-54 ans
3125,M,hugo.dubois@datascope.fr,R&D,Toulouse,CDI,2024-05-05,0.7,2991.0,Oui,50,32,25-34 ans
1823,NB,inès.roux@datascope.fr,RH,Bordeaux,Alternance,2018-06-01,6.6,1319.0,Non,100,31,25-34 ans
1010,M,camille.martin@datascope.fr,Direction,Bordeaux,Alternance,2015-02-26,9.8,1284.0,Oui,80,53,45-54 ans
2890,M,léa.martin@datascope.fr,R&D,Bordeaux,CDI,2024-12-17,0.0,3108.0,Non,100,26,25-34 ans
2784,M,emma.simon@datascope.fr,Direction,Paris,CDD,2017-01-10,8.0,3013.0,Non,100,34,25-34 ans
3353,M,alice.durand@datascope.fr,Opérations,Bordeaux,Alternance,2021-12-28,3.0,1280.0,Non,100,43,35-44 ans
3212,NB,pierre.bertrand@datascope.fr,Commercial,Lille,Stage,2020-09-06,4.3,,Non,100,42,35-44 ans
1748,F,sophie.petit@datascope.fr,Juridique,Nantes,CDI,2017-09-07,7.3,2666.0,Oui,50,45,45-54 ans
2923,M,louis.richard@datascope.fr,R&D,Nantes,CDI,2015-05-06,9.7,2603.0,Non,100,58,55 ans et plus
1426,M,romain.roux@datascope.fr,Informatique,Lille,CDI,2024-08-31,0.3,4708.0,Non,100,55,55 ans et plus
2518,F,léa.laurent@datascope.fr,RH,Lyon,CDI,2016-09-21,8.3,4454.0,Oui,80,37,35-44 ans
1997,M,marie.michel@datascope.fr,Opérations,Paris,CDI,2017-01-20,7.9,3330.0,Oui,80,49,45-54 ans
2536,M,marie.thomas@datascope.fr,Finance,Paris,CDI,2018-11-30,6.1,1819.0,Oui,80,55,55 ans et plus
2900,F,louis.michel@datascope.fr,Informatique,Nantes,Alternance,2019-07-01,5.5,1377.0,Non,100,27,25-34 ans
2323,F,sophie.bertrand@datascope.fr,Informatique,Nice,CDI,2023-07-29,1.4,4542.0,Oui,80,29,25-34 ans
3185,M,antoine.laurent@datascope.fr,R&D,Lyon,CDI,2024-11-27,0.1,2355.0,Oui,80,34,25-34 ans
2589,M,théo.david@datascope.fr,Direction,Lille,CDI,2021-02-22,3.9,2764.0,Non,100,49,45-54 ans
2359,F,louis.bernard@datascope.fr,Logistique,Marseille,CDD,2024-04-16,0.7,3082.0,Non,100,33,25-34 ans
2421,F,paul.simondatascope.fr,Marketing,Bordeaux,CDI,2024-01-02,1.0,3367.0,Oui,50,13,Moins de 25 ans
1405,M,camille.thomas@datascope.fr,Informatique,Grenoble,CDD,2017-10-09,7.2,1710.0,Oui,80,55,55 ans et plus
2944,F,lucas.garcia@datascope.fr,Opérations,Bordeaux,CDI,2017-05-09,7.6,2666.0,Non,100,36,35-44 ans
3382,M,paul.michel@datascope.fr,Finance,Toulouse,CDI,2017-01-31,7.9,3406.0,Oui,80,28,25-34 ans
1725,F,hugo.moreau@datascope.fr,Opérations,Paris,CDD,2016-11-11,8.1,2230.0,Non,100,31,25-34 ans
1972,M,thomas.dubois@datascope.fr,RH,Lille,CDI,2021-05-25,3.6,1901.0,Non,100,45,45-54 ans
1989,F,inès.robert@datascope.fr,R&D,Nice,CDI,2019-01-21,5.9,1921.0,Non,100,32,25-34 ans
3077,NB,camille.bernard@datascope.fr,Direction,Strasbourg,CDI,2021-02-13,3.9,3666.0,Non,100,34,25-34 ans
1873,F,lucas.lefebvre@datascope.fr,Informatique,Bordeaux,Alternance,2016-03-14,8.8,1095.0,Non,100,41,35-44 ans
3091,F,camille.dubois@datascope.fr,Direction,Lyon,CDD,2017-09-04,7.3,2273.0,Non,100,43,35-44 ans
1057,F,inès.simon@datascope.fr,Opérations,Lille,CDI,2022-01-28,2.9,3153.0,Non,100,41,35-44 ans
3067,F,chloé.garcia@datascope.fr,Commercial,Nice,Stage,2024-02-22,0.9,900.0,Non,100,43,35-44 ans
1774,F,louis.vincent@datascope.fr,Marketing,Bordeaux,CDI,2015-11-03,9.2,3742.0,Non,100,47,45-54 ans
3100,M,emma.roux@datascope.fr,RH,Strasbourg,CDI,2024-05-11,0.6,3173.0,Non,100,43,35-44 ans
1923,F,sophie.vincent@datascope.fr,Finance,Strasbourg,CDI,2021-03-19,3.8,3348.0,Oui,80,46,45-54 ans
1792,F,inès.lefebvre@datascope.fr,R&D,Nantes,CDD,2017-10-27,7.2,1467.0,Oui,80,36,35-44 ans
2457,M,camille.laurent@datascope.fr,Juridique,Marseille,CDI,2016-04-28,8.7,1841.0,Oui,50,31,25-34 ans
3286,F,paul.thomas@datascope.fr,R&D,Bordeaux,CDI,2023-09-03,1.3,3475.0,Non,100,40,35-44 ans
2034,NB,thomas.dubois@datascope.fr,Logistique,Grenoble,CDI,2024-11-13,0.1,2684.0,Oui,50,47,45-54 ans
2285,F,chloé.leroy@datascope.fr,Commercial,Marseille,Alternance,2015-03-23,9.8,900.0,Non,100,51,45-54 ans
1083,NB,inès.dubois@datascope.fr,Commercial,Nice,CDI,2020-08-25,4.4,2706.0,Oui,80,33,25-34 ans
1422,M,sarah.petit@datascope.fr,Commercial,Grenoble,CDI,2020-09-28,4.3,3369.0,Non,100,59,55 ans et plus
3202,M,léa.laurent@datascope.fr,RH,Toulouse,CDI,2020-09-26,4.3,2886.0,Non,100,47,45-54 ans
1206,M,alice.bernard@datascope.fr,Informatique,Grenoble,CDI,2020-09-08,4.3,2851.0,Oui,80,31,25-34 ans
1786,M,marie.leroy@datascope.fr,R&D,Strasbourg,CDI,2018-03-16,6.8,1338.0,Non,100,47,45-54 ans
2797,F,louis.david@datascope.fr,Juridique,Bordeaux,Alternance,2016-02-14,8.9,987.0,Oui,50,57,55 ans et plus
1716,M,inès.simon@datascope.fr,Marketing,Lille,CDI,2018-10-24,6.2,2131.0,Oui,50,58,55 ans et plus
1381,M,hugo.robert@datascope.fr,R&D,Toulouse,CDI,2023-05-14,1.6,2138.0,Non,100,54,45-54 ans
1763,F,nicolas.vincent@datascope.fr,Opérations,Lille,CDI,2021-12-31,3.0,2971.0,Non,100,52,45-54 ans
3279,F,paul.roux@datascope.fr,Informatique,Lyon,CDD,2018-01-26,6.9,1786.0,Non,100,55,55 ans et plus
1593,M,pierre.garcia@datascope.fr,RH,Grenoble,CDI,2024-04-11,0.7,3491.0,Non,100,24,Moins de 25 ans
2486,F,julie.fournier@datascope.fr,Management,Bordeaux,Alternance,2018-05-15,6.6,0.0,Non,100,13,Moins de 25 ans
3025,F,paul.durand@datascope.fr,Direction,Nantes,Alternance,2018-10-01,6.3,1212.0,Non,100,31,25-34 ans
1211,M,chloé.petit@datascope.fr,Opérations,Bordeaux,CDI,2017-09-16,7.3,3625.0,Oui,50,28,25-34 ans
1157,M,alice.dubois@datascope.fr,Commercial,Lille,CDD,2020-04-09,4.7,2073.0,Non,100,36,35-44 ans
2204,F,julie.robert@datascope.fr,Logistique,Paris,Alternance,2017-05-30,7.6,1049.0,Oui,50,58,55 ans et plus
1026,F,camille.durand@datascope.fr,RH,Strasbourg,CDI,2016-10-04,8.2,3491.0,Oui,50,24,Moins de 25 ans
1429,F,marie.bernard@datascope.fr,Direction,Toulouse,CDI,2023-10-11,1.2,3892.0,Non,100,57,55 ans et plus
3302,F,théo.david@datascope.fr,Finance,Bordeaux,CDI,2024-05-31,0.6,2111.0,Non,100,47,45-54 ans
2004,F,marie.durand@datascope.fr,Opérations,Strasbourg,CDI,2018-06-22,6.5,3307.0,Non,100,24,Moins de 25 ans
2423,F,inès.durand@datascope.fr,RH,Marseille,CDI,2016-07-20,8.4,2015.0,Non,100,45,45-54 ans
3119,M,sarah.fournier@datascope.fr,Commercial,Paris,CDD,2020-04-17,4.7,3486.0,Non,100,47,45-54 ans
2491,M,antoine.martin@datascope.fr,Informatique,Bordeaux,CDI,2017-11-19,7.1,3241.0,Non,100,42,35-44 ans
3186,F,pierre.durand@datascope.fr,Logistique,Nantes,CDI,2024-06-07,0.6,3161.0,Non,100,30,25-34 ans
1392,F,lucas.lefebvre@datascope.fr,Logistique,Strasbourg,Alternance,2021-11-11,3.1,1251.0,Oui,50,46,45-54 ans
1557,M,théo.vincent@datascope.fr,Finance,Lille,CDI,2019-06-03,5.6,2072.0,Non,100,48,45-54 ans
1233,NB,paul.roux@datascope.fr,Opérations,Strasbourg,CDI,2018-09-12,6.3,3643.0,Non,100,42,35-44 ans
2119,M,marie.bertrand@datascope.fr,Juridique,Lyon,CDI,2016-11-12,8.1,1818.0,Oui,50,38,35-44 ans
2742,F,camille.petit@datascope.fr,Informatique,Paris,CDI,2024-08-18,0.4,3405.0,Non,100,34,25-34 ans
1695,F,théo.lefebvre@datascope.fr,Finance,Lille,Interim,2023-12-03,1.1,2299.0,Non,100,27,25-34 ans
2943,M,théo.laurent@datascope.fr,Direction,Nantes,CDI,2019-02-28,5.8,1872.0,Non,100,28,25-34 ans
1342,M,sophie.fournier@datascope.fr,R&D,Marseille,CDI,2021-09-11,3.3,3156.0,Non,100,24,Moins de 25 ans
3348,M,théo.simon@datascope.fr,Opérations,Paris,CDI,2019-11-16,5.1,2732.0,Non,100,35,35-44 ans
2801,F,emma.bernard@datascope.fr,Marketing,Paris,CDI,2023-11-12,1.1,2451.0,Oui,50,33,25-34 ans
1536,M,chloé.durand@datascope.fr,Finance,Paris,CDI,2021-05-22,3.6,2813.0,Non,100,48,45-54 ans
1048,M,lucas.lefebvre@datascope.fr,Juridique,Nice,CDD,2016-07-02,8.5,2537.0,Non,100,48,45-54 ans
2277,M,sophie.laurent@datascope.fr,Juridique,Marseille,CDI,2017-04-16,7.7,2090.0,Oui,50,47,45-54 ans
1401,M,sophie.bernard@datascope.fr,Logistics,Marseille,CDI,2021-02-02,3.9,0.0,Non,100,11,Moins de 25 ans
1268,F,sophie.thomas@datascope.fr,Informatique,Toulouse,CDI,2016-03-08,8.8,3170.0,Non,100,55,55 ans et plus
1011,M,paul.thomas@datascope.fr,Opérations,Lille,Stage,2022-07-24,2.4,900.0,Non,100,59,55 ans et plus
2231,NB,lucas.dubois@datascope.fr,Opérations,Nantes,CDI,2020-06-19,4.5,3041.0,Non,100,52,45-54 ans
3377,F,inès.david@datascope.fr,Direction,Marseille,Alternance,2024-10-06,0.2,1185.0,Non,100,52,45-54 ans
1664,F,léa.roux@datascope.fr,Logistique,Lyon,Stage,2021-02-01,3.9,900.0,Oui,80,34,25-34 ans
1259,M,inès.durand@datascope.fr,RH,Grenoble,CDI,2022-08-12,2.4,2022.0,Non,100,42,35-44 ans
2860,F,lucas.richard@datascope.fr,R&D,Grenoble,CDI,2024-02-03,0.9,3586.0,Non,100,34,25-34 ans
1826,M,nicolas.david@datascope.fr,Marketing,Lille,CDI,2017-02-15,7.9,4192.0,Oui,80,53,45-54 ans
1004,F,romain.fournier@datascope.fr,Marketing,Bordeaux,CDI,2016-06-04,8.6,2271.0,Non,100,43,35-44 ans
3246,F,théo.garcia@datascope.fr,Commercial,Nantes,CDD,2019-05-14,5.6,1266.0,Oui,80,30,25-34 ans
1645,F,marie.dubois@datascope.fr,R&D,Paris,Interim,2018-12-08,6.1,2416.0,Oui,80,42,35-44 ans
1053,NB,théo.roux@datascope.fr,Juridique,Paris,Stage,2015-06-03,9.6,900.0,Oui,50,40,35-44 ans
2689,M,chloé.roux@datascope.fr,RH,Lyon,Stage,2021-03-26,3.8,900.0,Non,100,38,35-44 ans
3368,M,marie.robert@datascope.fr,Informatique,Strasbourg,Alternance,2020-08-09,4.4,1054.0,Oui,50,50,45-54 ans
2319,M,théo.bertrand@datascope.fr,RH,Strasbourg,CDI,2017-09-10,7.3,2339.0,Non,100,39,35-44 ans
3098,F,théo.michel@datascope.fr,Logistique,Paris,CDD,2023-11-21,1.1,3104.0,Non,100,48,45-54 ans
2983,F,chloé.lefebvre@datascope.fr,Juridique,Nantes,CDI,2023-05-26,1.6,2561.0,Non,100,27,25-34 ans
2619,F,marie.rouxdatascope.fr,Marketing,Nantes,Interim,2018-07-09,-2.4,0.0,Oui,50,10,Moins de 25 ans
1439,F,thomas.leroy@datascope.fr,Logistique,Strasbourg,Stage,2016-06-29,8.5,1031.0,Non,100,33,25-34 ans
2264,F,chloé.martin@datascope.fr,Direction,Strasbourg,CDD,2015-12-06,9.1,1985.0,Oui,50,47,45-54 ans
2922,M,thomas.lefebvre@datascope.fr,Juridique,Lille,CDD,2020-01-09,5.0,2442.0,Oui,80,53,45-54 ans
1285,M,antoine.bernard@datascope.fr,Juridique,Bordeaux,CDI,2016-02-26,8.8,1516.0,Oui,80,46,45-54 ans
1099,NB,lucas.thomas@datascope.fr,Juridique,Lille,CDD,2021-01-10,4.0,2955.0,Non,100,43,35-44 ans
2740,M,inès.durand@datascope.fr,Opérations,Lyon,CDI,2016-05-14,8.6,1762.0,Non,100,56,55 ans et plus
2681,M,pierre.vincent@datascope.fr,RH,Grenoble,Interim,2019-08-22,5.4,2041.0,Oui,80,31,25-34 ans
3118,NB,louis.lefebvredatascope.fr,Marketing,Lille,CDI,2018-03-24,-0.4,2829.0,Non,100,11,Moins de 25 ans
1667,NB,thomas.durand@datascope.fr,Commercial,Grenoble,CDI,2017-01-13,8.0,1469.0,Non,100,44,35-44 ans
1650,F,léa.vincent@datascope.fr,Logistique,Bordeaux,CDI,2015-03-07,9.8,2797.0,Non,100,32,25-34 ans
1105,F,nicolas.leroy@datascope.fr,Juridique,Bordeaux,CDI,2018-11-26,6.1,3415.0,Oui,80,33,25-34 ans
2139,F,thomas.dubois@datascope.fr,Direction,Bordeaux,CDI,2017-01-15,8.0,2897.0,Oui,80,33,25-34 ans
3395,F,romain.richard@datascope.fr,Informatique,Grenoble,CDI,2023-05-10,1.6,3063.0,Oui,50,24,Moins de 25 ans
1487,M,théo.moreau@datascope.fr,R&D,Strasbourg,Alternance,2015-07-20,9.5,1779.0,Oui,50,56,55 ans et plus
1328,NB,léa.martin@datascope.fr,Opérations,Toulouse,Stage,2023-12-31,1.0,900.0,Oui,80,29,25-34 ans
2249,F,théo.bertrand@datascope.fr,Commercial,Nice,CDI,2017-05-10,7.6,3238.0,Oui,50,34,25-34 ans
1321,NB,marie.simon@datascope.fr,Commercial,Marseille,CDI,2018-06-05,6.6,2471.0,Non,100,48,45-54 ans
3269,F,thomas.durand@datascope.fr,Marketing,Grenoble,CDI,2016-01-26,8.9,2955.0,Non,100,32,25-34 ans
1644,F,emma.robert@datascope.fr,Commercial,Nantes,CDD,2020-05-07,4.7,3033.0,Non,100,56,55 ans et plus
1747,M,camille.vincentdatascope.fr,Logistics,Paris,CDD,2023-05-13,1.6,0.0,Non,100,14,Moins de 25 ans
1892,M,julie.dubois@datascope.fr,Opérations,Toulouse,Alternance,2017-11-02,7.2,1280.0,Oui,50,46,45-54 ans
2568,M,romain.garcia@datascope.fr,Marketing,Marseille,CDI,2015-07-06,9.5,3080.0,Non,100,31,25-34 ans
3166,F,julie.bernard@datascope.fr,Logistique,Grenoble,CDI,2024-08-14,0.4,1633.0,Non,100,56,55 ans et plus
3211,M,théo.martin@datascope.fr,Finance,Marseille,CDI,2015-02-12,9.9,2860.0,Non,100,57,55 ans et plus
2748,M,marie.leroy@datascope.fr,Commercial,Lille,Alternance,2023-07-24,1.4,910.0,Oui,80,29,25-34 ans
1150,M,sophie.david@datascope.fr,Juridique,Lille,CDI,2015-05-07,9.7,3903.0,Non,100,49,45-54 ans
1953,F,hugo.bernard@datascope.fr,Juridique,Marseille,CDI,2018-08-20,6.4,2518.0,Non,100,59,55 ans et plus
1370,F,inès.martin@datascope.fr,Juridique,Strasbourg,CDI,2015-11-10,9.1,2591.0,Non,100,31,25-34 ans
2375,F,antoine.thomas@datascope.fr,R&D,Marseille,CDI,2020-04-07,4.7,2624.0,Non,100,31,25-34 ans
1964,F,louis.petit@datascope.fr,Opérations,Lille,CDI,2020-12-14,4.0,3003.0,Oui,50,30,25-34 ans
1454,F,nicolas.lefebvre@datascope.fr,Direction,Paris,CDI,2022-05-14,2.6,2384.0,Non,100,38,35-44 ans
2251,M,chloé.moreau@datascope.fr,Juridique,Marseille,Alternance,2021-05-12,3.6,972.0,Non,100,46,45-54 ans
1913,F,louis.durand@datascope.fr,Logistique,Nice,CDI,2024-02-17,0.9,1874.0,Non,100,43,35-44 ans
1158,F,antoine.michel@datascope.fr,Commercial,Lille,CDI,2018-10-23,6.2,3172.0,Non,100,44,35-44 ans
2788,M,camille.laurent@datascope.fr,R&D,Lyon,CDI,2020-05-09,4.6,2656.0,Non,100,40,35-44 ans
1808,M,sarah.michel@datascope.fr,RH,Bordeaux,CDI,2024-04-24,0.7,3370.0,Non,100,54,45-54 ans
3346,M,pierre.michel@datascope.fr,Finance,Nice,CDI,2020-08-29,4.3,2541.0,Non,100,46,45-54 ans
2716,M,hugo.martin@datascope.fr,Marketing,Strasbourg,CDI,2023-08-22,1.4,2435.5,Non,100,38,35-44 ans
1994,M,thomas.david@datascope.fr,Direction,Lille,CDI,2024-12-02,0.1,2891.0,Oui,80,52,45-54 ans
1220,F,théo.bernard@datascope.fr,RH,Lille,CDI,2024-05-14,0.6,3006.0,Oui,50,24,Moins de 25 ans
1023,F,thomas.petit@datascope.fr,R&D,Nice,CDI,2017-01-10,8.0,3802.0,Non,100,55,55 ans et plus
3006,NB,nicolas.roux@datascope.fr,RH,Lille,CDI,2017-08-23,7.4,3161.0,Non,100,58,55 ans et plus
1043,F,romain.bernard@datascope.fr,Marketing,Grenoble,CDD,2020-07-19,4.5,2337.0,Oui,80,34,25-34 ans
2692,M,alice.martin@datascope.fr,Informatique,Nantes,CDI,2017-08-09,7.4,2974.0,Non,100,58,55 ans et plus
3355,M,antoine.robert@datascope.fr,R&D,Lyon,CDI,2018-12-19,6.0,2839.0,Non,100,35,35-44 ans
3308,M,lucas.simon@datascope.fr,Direction,Nantes,Stage,2022-10-25,2.2,900.0,Non,100,41,35-44 ans
2056,NB,sarah.moreau@datascope.fr,Commercial,Grenoble,CDI,2022-12-22,2.0,2754.0,Non,100,43,35-44 ans
3178,M,marie.lefebvre@datascope.fr,Marketing,Marseille,Alternance,2020-07-03,4.5,1092.0,Non,100,42,35-44 ans
3200,M,romain.leroy@datascope.fr,Informatique,Nantes,CDI,2021-11-19,3.1,3110.0,Non,100,41,35-44 ans
1365,F,thomas.simon@datascope.fr,R&D,Strasbourg,CDI,2020-11-17,4.1,2806.0,Oui,80,26,25-34 ans
3112,M,paul.bertrand@datascope.fr,Informatique,Paris,CDI,2015-02-26,9.8,2967.0,Non,100,25,25-34 ans
3328,F,romain.david@datascope.fr,R&D,Lille,CDI,2022-04-02,2.7,2854.0,Non,100,46,45-54 ans
1676,F,marie.thomas@datascope.fr,RH,Grenoble,CDI,2023-01-21,1.9,3665.0,Non,100,51,45-54 ans
1802,M,emma.durand@datascope.fr,Commercial,Strasbourg,CDI,2022-05-24,2.6,3458.0,Non,100,50,45-54 ans
1797,F,romain.david@datascope.fr,Logistique,Bordeaux,Alternance,2023-08-06,1.4,1392.0,Non,100,56,55 ans et plus
1352,F,nicolas.leroy@datascope.fr,Finance,Marseille,Interim,2021-08-20,3.4,2110.0,Oui,50,50,45-54 ans
1740,M,inès.thomas@datascope.fr,Logistique,Paris,CDI,2022-05-06,2.7,2889.0,Oui,50,47,45-54 ans
2516,F,hugo.thomas@datascope.fr,RH,Toulouse,Stage,2015-04-18,9.7,900.0,Non,100,57,55 ans et plus
2113,F,camille.bertrand@datascope.fr,Informatique,Paris,CDI,2020-10-13,4.2,3185.0,Non,100,48,45-54 ans
2539,F,emma.garcia@datascope.fr,Juridique,Nice,CDI,2019-06-24,5.5,2574.0,Non,100,35,35-44 ans
1473,M,camille.laurent@datascope.fr,Informatique,Lyon,CDI,2021-04-28,3.7,3106.0,Non,100,55,55 ans et plus
1819,M,lucas.fournier@datascope.fr,Informatique,Lyon,CDI,2015-04-23,9.7,2349.0,Non,100,30,25-34 ans
2905,M,louis.robert@datascope.fr,RH,Strasbourg,CDI,2015-11-23,9.1,4562.0,Non,100,33,25-34 ans
2265,F,julie.laurent@datascope.fr,Juridique,Marseille,CDI,2016-02-07,8.9,3099.0,Non,100,48,45-54 ans
1120,M,sarah.garcia@datascope.fr,Marketing,Nantes,CDI,2022-12-19,2.0,2690.0,Oui,80,46,45-54 ans
2770,F,thomas.richard@datascope.fr,Finance,Toulouse,CDI,2022-04-09,2.7,2808.0,Oui,80,37,35-44 ans
1671,F,pierre.bernard@datascope.fr,RH,Lyon,CDI,2024-06-28,0.5,2530.0,Non,100,32,25-34 ans
1486,M,romain.bernard@datascope.fr,Logistique,Paris,CDI,2016-03-26,8.8,2705.0,Non,100,28,25-34 ans
1108,F,paul.petit@datascope.fr,Opérations,Lille,Stage,2018-10-17,6.2,900.0,Oui,80,57,55 ans et plus
1688,F,louis.roux@datascope.fr,Logistique,Toulouse,CDI,2017-07-14,7.5,3367.0,Non,100,58,55 ans et plus
2807,F,théo.moreau@datascope.fr,Direction,Toulouse,CDI,2017-12-29,7.0,3376.0,Non,100,51,45-54 ans
2670,F,paul.richard@datascope.fr,Opérations,Bordeaux,CDI,2023-08-15,1.4,2499.0,Non,100,56,55 ans et plus
2751,F,thomas.lefebvre@datascope.fr,Direction,Paris,CDI,2022-06-13,2.6,2839.0,Oui,50,46,45-54 ans
1704,F,théo.durand@datascope.fr,Informatique,Grenoble,Interim,2024-01-05,1.0,1808.0,Non,100,55,55 ans et plus
1373,M,sophie.bernard@datascope.fr,R&D,Nantes,CDI,2023-06-14,1.5,3359.0,Oui,50,28,25-34 ans
2992,M,thomas.garcia@datascope.fr,Marketing,Nice,CDD,2017-02-06,7.9,0.0,Non,100,14,Moins de 25 ans
3234,M,paul.robert@datascope.fr,Opérations,Lyon,CDI,2016-03-13,8.8,2049.0,Oui,50,27,25-34 ans
2002,M,thomas.dubois@datascope.fr,Marketing,Marseille,CDI,2020-03-04,4.8,3682.0,Oui,50,41,35-44 ans
2515,NB,emma.leroydatascope.fr,Operations,Nantes,CDD,2021-07-13,-1.8,0.0,Oui,80,11,Moins de 25 ans
2622,NB,chloé.martin@datascope.fr,Juridique,Bordeaux,Stage,2024-07-26,0.4,900.0,Non,100,42,35-44 ans
3278,M,pierre.bertrand@datascope.fr,R&D,Paris,CDI,2024-08-23,0.4,3216.0,Non,100,54,45-54 ans
2771,F,alice.michel@datascope.fr,Logistique,Nantes,Alternance,2023-07-30,1.4,1247.0,Oui,50,47,45-54 ans
1833,M,hugo.thomas@datascope.fr,R&D,Strasbourg,CDI,2019-12-13,5.1,3408.0,Non,100,39,35-44 ans
1902,M,antoine.bernard@datascope.fr,RH,Grenoble,CDI,2021-01-08,4.0,3189.0,Non,100,33,25-34 ans
3052,M,sarah.durand@datascope.fr,Direction,Nice,CDI,2021-06-16,3.5,2297.0,Non,100,54,45-54 ans
2302,M,théo.martin@datascope.fr,Commercial,Lyon,CDI,2015-03-27,9.8,2506.0,Non,100,41,35-44 ans
3080,F,nicolas.dubois@datascope.fr,Finance,Nice,Alternance,2024-05-26,0.6,1447.0,Oui,80,49,45-54 ans
1693,M,chloé.bertrand@datascope.fr,Informatique,Nice,CDI,2020-08-08,4.4,1618.0,Non,100,41,35-44 ans
2741,NB,thomas.michel@datascope.fr,Marketing,Paris,CDI,2021-11-26,3.1,1244.0,Non,100,39,35-44 ans
1115,F,sarah.richard@datascope.fr,Direction,Toulouse,CDI,2015-03-26,9.8,4113.0,Oui,80,38,35-44 ans
1456,F,chloé.thomas@datascope.fr,RH,Bordeaux,Alternance,2018-04-10,6.7,1004.0,Non,100,48,45-54 ans
2657,F,chloé.laurent@datascope.fr,Direction,Toulouse,CDI,2017-10-26,7.2,2820.0,Non,100,57,55 ans et plus
1960,M,sarah.thomas@datascope.fr,Informatique,Nice,CDI,2022-05-30,2.6,2716.0,Non,100,52,45-54 ans
2399,M,pierre.vincent@datascope.fr,Informatique,Paris,CDI,2018-04-22,6.7,3001.0,Non,100,24,Moins de 25 ans
2843,M,louis.laurent@datascope.fr,Finance,Toulouse,CDD,2018-09-19,6.3,2790.0,Non,100,56,55 ans et plus
2412,M,emma.leroy@datascope.fr,Informatique,Grenoble,CDI,2021-09-05,3.3,3288.0,Non,100,34,25-34 ans
1844,F,chloé.bertrand@datascope.fr,Informatique,Bordeaux,CDI,2015-02-23,9.9,2030.0,Oui,50,47,45-54 ans
1287,F,inès.bernard@datascope.fr,Logistique,Marseille,CDI,2024-11-26,0.1,2495.0,Non,100,58,55 ans et plus
2011,M,sophie.david@datascope.fr,Finance,Marseille,Alternance,2018-09-02,6.3,1055.0,Non,100,26,25-34 ans
3247,M,emma.richard@datascope.fr,Logistique,Lyon,Alternance,2019-01-28,5.9,1112.0,Oui,50,37,35-44 ans
3250,NB,alice.laurent@datascope.fr,Logistique,Grenoble,CDD,2022-12-15,2.0,2007.0,Non,100,28,25-34 ans
3163,F,théo.garcia@datascope.fr,RH,Nantes,Stage,2017-05-11,7.6,900.0,Non,100,46,45-54 ans
2512,F,emma.simon@datascope.fr,Informatique,Paris,CDI,2015-02-08,9.9,2739.0,Oui,80,40,35-44 ans
1415,F,sophie.michel@datascope.fr,R&D,Lille,Stage,2015-11-03,9.2,900.0,Non,100,29,25-34 ans
3013,M,camille.bernard@datascope.fr,Informatique,Marseille,CDI,2020-01-20,4.9,2358.0,Oui,80,55,55 ans et plus
2958,M,alice.bertrand@datascope.fr,RH,Toulouse,CDI,2024-09-23,0.3,2400.0,Non,100,54,45-54 ans
2482,F,alice.leroy@datascope.fr,Direction,Strasbourg,CDI,2023-06-11,1.6,2928.0,Non,100,29,25-34 ans
1122,F,emma.bertrand@datascope.fr,Informatique,Strasbourg,CDD,2024-12-28,0.0,2185.0,Non,100,34,25-34 ans
2447,F,marie.richard@datascope.fr,Opérations,Strasbourg,CDI,2021-06-23,3.5,2856.0,Non,100,43,35-44 ans
2298,F,alice.michel@datascope.fr,Marketing,Nantes,Stage,2022-05-14,2.6,900.0,Non,100,27,25-34 ans
1410,F,alice.lefebvre@datascope.fr,R&D,Grenoble,CDI,2019-02-03,5.9,2613.0,Oui,50,43,35-44 ans
1583,F,lucas.durand@datascope.fr,Logistique,Nantes,CDI,2021-11-17,3.1,3182.0,Oui,50,31,25-34 ans
1584,F,théo.simon@datascope.fr,Logistique,Bordeaux,CDI,2019-09-10,5.3,3644.0,Non,100,39,35-44 ans
3262,M,emma.garcia@datascope.fr,Marketing,Toulouse,CDI,2021-02-09,3.9,3237.0,Non,100,42,35-44 ans
1278,F,paul.petit@datascope.fr,RH,Grenoble,CDI,2016-09-15,8.3,2964.0,Oui,50,31,25-34 ans
2130,F,nicolas.roux@datascope.fr,Informatique,Lille,CDD,2018-10-03,6.2,1869.0,Oui,50,24,Moins de 25 ans
3088,F,inès.michel@datascope.fr,Direction,Nantes,CDI,2024-09-11,0.3,1957.0,Oui,50,48,45-54 ans
2614,M,sarah.robert@datascope.fr,Direction,Bordeaux,Interim,2024-03-19,0.8,2481.0,Non,100,26,25-34 ans
2734,F,lucas.garcia@datascope.fr,Direction,Lyon,CDI,2021-07-01,3.5,2793.0,Non,100,32,25-34 ans
1597,F,paul.moreau@datascope.fr,Opérations,Lille,CDI,2022-05-13,2.6,1813.0,Oui,50,28,25-34 ans
1841,F,inès.lefebvre@datascope.fr,Finance,Paris,CDD,2020-09-14,4.3,2960.0,Oui,50,37,35-44 ans
1618,F,nicolas.lefebvre@datascope.fr,R&D,Toulouse,Stage,2022-03-27,2.8,900.0,Oui,50,44,35-44 ans
2581,F,théo.petit@datascope.fr,Direction,Nantes,CDD,2024-05-01,0.7,1902.0,Oui,80,58,55 ans et plus
2280,M,emma.lefebvre@datascope.fr,Juridique,Strasbourg,CDI,2021-12-26,3.0,2751.0,Non,100,38,35-44 ans
1201,M,hugo.garciadatascope.fr,IT,Nantes,CDI,2022-04-02,2.7,0.0,Non,100,11,Moins de 25 ans
1018,M,hugo.fournier@datascope.fr,R&D,Strasbourg,Stage,2022-05-25,2.6,900.0,Non,100,33,25-34 ans
1849,M,julie.robert@datascope.fr,Logistique,Nice,CDI,2020-07-23,4.4,3757.0,Oui,50,34,25-34 ans
3014,M,léa.simon@datascope.fr,Direction,Grenoble,CDD,2024-02-11,0.9,2027.0,Non,100,31,25-34 ans
1571,F,sophie.roux@datascope.fr,R&D,Nantes,CDD,2016-06-05,8.6,2492.0,Non,100,41,35-44 ans
1977,M,lucas.leroy@datascope.fr,R&D,Grenoble,Alternance,2016-01-07,9.0,1303.0,Oui,80,35,35-44 ans
2544,F,emma.petit@datascope.fr,RH,Bordeaux,Alternance,2019-05-10,5.6,1382.0,Non,100,53,45-54 ans
1344,M,théo.bertrand@datascope.fr,Logistique,Lille,Alternance,2023-07-13,1.5,1134.0,Non,100,37,35-44 ans
2861,M,alice.leroy@datascope.fr,Juridique,Nice,CDI,2018-04-22,6.7,1878.0,Non,100,30,25-34 ans
1750,F,marie.roux@datascope.fr,Commercial,Nantes,CDI,2017-03-15,7.8,3018.0,Non,100,30,25-34 ans
2541,M,chloé.durand@datascope.fr,RH,Toulouse,CDI,2018-06-08,6.6,2807.0,Non,100,48,45-54 ans
1394,F,lucas.david@datascope.fr,Finance,Lyon,CDI,2019-08-10,5.4,3205.0,Non,100,53,45-54 ans
1384,F,hugo.bernard@datascope.fr,Direction,Toulouse,CDI,2022-05-21,2.6,1785.0,Non,100,53,45-54 ans
1114,NB,marie.moreau@datascope.fr,Opérations,Bordeaux,CDI,2021-03-29,3.8,2966.0,Oui,50,34,25-34 ans
2798,M,lucas.richard@datascope.fr,R&D,Bordeaux,Alternance,2020-09-06,4.3,1478.0,Non,100,52,45-54 ans
3175,M,léa.vincent@datascope.fr,R&D,Lille,Alternance,2018-05-15,6.6,947.0,Non,100,31,25-34 ans
3137,F,alice.bernard@datascope.fr,Informatique,Toulouse,CDI,2022-02-11,2.9,3011.0,Non,100,31,25-34 ans
3312,M,antoine.garcia@datascope.fr,RH,Toulouse,CDD,2022-03-24,2.8,2439.0,Non,100,48,45-54 ans
1900,M,nicolas.garcia@datascope.fr,Opérations,Bordeaux,CDI,2024-10-26,0.2,2522.0,Non,100,45,45-54 ans
1758,M,nicolas.garcia@datascope.fr,R&D,Lyon,CDI,2016-07-21,8.4,3302.0,Non,100,25,25-34 ans
1899,M,inès.simon@datascope.fr,RH,Lille,CDI,2017-05-08,7.6,4245.0,Oui,80,43,35-44 ans
1586,F,nicolas.bertrand@datascope.fr,Juridique,Lille,CDI,2024-10-05,0.2,3024.0,Non,100,45,45-54 ans
1069,F,chloé.moreau@datascope.fr,Direction,Bordeaux,CDI,2022-05-23,2.6,3164.0,Oui,50,29,25-34 ans
3230,F,inès.leroy@datascope.fr,Finance,Nice,CDI,2023-05-06,1.7,1581.0,Oui,50,26,25-34 ans
2398,F,sophie.dubois@datascope.fr,Marketing,Marseille,Alternance,2021-11-21,3.1,1257.0,Non,100,11,Moins de 25 ans
2906,M,thomas.petit@datascope.fr,Commercial,Bordeaux,CDI,2015-08-06,9.4,3411.0,Oui,80,38,35-44 ans
3092,M,alice.bernard@datascope.fr,Commercial,Marseille,CDI,2023-02-17,1.9,2240.0,Non,100,37,35-44 ans
2816,F,marie.fournier@datascope.fr,Commercial,Marseille,CDI,2022-07-20,2.5,2651.0,Oui,80,54,45-54 ans
1696,F,sarah.robert@datascope.fr,R&D,Nice,CDI,2023-11-09,1.1,3114.0,Non,100,46,45-54 ans
3053,F,théo.richard@datascope.fr,Finance,Nice,CDI,2015-07-12,9.5,3564.0,Oui,80,43,35-44 ans
1795,F,chloé.petit@datascope.fr,Commercial,Marseille,CDI,2015-08-02,9.4,2708.0,Oui,50,51,45-54 ans
1360,M,thomas.laurent@datascope.fr,Juridique,Bordeaux,Interim,2017-10-08,7.2,1947.0,Oui,80,52,45-54 ans
2532,M,alice.roux@datascope.fr,Opérations,Marseille,CDD,2022-04-20,2.7,2831.0,Non,100,29,25-34 ans
1659,M,lucas.vincent@datascope.fr,Direction,Paris,CDI,2022-03-17,2.8,3541.0,Non,100,24,Moins de 25 ans
2886,M,inès.lefebvre@datascope.fr,Juridique,Nice,CDD,2018-08-03,6.4,3072.0,Oui,50,32,25-34 ans
2020,F,marie.fournier@datascope.fr,R&D,Toulouse,CDI,2024-04-30,0.7,2510.0,Non,100,56,55 ans et plus
2509,M,sophie.roux@datascope.fr,Juridique,Strasbourg,CDD,2017-12-14,7.0,2089.0,Non,100,26,25-34 ans
1549,M,julie.leroy@datascope.fr,Opérations,Marseille,Stage,2022-10-06,2.2,900.0,Oui,80,40,35-44 ans
3232,F,alice.garcia@datascope.fr,Direction,Nantes,CDI,2016-04-07,8.7,3584.0,Non,100,41,35-44 ans
2449,M,antoine.michel@datascope.fr,Marketing,Nice,CDI,2018-07-27,6.4,3248.0,Oui,50,42,35-44 ans
1397,M,marie.durand@datascope.fr,Direction,Paris,CDI,2024-06-14,0.5,2594.0,Non,100,30,25-34 ans
2413,F,chloé.david@datascope.fr,Marketing,Nice,CDI,2020-03-29,4.8,3989.0,Oui,50,43,35-44 ans
1463,M,nicolas.garcia@datascope.fr,Informatique,Nice,CDI,2024-11-18,0.1,3498.0,Non,100,40,35-44 ans
3045,F,inès.laurent@datascope.fr,R&D,Lille,CDI,2022-12-20,2.0,2020.0,Oui,50,53,45-54 ans
2668,M,sophie.lefebvre@datascope.fr,Juridique,Lyon,CDI,2020-01-03,5.0,3289.0,Non,100,54,45-54 ans
3224,M,camille.michel@datascope.fr,Opérations,Lyon,CDI,2019-01-09,6.0,1460.0,Oui,50,58,55 ans et plus
1643,NB,chloé.roux@datascope.fr,Logistique,Lille,CDI,2024-02-02,0.9,2939.0,Non,100,33,25-34 ans
1037,F,romain.fournier@datascope.fr,Direction,Lille,CDD,2015-06-03,9.6,2686.0,Non,100,38,35-44 ans
2926,M,inès.garcia@datascope.fr,Direction,Lille,Alternance,2021-03-04,3.8,900.0,Non,100,48,45-54 ans
1845,NB,camille.duboisdatascope.fr,Management,Paris,CDD,2017-09-12,7.3,0.0,Non,100,14,Moins de 25 ans
2472,M,antoine.petit@datascope.fr,R&D,Nantes,CDD,2021-10-06,3.2,2650.0,Oui,80,26,25-34 ans
1531,M,théo.durand@datascope.fr,Informatique,Toulouse,CDD,2023-11-22,1.1,3481.0,Oui,50,52,45-54 ans
3167,M,lucas.laurent@datascope.fr,Opérations,Marseille,CDI,2016-03-31,8.8,3260.0,Oui,50,27,25-34 ans
2227,M,lucas.lefebvre@datascope.fr,Juridique,Nice,CDI,2015-02-19,9.9,2657.0,Oui,80,31,25-34 ans
2584,F,alice.dubois@datascope.fr,R&D,Nantes,CDI,2021-12-22,3.0,2299.0,Non,100,52,45-54 ans
3048,F,nicolas.roux@datascope.fr,Direction,Lille,CDI,2016-11-20,8.1,3529.0,Non,100,50,45-54 ans
2590,M,romain.martin@datascope.fr,Informatique,Nice,CDD,2021-04-12,3.7,2595.0,Oui,80,34,25-34 ans
2236,F,romain.bernard@datascope.fr,RH,Nice,Stage,2023-07-13,1.5,900.0,Non,100,53,45-54 ans
2108,F,sophie.laurent@datascope.fr,Direction,Grenoble,CDI,2015-03-23,9.8,2259.0,Non,100,25,25-34 ans
2229,F,camille.durand@datascope.fr,R&D,Nantes,CDD,2018-10-09,6.2,1422.0,Non,100,38,35-44 ans
1825,M,thomas.simon@datascope.fr,Commercial,Nantes,CDI,2019-04-23,5.7,2731.0,Non,100,56,55 ans et plus
2382,F,julie.simon@datascope.fr,Logistique,Bordeaux,Interim,2017-10-04,7.2,2739.0,Non,100,47,45-54 ans
2105,F,léa.petit@datascope.fr,Direction,Toulouse,CDI,2015-07-31,9.4,2731.0,Non,100,32,25-34 ans
1738,F,romain.fournier@datascope.fr,Informatique,Strasbourg,CDI,2021-03-16,3.8,2314.0,Non,100,48,45-54 ans
3268,F,louis.leroy@datascope.fr,R&D,Paris,CDD,2023-10-22,1.2,2845.0,Non,100,54,45-54 ans
1547,F,inès.bertrand@datascope.fr,Opérations,Nantes,CDI,2018-02-04,6.9,1322.0,Oui,50,32,25-34 ans
1125,M,léa.leroy@datascope.fr,Commercial,Lille,CDD,2017-03-28,7.8,2884.0,Oui,80,42,35-44 ans
1658,F,antoine.vincent@datascope.fr,Logistique,Nice,CDI,2016-11-13,8.1,2497.0,Non,100,49,45-54 ans
2233,F,nicolas.moreau@datascope.fr,Commercial,Marseille,CDD,2017-07-15,7.5,2511.0,Oui,50,48,45-54 ans
3190,F,alice.leroy@datascope.fr,Direction,Nice,CDI,2020-08-27,4.3,3476.0,Non,100,54,45-54 ans
3007,F,louis.robert@datascope.fr,RH,Strasbourg,CDI,2020-02-21,4.9,2154.0,Non,100,36,35-44 ans
1304,M,julie.fournier@datascope.fr,R&D,Toulouse,CDI,2020-01-20,4.9,3673.0,Oui,50,38,35-44 ans
1995,F,alice.lefebvre@datascope.fr,Informatique,Toulouse,CDD,2021-07-31,3.4,2636.0,Non,100,47,45-54 ans
2963,M,thomas.roux@datascope.fr,Opérations,Paris,CDI,2024-11-06,0.2,1809.0,Non,100,39,35-44 ans
1096,F,julie.bertrand@datascope.fr,Marketing,Nice,CDD,2024-12-02,0.1,2072.0,Oui,80,30,25-34 ans
2817,F,pierre.vincent@datascope.fr,RH,Bordeaux,CDI,2024-03-30,0.8,3031.0,Non,100,41,35-44 ans
1395,F,romain.moreau@datascope.fr,Marketing,Nice,CDI,2021-06-03,3.6,2141.0,Non,100,59,55 ans et plus
2049,M,camille.moreau@datascope.fr,Marketing,Toulouse,Alternance,2017-03-28,7.8,1100.0,Non,100,25,25-34 ans
2646,F,marie.fournier@datascope.fr,Opérations,Nice,CDD,2016-06-16,8.5,2511.0,Non,100,55,55 ans et plus
2717,M,marie.dubois@datascope.fr,Informatique,Paris,CDI,2019-03-17,5.8,2862.5,Non,100,10,Moins de 25 ans
1783,F,marie.david@datascope.fr,Commercial,Grenoble,CDI,2018-09-01,6.3,2845.0,Non,100,53,45-54 ans
3203,M,antoine.richard@datascope.fr,Logistique,Lyon,CDI,2021-01-02,4.0,2566.0,Non,100,49,45-54 ans
3008,M,julie.michel@datascope.fr,Commercial,Toulouse,CDI,2017-06-08,7.6,2772.0,Oui,80,37,35-44 ans
2709,M,camille.petit@datascope.fr,R&D,Lyon,CDD,2023-10-20,1.2,2360.0,Oui,50,13,Moins de 25 ans
2557,M,marie.simon@datascope.fr,Finance,Grenoble,CDI,2019-09-18,5.3,1892.0,Non,100,24,Moins de 25 ans
1504,M,louis.martin@datascope.fr,Informatique,Grenoble,CDI,2024-07-05,0.5,3177.0,Non,100,25,25-34 ans
1539,F,sophie.robert@datascope.fr,Juridique,Paris,CDI,2020-03-22,4.8,3650.0,Non,100,25,25-34 ans
2461,F,louis.bernarddatascope.fr,Logistics,Marseille,CDD,2022-04-25,-1.5,0.0,Oui,80,13,Moins de 25 ans
3248,F,camille.garcia@datascope.fr,R&D,Marseille,CDI,2015-09-22,9.3,2734.5,Non,100,59,55 ans et plus
2083,M,léa.fournier@datascope.fr,Logistique,Bordeaux,Interim,2021-01-22,3.9,2799.0,Oui,80,44,35-44 ans
1263,M,sarah.martin@datascope.fr,Juridique,Strasbourg,CDI,2019-09-03,5.3,2844.0,Non,100,44,35-44 ans
1503,M,lucas.david@datascope.fr,Logistique,Paris,CDD,2023-03-31,1.8,1394.0,Oui,80,45,45-54 ans
3010,M,camille.martin@datascope.fr,Informatique,Strasbourg,CDD,2022-04-29,2.7,1856.0,Oui,50,33,25-34 ans
1065,M,romain.leroy@datascope.fr,Informatique,Lyon,CDI,2015-01-15,10.0,3745.0,Non,100,50,45-54 ans
3243,M,sarah.roux@datascope.fr,Logistique,Paris,CDI,2021-02-04,3.9,2460.0,Non,100,57,55 ans et plus
2483,F,sarah.simon@datascope.fr,Direction,Nice,CDD,2019-06-24,5.5,2733.0,Oui,50,32,25-34 ans
1458,M,léa.dubois@datascope.fr,Juridique,Toulouse,CDI,2019-01-15,6.0,4209.0,Oui,80,34,25-34 ans
2629,M,sophie.moreau@datascope.fr,R&D,Lyon,CDI,2024-08-25,0.4,2177.0,Oui,50,33,25-34 ans
2402,F,camille.bernard@datascope.fr,Opérations,Nantes,Alternance,2015-01-03,10.0,900.0,Non,100,57,55 ans et plus
2209,F,camille.petit@datascope.fr,Logistique,Marseille,CDI,2023-04-09,1.7,3223.0,Non,100,49,45-54 ans
1911,F,inès.martin@datascope.fr,Informatique,Paris,CDI,2024-09-13,0.3,3286.0,Non,100,33,25-34 ans
3384,F,chloé.lefebvre@datascope.fr,Direction,Marseille,Alternance,2019-10-24,5.2,1253.0,Non,100,34,25-34 ans
1532,M,nicolas.garcia@datascope.fr,Marketing,Strasbourg,CDD,2019-01-30,5.9,2622.0,Non,100,29,25-34 ans
1978,F,chloé.martin@datascope.fr,Informatique,Nice,Interim,2018-04-03,6.7,3204.0,Non,100,54,45-54 ans
1859,M,pierre.richard@datascope.fr,Finance,Grenoble,CDD,2015-07-13,9.5,1351.0,Oui,80,51,45-54 ans
3332,F,lucas.dubois@datascope.fr,Logistique,Paris,CDI,2019-06-05,5.6,2629.0,Oui,80,54,45-54 ans
2424,M,julie.simon@datascope.fr,Direction,Lille,Stage,2019-12-24,5.0,900.0,Non,100,39,35-44 ans
3032,M,marie.dubois@datascope.fr,Opérations,Nice,CDI,2022-09-27,2.3,2414.0,Non,100,57,55 ans et plus
2053,F,pierre.bernard@datascope.fr,Logistique,Strasbourg,CDI,2021-07-05,3.5,3216.0,Oui,80,59,55 ans et plus
2417,F,antoine.martin@datascope.fr,Logistique,Grenoble,CDI,2016-03-04,8.8,1938.0,Non,100,47,45-54 ans
1411,F,hugo.robert@datascope.fr,Logistique,Toulouse,Stage,2019-12-26,5.0,900.0,Non,100,54,45-54 ans
1944,F,pierre.fournier@datascope.fr,R&D,Nantes,Stage,2020-04-07,4.7,900.0,Oui,50,53,45-54 ans
2338,F,léa.bertrand@datascope.fr,Direction,Toulouse,Interim,2018-05-16,6.6,2422.0,Oui,50,48,45-54 ans
1072,F,pierre.vincent@datascope.fr,Commercial,Lille,CDI,2017-04-12,7.7,1804.0,Oui,80,43,35-44 ans
3038,F,romain.garcia@datascope.fr,Direction,Toulouse,CDI,2023-08-17,1.4,3243.0,Non,100,35,35-44 ans
1039,NB,marie.fournier@datascope.fr,Logistique,Bordeaux,Stage,2022-08-26,2.3,900.0,Non,100,42,35-44 ans
2094,M,camille.leroy@datascope.fr,Opérations,Paris,CDI,2021-01-14,4.0,2018.0,Non,100,36,35-44 ans
2787,F,lucas.robert@datascope.fr,Juridique,Nice,CDI,2016-01-12,9.0,1346.0,Non,100,47,45-54 ans
2609,F,sarah.laurent@datascope.fr,R&D,Strasbourg,CDI,2023-03-13,1.8,1730.0,Non,100,40,35-44 ans
2070,M,sarah.lefebvre@datascope.fr,Opérations,Lyon,CDI,2018-07-22,6.4,3613.0,Non,100,37,35-44 ans
2914,M,louis.laurent@datascope.fr,Logistique,Lyon,CDD,2019-09-16,5.3,3684.0,Oui,50,53,45-54 ans
3381,NB,louis.fournier@datascope.fr,Logistique,Lille,Stage,2024-09-13,0.3,900.0,Non,100,29,25-34 ans
3209,F,lucas.roux@datascope.fr,Marketing,Nice,CDI,2019-07-17,5.5,2545.0,Oui,50,38,35-44 ans
2597,F,paul.david@datascope.fr,Legal,Grenoble,CDD,2023-07-24,1.4,0.0,Non,100,12,Moins de 25 ans
2638,F,louis.durand@datascope.fr,Juridique,Grenoble,CDI,2019-01-26,5.9,3673.0,Non,100,28,25-34 ans
1617,F,pierre.david@datascope.fr,RH,Lyon,CDI,2015-05-19,9.6,3481.0,Non,100,28,25-34 ans
3396,F,chloé.garcia@datascope.fr,Finance,Strasbourg,CDI,2024-04-24,0.7,3424.0,Non,100,51,45-54 ans
1027,M,antoine.leroy@datascope.fr,Finance,Toulouse,CDI,2021-08-11,3.4,3948.0,Oui,80,32,25-34 ans
1773,M,louis.bertrand@datascope.fr,RH,Lyon,Alternance,2016-05-23,8.6,900.0,Non,100,36,35-44 ans
2913,M,pierre.bernard@datascope.fr,Finance,Marseille,CDI,2020-05-11,4.6,1405.0,Non,100,36,35-44 ans
1014,NB,julie.laurent@datascope.fr,RH,Nice,Stage,2019-03-17,5.8,900.0,Oui,80,35,35-44 ans
3059,M,nicolas.dubois@datascope.fr,RH,Lille,CDI,2019-07-26,5.4,2253.0,Non,100,57,55 ans et plus
2840,M,antoine.david@datascope.fr,Informatique,Lyon,CDI,2018-11-08,6.1,2449.0,Non,100,37,35-44 ans
2775,F,inès.simon@datascope.fr,Logistique,Lille,CDI,2018-04-06,6.7,1984.0,Oui,80,46,45-54 ans
1970,M,paul.laurent@datascope.fr,Commercial,Strasbourg,CDI,2018-11-11,6.1,3813.0,Oui,50,45,45-54 ans
2872,F,nicolas.lefebvre@datascope.fr,Juridique,Grenoble,CDD,2019-12-31,5.0,2456.0,Non,100,12,Moins de 25 ans
1265,F,alice.leroy@datascope.fr,Logistics,Lille,CDD,2018-08-27,6.3,0.0,Oui,50,12,Moins de 25 ans
1050,M,nicolas.vincent@datascope.fr,Informatique,Lyon,CDI,2022-10-28,2.2,3320.0,Oui,50,26,25-34 ans
3350,M,louis.bernard@datascope.fr,Logistique,Paris,CDI,2020-03-06,4.8,2490.0,Non,100,48,45-54 ans
1059,M,lucas.petit@datascope.fr,Commercial,Bordeaux,CDI,2021-06-07,3.6,1620.0,Non,100,41,35-44 ans
1238,F,nicolas.garcia@datascope.fr,Finance,Grenoble,Alternance,2018-02-20,6.9,1350.0,Non,100,46,45-54 ans
2278,M,louis.leroy@datascope.fr,Finance,Bordeaux,CDI,2024-04-21,0.7,4175.0,Non,100,46,45-54 ans
2387,M,théo.michel@datascope.fr,Juridique,Lyon,Stage,2019-07-04,5.5,900.0,Oui,50,45,45-54 ans
1135,M,paul.thomas@datascope.fr,Finance,Nantes,Stage,2017-02-10,7.9,905.0,Non,100,42,35-44 ans
1309,F,léa.bertrand@datascope.fr,Finance,Grenoble,Alternance,2016-08-01,8.4,1055.0,Non,100,40,35-44 ans
2355,M,inès.vincent@datascope.fr,RH,Strasbourg,CDI,2021-12-01,3.1,3225.0,Non,100,46,45-54 ans
2230,F,sarah.thomas@datascope.fr,Opérations,Nice,CDI,2017-08-28,7.3,1961.0,Non,100,35,35-44 ans
3192,F,pierre.richard@datascope.fr,Juridique,Lille,CDI,2023-04-26,1.7,4062.0,Oui,50,40,35-44 ans
2245,F,thomas.rouxdatascope.fr,Legal,Grenoble,Stage,2022-01-08,3.0,0.0,Non,100,13,Moins de 25 ans
2026,F,emma.richard@datascope.fr,RH,Lille,CDD,2022-08-09,2.4,3409.0,Non,100,37,35-44 ans
1354,M,inès.david@datascope.fr,Juridique,Bordeaux,Alternance,2023-03-09,1.8,1528.0,Oui,50,29,25-34 ans
3270,M,camille.dubois@datascope.fr,Finance,Nice,CDD,2015-10-02,9.2,2388.0,Oui,80,53,45-54 ans
1180,M,julie.bertrand@datascope.fr,Opérations,Strasbourg,CDI,2018-05-18,6.6,3048.0,Non,100,44,35-44 ans
3134,M,camille.martin@datascope.fr,Informatique,Nantes,CDI,2018-04-07,6.7,3184.0,Non,100,38,35-44 ans
3233,M,louis.michel@datascope.fr,Direction,Nice,CDD,2019-02-04,5.9,2326.0,Oui,80,54,45-54 ans
3078,F,louis.laurent@datascope.fr,Opérations,Strasbourg,CDI,2018-08-15,6.4,2656.0,Oui,80,54,45-54 ans
2224,M,léa.vincent@datascope.fr,R&D,Nice,CDI,2016-05-05,8.7,3539.0,Oui,50,34,25-34 ans
3131,F,hugo.simon@datascope.fr,Finance,Lyon,CDI,2020-07-11,4.5,3023.0,Non,100,44,35-44 ans
2304,NB,pierre.david@datascope.fr,Logistique,Lille,CDD,2016-05-08,8.6,2844.0,Non,100,53,45-54 ans
1098,F,nicolas.robert@datascope.fr,Logistique,Strasbourg,CDI,2019-07-21,5.4,1314.0,Non,100,36,35-44 ans
1560,F,louis.lefebvre@datascope.fr,R&D,Strasbourg,CDD,2019-11-14,5.1,2259.0,Non,100,53,45-54 ans
1160,NB,sophie.lefebvre@datascope.fr,Logistique,Lyon,Alternance,2017-10-20,7.2,1131.0,Non,100,56,55 ans et plus
1608,F,emma.fournier@datascope.fr,Marketing,Grenoble,CDI,2017-10-29,7.2,2906.0,Oui,80,34,25-34 ans
1132,F,théo.robert@datascope.fr,Opérations,Lyon,CDI,2021-04-27,3.7,3711.0,Non,100,24,Moins de 25 ans
2088,M,inès.robert@datascope.fr,Informatique,Toulouse,Alternance,2016-08-22,8.4,1608.0,Oui,50,43,35-44 ans
1718,M,lucas.dubois@datascope.fr,Informatique,Lyon,Interim,2023-10-17,1.2,2381.0,Non,100,25,25-34 ans
2722,F,marie.michel@datascope.fr,Logistique,Bordeaux,CDI,2022-05-07,2.7,2971.0,Non,100,46,45-54 ans
2028,M,emma.bertrand@datascope.fr,Commercial,Nantes,CDI,2019-10-28,5.2,1331.0,Oui,80,28,25-34 ans
2378,F,louis.leroy@datascope.fr,Finance,Lyon,Stage,2018-06-29,6.5,900.0,Non,100,27,25-34 ans
1865,M,emma.david@datascope.fr,Opérations,Nantes,CDD,2019-06-08,5.6,3170.0,Non,100,26,25-34 ans
1017,F,paul.michel@datascope.fr,RH,Grenoble,CDI,2021-05-30,3.6,2414.0,Non,100,42,35-44 ans
2685,M,julie.bertrand@datascope.fr,RH,Grenoble,CDD,2023-02-09,1.9,1510.0,Non,100,53,45-54 ans
3116,M,marie.roux@datascope.fr,Juridique,Bordeaux,Alternance,2023-07-10,1.5,900.0,Non,100,14,Moins de 25 ans
1234,F,julie.thomas@datascope.fr,R&D,Lyon,CDI,2015-05-20,9.6,2190.0,Non,100,33,25-34 ans
3051,M,julie.roux@datascope.fr,Marketing,Paris,CDI,2023-08-30,1.3,2972.0,Oui,50,41,35-44 ans
2437,M,léa.dubois@datascope.fr,R&D,Bordeaux,Interim,2016-09-13,8.3,2530.0,Non,100,31,25-34 ans
1871,M,julie.petit@datascope.fr,Marketing,Nice,CDD,2024-11-11,0.1,2814.0,Oui,80,56,55 ans et plus
2198,F,antoine.bertrand@datascope.fr,Marketing,Marseille,CDD,2023-04-22,1.7,2360.0,Oui,80,13,Moins de 25 ans
1284,F,antoine.martin@datascope.fr,Direction,Paris,Alternance,2019-04-28,5.7,1210.0,Non,100,29,25-34 ans
1909,F,antoine.david@datascope.fr,Finance,Nice,CDI,2023-09-04,1.3,1873.0,Non,100,38,35-44 ans
1889,NB,julie.thomas@datascope.fr,Opérations,Strasbourg,CDI,2023-07-17,1.5,2885.0,Non,100,27,25-34 ans
1545,M,chloé.martin@datascope.fr,Finance,Nice,Alternance,2021-02-17,3.9,1117.0,Non,100,35,35-44 ans
3255,M,alice.vincent@datascope.fr,Commercial,Bordeaux,Interim,2023-09-29,1.3,1539.0,Non,100,47,45-54 ans
2320,NB,sarah.richard@datascope.fr,Commercial,Nantes,CDI,2020-10-19,4.2,3063.5,Non,100,36,35-44 ans
1590,F,léa.fournier@datascope.fr,Informatique,Bordeaux,CDI,2023-12-15,1.0,2574.0,Non,100,45,45-54 ans
1082,M,camille.fournier@datascope.fr,Logistique,Lille,CDI,2015-01-23,9.9,1365.0,Non,100,34,25-34 ans
3033,F,pierre.simon@datascope.fr,Logistique,Bordeaux,CDD,2024-01-19,1.0,3367.0,Non,100,41,35-44 ans
1872,F,antoine.laurent@datascope.fr,Informatique,Marseille,CDI,2023-10-17,1.2,2347.0,Non,100,38,35-44 ans
1244,F,antoine.lefebvre@datascope.fr,Commercial,Bordeaux,CDI,2024-09-05,0.3,2672.0,Non,100,39,35-44 ans
2676,F,antoine.fournier@datascope.fr,Finance,Marseille,CDI,2022-10-31,2.2,2366.0,Non,100,36,35-44 ans
2887,F,emma.robert@datascope.fr,Opérations,Nantes,CDI,2019-09-15,5.3,2973.0,Oui,80,42,35-44 ans
2409,F,louis.durand@datascope.fr,Logistique,Nice,Stage,2018-09-13,6.3,900.0,Oui,80,59,55 ans et plus
2591,F,paul.michel@datascope.fr,Informatique,Nantes,CDI,2023-09-25,1.3,3348.0,Non,100,43,35-44 ans
3147,M,alice.martin@datascope.fr,HR,Toulouse,CDI,2024-09-07,0.3,0.0,Non,100,11,Moins de 25 ans
3199,NB,alice.roux@datascope.fr,RH,Grenoble,CDD,2023-11-24,1.1,2316.0,Oui,50,30,25-34 ans
2933,M,hugo.thomas@datascope.fr,Commercial,Toulouse,Alternance,2015-11-12,9.1,900.0,Non,100,28,25-34 ans
2069,M,léa.vincent@datascope.fr,Finance,Lyon,Alternance,2015-08-21,9.4,900.0,Non,100,57,55 ans et plus
2035,F,léa.michel@datascope.fr,Juridique,Paris,CDI,2015-03-14,9.8,2698.0,Oui,80,35,35-44 ans
1692,M,alice.bernard@datascope.fr,Informatique,Marseille,CDI,2019-01-10,6.0,2239.0,Non,100,28,25-34 ans
2042,M,antoine.roux@datascope.fr,Marketing,Paris,Interim,2016-11-29,8.1,2011.0,Non,100,42,35-44 ans
2948,F,louis.vincent@datascope.fr,RH,Grenoble,CDI,2022-09-08,2.3,1370.0,Non,100,35,35-44 ans
1522,F,paul.vincent@datascope.fr,Logistique,Toulouse,Alternance,2019-10-13,5.2,900.0,Oui,80,43,35-44 ans
3138,M,léa.david@datascope.fr,Juridique,Strasbourg,CDI,2017-05-08,7.6,2684.0,Oui,50,57,55 ans et plus
1036,M,théo.bernard@datascope.fr,Direction,Grenoble,CDI,2020-01-21,4.9,2170.0,Non,100,45,45-54 ans
2892,M,chloé.garcia@datascope.fr,Informatique,Toulouse,CDI,2021-06-11,3.6,2915.0,Non,100,45,45-54 ans
2459,M,emma.fournier@datascope.fr,Commercial,Nantes,CDD,2018-11-25,6.1,1951.0,Non,100,25,25-34 ans
2100,M,lucas.durand@datascope.fr,Commercial,Bordeaux,CDI,2019-12-04,5.1,2672.0,Non,100,14,Moins de 25 ans
1703,M,chloé.robert@datascope.fr,R&D,Grenoble,CDI,2019-08-08,5.4,2876.0,Oui,80,26,25-34 ans
1789,F,sarah.roux@datascope.fr,Logistique,Bordeaux,CDI,2019-03-08,5.8,3386.0,Oui,80,26,25-34 ans
1884,F,thomas.fournier@datascope.fr,Direction,Nice,Alternance,2018-07-03,6.5,1662.0,Non,100,34,25-34 ans
2533,F,lucas.bertrand@datascope.fr,Logistique,Bordeaux,CDI,2017-05-05,7.7,2689.0,Non,100,33,25-34 ans
2828,M,emma.vincent@datascope.fr,Commercial,Grenoble,Alternance,2018-08-14,6.4,1228.0,Non,100,42,35-44 ans
1827,F,hugo.fournier@datascope.fr,R&D,Marseille,CDD,2015-01-11,10.0,2775.0,Non,100,52,45-54 ans
2660,F,marie.laurent@datascope.fr,R&D,Bordeaux,Alternance,2020-10-25,4.2,900.0,Non,100,39,35-44 ans
1013,F,nicolas.roux@datascope.fr,Informatique,Lille,CDI,2020-05-04,4.7,2899.0,Non,100,43,35-44 ans
3181,M,julie.michel@datascope.fr,Direction,Nantes,CDI,2018-06-26,6.5,4295.0,Oui,50,24,Moins de 25 ans
1356,F,emma.roux@datascope.fr,Direction,Lyon,CDD,2018-12-19,6.0,1658.0,Oui,80,38,35-44 ans
1541,M,lucas.fournier@datascope.fr,Commercial,Lille,CDI,2019-07-04,5.5,3928.0,Non,100,42,35-44 ans
1916,M,thomas.roux@datascope.fr,Informatique,Nice,CDD,2016-02-19,8.9,1608.0,Non,100,57,55 ans et plus
3021,F,hugo.vincent@datascope.fr,Direction,Paris,CDI,2018-02-14,6.9,2645.0,Non,100,12,Moins de 25 ans
1925,M,antoine.fournier@datascope.fr,Marketing,Lille,CDI,2022-06-16,2.5,4055.0,Non,100,57,55 ans et plus
2114,M,léa.martin@datascope.fr,Informatique,Nice,Stage,2021-03-14,3.8,900.0,Oui,80,50,45-54 ans
2284,M,julie.laurent@datascope.fr,Informatique,Lyon,CDD,2017-08-01,7.4,1913.0,Non,100,28,25-34 ans
2760,M,camille.simon@datascope.fr,Juridique,Nice,Alternance,2018-04-29,6.7,900.0,Non,100,58,55 ans et plus
2263,M,thomas.lefebvre@datascope.fr,Finance,Marseille,CDI,2021-10-14,3.2,2413.0,Oui,50,53,45-54 ans
1198,M,romain.petit@datascope.fr,Finance,Strasbourg,CDD,2015-04-08,9.7,2250.0,Non,100,58,55 ans et plus
3272,NB,thomas.lefebvre@datascope.fr,Direction,Grenoble,CDI,2024-01-10,1.0,2361.0,Non,100,42,35-44 ans
2342,M,inès.roux@datascope.fr,Direction,Nice,CDI,2017-12-26,7.0,4000.0,Non,100,52,45-54 ans
3391,F,romain.petit@datascope.fr,Commercial,Toulouse,CDI,2015-02-04,9.9,2433.0,Non,100,47,45-54 ans
1813,F,julie.thomas@datascope.fr,Logistique,Lille,CDI,2022-12-29,2.0,3446.0,Non,100,53,45-54 ans
1260,F,inès.thomas@datascope.fr,Informatique,Nice,CDI,2022-05-28,2.6,3111.0,Non,100,27,25-34 ans
2282,F,paul.vincent@datascope.fr,Informatique,Marseille,Stage,2015-09-07,9.3,900.0,Oui,80,33,25-34 ans
3217,F,julie.roux@datascope.fr,Informatique,Bordeaux,CDI,2020-09-29,4.3,2471.0,Non,100,26,25-34 ans
1798,M,camille.robert@datascope.fr,Direction,Grenoble,CDI,2019-03-26,5.8,2626.0,Non,100,30,25-34 ans
1791,M,louis.thomas@datascope.fr,RH,Nice,Alternance,2016-06-03,8.6,1261.0,Non,100,28,25-34 ans
2000,F,hugo.leroy@datascope.fr,R&D,Lyon,CDI,2021-10-11,3.2,2990.0,Oui,80,32,25-34 ans
3215,NB,théo.dubois@datascope.fr,R&D,Strasbourg,CDI,2023-10-30,1.2,2210.0,Oui,50,34,25-34 ans
1388,F,alice.laurent@datascope.fr,Marketing,Lyon,CDI,2019-02-23,5.9,2297.0,Oui,80,40,35-44 ans
1165,M,sophie.martin@datascope.fr,Commercial,Paris,CDI,2019-10-10,5.2,4266.0,Oui,50,41,35-44 ans
2260,M,inès.simon@datascope.fr,R&D,Marseille,CDI,2018-03-14,6.8,2011.0,Non,100,49,45-54 ans
1515,M,emma.martin@datascope.fr,Commercial,Nice,CDI,2023-08-22,1.4,2483.0,Oui,80,30,25-34 ans
2647,M,marie.petit@datascope.fr,Opérations,Lyon,CDI,2015-09-18,9.3,1839.0,Non,100,51,45-54 ans
1946,F,lucas.leroy@datascope.fr,Juridique,Paris,CDI,2016-01-04,9.0,3668.0,Oui,50,34,25-34 ans
2086,F,julie.dubois@datascope.fr,Marketing,Nice,CDI,2019-11-06,5.2,2799.0,Non,100,41,35-44 ans
2006,M,romain.lefebvre@datascope.fr,Logistique,Grenoble,CDI,2023-06-07,1.6,2482.0,Oui,80,49,45-54 ans
2422,F,antoine.robert@datascope.fr,R&D,Grenoble,Alternance,2022-11-02,2.2,900.0,Non,100,55,55 ans et plus
1675,F,léa.bertrand@datascope.fr,Informatique,Nantes,CDI,2017-01-20,7.9,3022.0,Oui,50,42,35-44 ans
2749,F,paul.martin@datascope.fr,Finance,Toulouse,CDI,2019-09-02,5.3,2753.0,Non,100,50,45-54 ans
1091,M,marie.fournier@datascope.fr,R&D,Grenoble,CDI,2019-11-29,5.1,3000.0,Non,100,31,25-34 ans
2851,M,romain.richard@datascope.fr,Opérations,Toulouse,CDI,2021-12-23,3.0,1770.0,Non,100,55,55 ans et plus
2441,M,julie.fournier@datascope.fr,RH,Paris,Alternance,2023-04-05,1.7,1437.0,Non,100,59,55 ans et plus
2356,M,camille.fournier@datascope.fr,Commercial,Lille,CDI,2016-04-28,8.7,2475.0,Oui,50,24,Moins de 25 ans
1582,F,hugo.fournier@datascope.fr,Informatique,Strasbourg,Stage,2019-12-23,5.0,900.0,Non,100,56,55 ans et plus
1141,F,antoine.dubois@datascope.fr,Informatique,Strasbourg,CDI,2017-12-09,7.1,4036.0,Oui,80,58,55 ans et plus
2096,M,thomas.martin@datascope.fr,Opérations,Marseille,CDD,2024-05-08,0.6,1126.0,Oui,50,58,55 ans et plus
2379,M,alice.moreau@datascope.fr,Direction,Grenoble,Alternance,2020-06-05,4.6,1445.0,Oui,80,57,55 ans et plus
1475,F,thomas.simon@datascope.fr,Direction,Toulouse,Alternance,2017-01-24,7.9,1276.0,Non,100,31,25-34 ans
1478,F,antoine.david@datascope.fr,Direction,Strasbourg,CDI,2023-05-23,1.6,1872.0,Oui,80,39,35-44 ans
1690,F,pierre.leroy@datascope.fr,Informatique,Nantes,CDD,2021-02-05,3.9,2170.0,Non,100,52,45-54 ans
2079,F,romain.fournier@datascope.fr,Marketing,Lyon,CDD,2021-03-04,3.8,1959.0,Non,100,38,35-44 ans
3115,M,thomas.bernard@datascope.fr,Finance,Lille,CDI,2019-05-10,5.6,2012.0,Oui,50,30,25-34 ans
2600,M,louis.thomas@datascope.fr,Commercial,Toulouse,CDI,2017-01-27,7.9,3482.0,Non,100,30,25-34 ans
2998,F,hugo.laurent@datascope.fr,R&D,Nice,CDI,2022-11-10,2.1,3439.0,Oui,50,57,55 ans et plus
1126,NB,camille.bertrand@datascope.fr,Commercial,Strasbourg,CDI,2017-11-22,7.1,1248.0,Non,100,33,25-34 ans
2549,F,alice.robert@datascope.fr,Direction,Lille,Stage,2018-02-19,6.9,,Non,100,56,55 ans et plus
1080,F,sophie.bernard@datascope.fr,RH,Lyon,CDI,2022-04-23,2.7,2841.0,Non,100,50,45-54 ans
3161,M,paul.david@datascope.fr,Opérations,Grenoble,CDD,2024-06-21,0.5,2744.0,Non,100,27,25-34 ans
2610,M,lucas.vincent@datascope.fr,RH,Marseille,CDI,2024-01-14,1.0,3859.0,Non,100,59,55 ans et plus
2348,F,hugo.vincent@datascope.fr,Opérations,Lyon,CDI,2016-11-16,8.1,2503.0,Non,100,9,Moins de 25 ans
1605,M,théo.moreau@datascope.fr,RH,Nice,CDI,2021-06-03,3.6,2108.0,Non,100,57,55 ans et plus
2989,F,inès.richard@datascope.fr,R&D,Lyon,CDD,2019-05-25,5.6,3702.0,Non,100,57,55 ans et plus
1204,F,sophie.thomas@datascope.fr,Finance,Marseille,Alternance,2020-01-16,5.0,1205.0,Oui,80,33,25-34 ans
1674,M,alice.laurent@datascope.fr,Juridique,Nice,CDI,2023-02-28,1.8,2904.0,Oui,50,37,35-44 ans
3379,NB,pierre.robert@datascope.fr,Finance,Marseille,CDD,2017-01-08,8.0,2244.0,Non,100,28,25-34 ans
1047,M,antoine.richard@datascope.fr,Direction,Nice,CDI,2024-03-06,0.8,2659.0,Oui,80,53,45-54 ans
1920,F,alice.lefebvre@datascope.fr,Informatique,Paris,Interim,2019-09-27,5.3,1467.0,Non,100,44,35-44 ans
3193,M,léa.lefebvre@datascope.fr,Juridique,Grenoble,CDD,2020-08-19,4.4,2456.0,Non,100,50,45-54 ans
1162,F,marie.robert@datascope.fr,RH,Marseille,CDI,2016-03-17,8.8,2274.0,Non,100,53,45-54 ans
2443,F,antoine.michel@datascope.fr,Marketing,Bordeaux,CDI,2024-01-14,1.0,2008.0,Non,100,42,35-44 ans
1005,F,théo.micheldatascope.fr,Operations,Grenoble,CDI,2021-03-04,-2.4,0.0,Non,100,14,Moins de 25 ans
2728,M,chloé.martin@datascope.fr,Marketing,Paris,CDI,2021-05-08,3.6,3105.0,Non,100,33,25-34 ans
2149,M,thomas.moreau@datascope.fr,RH,Strasbourg,Alternance,2022-03-25,2.8,1128.0,Non,100,38,35-44 ans
2103,F,sophie.robert@datascope.fr,Direction,Bordeaux,CDI,2015-05-31,9.6,2952.0,Oui,50,33,25-34 ans
3016,F,nicolas.thomas@datascope.fr,Management,Paris,CDD,2018-07-21,6.4,0.0,Oui,80,10,Moins de 25 ans
3180,F,romain.vincent@datascope.fr,Direction,Nice,CDI,2020-10-29,4.2,1426.0,Non,100,47,45-54 ans
2953,F,antoine.martin@datascope.fr,Opérations,Marseille,CDI,2022-03-04,2.8,2582.0,Non,100,44,35-44 ans
1419,M,romain.vincent@datascope.fr,Marketing,Nantes,Alternance,2020-02-07,4.9,1163.0,Oui,80,57,55 ans et plus
2474,M,romain.martin@datascope.fr,Opérations,Nantes,CDI,2019-06-23,5.5,2615.0,Non,100,33,25-34 ans
1493,M,nicolas.david@datascope.fr,RH,Lille,CDI,2023-09-08,1.3,1891.0,Non,100,58,55 ans et plus
3132,F,camille.martin@datascope.fr,Juridique,Lille,CDD,2022-10-29,2.2,2471.0,Non,100,36,35-44 ans
1788,F,thomas.garcia@datascope.fr,Logistique,Toulouse,CDD,2021-11-23,3.1,2393.0,Non,100,48,45-54 ans
2973,M,louis.simon@datascope.fr,RH,Nice,CDI,2018-02-02,6.9,3396.0,Non,100,53,45-54 ans
1495,M,hugo.simon@datascope.fr,Opérations,Strasbourg,CDI,2017-08-19,7.4,2181.0,Oui,50,46,45-54 ans
2542,F,romain.dubois@datascope.fr,Informatique,Bordeaux,CDI,2024-04-05,0.7,2313.0,Oui,50,25,25-34 ans
2353,F,nicolas.dubois@datascope.fr,Direction,Grenoble,CDI,2024-11-09,0.1,3754.0,Non,100,35,35-44 ans
3313,M,théo.bertrand@datascope.fr,Marketing,Nice,Stage,2022-04-16,2.7,900.0,Non,100,28,25-34 ans
3336,F,hugo.richard@datascope.fr,Juridique,Nantes,Interim,2016-03-15,8.8,1401.0,Non,100,45,45-54 ans
1879,F,emma.garcia@datascope.fr,Direction,Lille,Alternance,2023-11-11,1.1,1119.0,Non,100,29,25-34 ans
1355,NB,paul.leroy@datascope.fr,Logistique,Marseille,CDI,2017-08-15,7.4,2003.0,Non,100,36,35-44 ans
2272,F,romain.roux@datascope.fr,Direction,Grenoble,CDI,2024-06-07,0.6,3200.0,Oui,50,37,35-44 ans
2366,M,alice.laurent@datascope.fr,Informatique,Toulouse,CDI,2019-08-26,5.3,2832.0,Non,100,56,55 ans et plus
1181,M,alice.laurent@datascope.fr,RH,Marseille,CDI,2024-02-19,0.9,2141.0,Non,100,58,55 ans et plus
1447,M,sophie.bernard@datascope.fr,Marketing,Nice,CDI,2015-06-23,9.5,2916.0,Oui,50,40,35-44 ans
2952,M,hugo.thomas@datascope.fr,Opérations,Marseille,Alternance,2017-03-30,7.8,935.0,Oui,50,42,35-44 ans
3081,M,emma.simon@datascope.fr,Opérations,Lyon,CDI,2021-03-31,3.8,2015.0,Non,100,51,45-54 ans
2309,F,marie.michel@datascope.fr,Commercial,Strasbourg,CDI,2022-01-11,3.0,3615.0,Non,100,54,45-54 ans
3342,F,camille.petit@datascope.fr,Marketing,Marseille,CDI,2024-10-12,0.2,2829.0,Non,100,27,25-34 ans
2800,M,thomas.fournier@datascope.fr,Logistique,Toulouse,CDD,2021-12-06,3.1,2116.0,Non,100,42,35-44 ans
1991,F,théo.robert@datascope.fr,RH,Strasbourg,CDI,2022-05-03,2.7,2036.0,Oui,80,58,55 ans et plus
1587,M,thomas.bertrand@datascope.fr,Commercial,Nantes,CDI,2020-07-06,4.5,2213.0,Oui,50,29,25-34 ans
3058,F,lucas.david@datascope.fr,Logistique,Lyon,CDI,2017-12-03,7.1,2129.0,Oui,50,43,35-44 ans
2678,F,léa.martin@datascope.fr,Direction,Bordeaux,CDI,2018-07-24,6.4,3127.0,Non,100,36,35-44 ans
3113,M,théo.leroy@datascope.fr,Opérations,Paris,CDI,2018-03-27,6.8,3071.0,Non,100,51,45-54 ans
1975,M,inès.simon@datascope.fr,RH,Toulouse,Alternance,2021-11-19,3.1,1486.0,Non,100,38,35-44 ans
1235,NB,camille.thomas@datascope.fr,R&D,Nice,CDI,2017-07-19,7.5,3225.0,Non,100,52,45-54 ans
2240,F,paul.thomas@datascope.fr,R&D,Lille,CDI,2017-04-16,7.7,3203.0,Oui,50,28,25-34 ans
3169,M,théo.simon@datascope.fr,Logistique,Nantes,CDD,2024-02-18,0.9,2360.0,Non,100,24,Moins de 25 ans
3177,F,emma.robert@datascope.fr,Opérations,Toulouse,CDI,2022-12-04,2.1,1839.0,Non,100,31,25-34 ans
2601,F,chloé.leroy@datascope.fr,Direction,Paris,CDI,2015-09-24,9.3,3216.0,Non,100,57,55 ans et plus
1984,M,nicolas.martin@datascope.fr,Logistique,Nice,Interim,2024-12-12,0.1,2076.0,Non,100,29,25-34 ans
2975,M,sophie.durand@datascope.fr,Direction,Strasbourg,CDD,2019-11-14,5.1,3013.0,Oui,80,45,45-54 ans
3297,M,alice.garcia@datascope.fr,Finance,Bordeaux,CDI,2020-10-26,4.2,1911.0,Non,100,35,35-44 ans
3352,M,romain.michel@datascope.fr,RH,Lille,CDI,2016-04-18,8.7,4445.0,Non,100,46,45-54 ans
2859,M,antoine.moreau@datascope.fr,Marketing,Nice,CDD,2017-04-21,7.7,2654.0,Oui,50,35,35-44 ans
1169,F,nicolas.garcia@datascope.fr,Commercial,Paris,Alternance,2021-04-13,3.7,1141.0,Non,100,45,45-54 ans
2411,F,thomas.leroy@datascope.fr,Commercial,Lyon,CDI,2020-10-09,4.2,1956.0,Non,100,34,25-34 ans
1896,M,emma.dubois@datascope.fr,RH,Grenoble,CDI,2016-10-14,8.2,2676.0,Non,100,29,25-34 ans
2852,F,théo.thomas@datascope.fr,Logistique,Marseille,Alternance,2023-12-21,1.0,900.0,Non,100,38,35-44 ans
1148,F,paul.dubois@datascope.fr,Marketing,Nice,CDI,2022-11-07,2.1,2813.0,Non,100,47,45-54 ans
1724,M,inès.dubois@datascope.fr,RH,Toulouse,CDD,2018-01-19,6.9,2978.0,Oui,80,40,35-44 ans
3393,F,sarah.fournier@datascope.fr,R&D,Toulouse,Alternance,2024-07-23,0.4,900.0,Oui,50,41,35-44 ans
1917,F,louis.thomas@datascope.fr,Opérations,Lyon,CDI,2023-06-02,1.6,3094.0,Non,100,30,25-34 ans
3275,NB,chloé.garcia@datascope.fr,Marketing,Marseille,CDI,2022-09-08,2.3,2989.0,Oui,50,37,35-44 ans
2782,F,inès.dubois@datascope.fr,R&D,Marseille,CDD,2020-07-04,4.5,1717.0,Oui,50,47,45-54 ans
2299,F,léa.michel@datascope.fr,R&D,Toulouse,Alternance,2024-09-28,0.3,1390.0,Non,100,52,45-54 ans
2269,F,antoine.dubois@datascope.fr,R&D,Paris,CDI,2022-01-21,2.9,3229.0,Oui,80,28,25-34 ans
2220,F,antoine.garcia@datascope.fr,Direction,Nice,CDI,2022-02-14,2.9,2537.0,Non,100,30,25-34 ans
1807,M,paul.leroy@datascope.fr,Informatique,Nantes,Interim,2020-12-14,4.0,1544.0,Non,100,58,55 ans et plus
3160,NB,camille.dubois@datascope.fr,Juridique,Lyon,Stage,2024-01-10,1.0,900.0,Non,100,50,45-54 ans
1726,M,nicolas.david@datascope.fr,Juridique,Nice,Stage,2017-06-28,7.5,900.0,Oui,80,42,35-44 ans
2711,NB,camille.bernard@datascope.fr,RH,Toulouse,CDD,2024-12-21,0.0,2249.0,Non,100,40,35-44 ans
1936,F,camille.richard@datascope.fr,Juridique,Bordeaux,Stage,2024-08-10,0.4,900.0,Non,100,24,Moins de 25 ans
2331,F,emma.petit@datascope.fr,Marketing,Nice,Stage,2017-07-30,7.4,900.0,Non,100,56,55 ans et plus
3365,NB,paul.petit@datascope.fr,Marketing,Grenoble,CDI,2018-01-25,6.9,3896.0,Non,100,54,45-54 ans
1476,NB,nicolas.vincent@datascope.fr,Commercial,Paris,CDI,2022-08-12,2.4,2284.0,Non,100,43,35-44 ans
2174,M,léa.martin@datascope.fr,Commercial,Marseille,Alternance,2018-07-04,6.5,978.0,Non,100,29,25-34 ans
1280,M,louis.richard@datascope.fr,Informatique,Lille,CDD,2018-12-28,6.0,3002.0,Oui,80,44,35-44 ans
1334,F,inès.garcia@datascope.fr,Opérations,Nice,Alternance,2017-03-25,7.8,1243.0,Non,100,51,45-54 ans
1166,M,nicolas.moreau@datascope.fr,Informatique,Bordeaux,CDI,2015-11-15,9.1,1445.0,Oui,50,25,25-34 ans
1408,F,louis.laurent@datascope.fr,Marketing,Paris,CDI,2023-10-27,1.2,2619.0,Oui,50,56,55 ans et plus
2967,M,pierre.moreaudatascope.fr,Operations,Bordeaux,CDI,2017-07-10,-2.4,0.0,Oui,80,11,Moins de 25 ans
1307,F,léa.dubois@datascope.fr,IT,Lyon,CDD,2020-11-16,4.1,0.0,Non,100,14,Moins de 25 ans
3162,F,emma.petit@datascope.fr,RH,Nice,Alternance,2015-11-27,9.1,1150.0,Non,100,56,55 ans et plus
1598,M,inès.leroy@datascope.fr,Finance,Lyon,CDD,2017-09-12,7.3,1519.0,Non,100,53,45-54 ans
2311,M,nicolas.moreau@datascope.fr,Opérations,Paris,CDI,2019-06-28,5.5,3112.0,Non,100,41,35-44 ans
1955,F,théo.david@datascope.fr,Commercial,Bordeaux,CDI,2016-08-25,8.4,2359.0,Oui,80,48,45-54 ans
1112,F,théo.lefebvre@datascope.fr,Informatique,Lyon,CDI,2018-06-30,6.5,900.0,Non,100,41,35-44 ans
2735,M,lucas.laurent@datascope.fr,Opérations,Marseille,CDI,2016-12-14,8.0,2514.0,Oui,50,46,45-54 ans
1346,F,lucas.richard@datascope.fr,Informatique,Nantes,CDD,2018-07-24,6.4,3074.0,Non,100,52,45-54 ans
2786,F,marie.vincent@datascope.fr,RH,Paris,CDD,2016-01-27,8.9,2019.0,Non,100,25,25-34 ans
1064,F,julie.laurent@datascope.fr,Logistique,Paris,Stage,2018-01-09,7.0,900.0,Oui,50,25,25-34 ans
2588,F,alice.thomas@datascope.fr,RH,Lyon,CDD,2016-03-11,8.8,2296.0,Oui,80,29,25-34 ans
2197,M,théo.lefebvre@datascope.fr,Logistique,Lyon,CDI,2022-07-14,2.5,2850.0,Non,100,39,35-44 ans
2325,M,chloé.petit@datascope.fr,R&D,Lille,CDI,2020-06-07,4.6,2148.0,Oui,80,14,Moins de 25 ans
1745,F,sarah.robert@datascope.fr,RH,Nantes,CDD,2019-07-16,5.5,2026.0,Oui,80,30,25-34 ans
2273,F,thomas.leroy@datascope.fr,Finance,Lyon,CDI,2018-05-12,6.6,2107.0,Non,100,31,25-34 ans
1185,F,paul.lefebvre@datascope.fr,Juridique,Strasbourg,CDD,2020-09-25,4.3,2188.0,Oui,50,38,35-44 ans
1086,M,thomas.roux@datascope.fr,Informatique,Grenoble,CDD,2015-01-18,10.0,3130.0,Non,100,38,35-44 ans
1282,M,marie.richard@datascope.fr,Informatique,Grenoble,Alternance,2024-04-05,0.7,1388.0,Oui,50,52,45-54 ans
3219,F,théo.bertrand@datascope.fr,Finance,Nice,Stage,2016-07-30,8.4,900.0,Non,100,30,25-34 ans
3330,M,sophie.david@datascope.fr,RH,Grenoble,Stage,2015-09-07,9.3,900.0,Non,100,46,45-54 ans
3070,F,lucas.michel@datascope.fr,Direction,Lyon,CDI,2022-06-23,2.5,2267.0,Oui,50,38,35-44 ans
3130,M,julie.leroy@datascope.fr,Opérations,Nice,Interim,2016-03-01,8.8,2223.0,Non,100,59,55 ans et plus
1464,F,alice.bernard@datascope.fr,Opérations,Nantes,Interim,2021-07-25,3.4,2221.0,Oui,80,39,35-44 ans
1784,NB,thomas.david@datascope.fr,Informatique,Nice,Stage,2023-08-31,1.3,900.0,Oui,80,56,55 ans et plus
1110,F,chloé.vincent@datascope.fr,R&D,Nice,Alternance,2022-11-03,2.2,966.0,Oui,50,45,45-54 ans
2804,F,sophie.durand@datascope.fr,Opérations,Marseille,CDI,2021-01-01,4.0,2993.0,Non,100,53,45-54 ans
3347,M,emma.robert@datascope.fr,Informatique,Nantes,Interim,2020-07-28,4.4,2124.0,Non,100,30,25-34 ans
2063,F,théo.garcia@datascope.fr,Finance,Toulouse,CDI,2019-04-07,5.7,2348.0,Non,100,40,35-44 ans
3335,F,julie.leroy@datascope.fr,Direction,Paris,Alternance,2023-01-18,2.0,1168.0,Oui,80,55,55 ans et plus
2960,M,chloé.thomas@datascope.fr,Logistique,Marseille,CDI,2021-08-15,3.4,2769.0,Non,100,50,45-54 ans
1772,NB,camille.petit@datascope.fr,RH,Nice,Stage,2016-02-19,8.9,900.0,Oui,50,55,55 ans et plus
2286,M,théo.laurent@datascope.fr,Marketing,Grenoble,CDI,2018-10-30,6.2,3138.0,Oui,80,53,45-54 ans
2293,F,camille.moreau@datascope.fr,R&D,Bordeaux,Stage,2018-08-28,6.3,900.0,Oui,80,43,35-44 ans
2202,M,théo.leroy@datascope.fr,Juridique,Paris,Interim,2023-05-27,1.6,2021.0,Non,100,31,25-34 ans
2131,M,théo.david@datascope.fr,Opérations,Marseille,Stage,2017-09-21,7.3,900.0,Oui,50,50,45-54 ans
2154,F,théo.garcia@datascope.fr,Informatique,Nantes,CDI,2022-04-16,2.7,1979.0,Oui,80,32,25-34 ans
2408,M,sarah.simon@datascope.fr,Finance,Nantes,CDI,2022-04-06,2.7,3392.0,Non,100,28,25-34 ans
2732,F,marie.dubois@datascope.fr,Finance,Paris,CDI,2024-01-23,0.9,3056.0,Non,100,26,25-34 ans
3104,F,pierre.lefebvre@datascope.fr,Opérations,Lyon,CDI,2018-09-27,6.3,2500.0,Non,100,43,35-44 ans
1668,NB,camille.petit@datascope.fr,Commercial,Paris,CDI,2019-08-19,5.4,2979.0,Oui,50,47,45-54 ans
2878,M,sarah.martin@datascope.fr,Direction,Lyon,CDI,2023-09-26,1.3,2076.0,Non,100,47,45-54 ans
1535,M,sophie.garcia@datascope.fr,Informatique,Nice,CDI,2023-10-07,1.2,3463.0,Non,100,28,25-34 ans
1119,F,pierre.bertrand@datascope.fr,Marketing,Lille,Alternance,2015-09-26,9.3,1501.0,Oui,50,52,45-54 ans
2405,F,hugo.lefebvre@datascope.fr,Commercial,Grenoble,Stage,2018-07-21,6.4,900.0,Non,100,47,45-54 ans
2894,NB,paul.durand@datascope.fr,RH,Toulouse,CDI,2021-08-13,3.4,3004.0,Non,100,29,25-34 ans
2799,M,théo.dubois@datascope.fr,Logistique,Strasbourg,CDI,2020-11-11,4.1,2748.0,Oui,80,56,55 ans et plus
2839,F,lucas.laurent@datascope.fr,RH,Lille,CDI,2019-12-29,5.0,2193.0,Non,100,29,25-34 ans
1137,F,sarah.robert@datascope.fr,R&D,Strasbourg,CDI,2020-09-01,4.3,3885.0,Non,100,54,45-54 ans
2634,NB,lucas.leroy@datascope.fr,Commercial,Marseille,CDI,2017-09-08,7.3,2049.0,Non,100,53,45-54 ans
1245,NB,antoine.michel@datascope.fr,Logistique,Nantes,CDD,2018-10-06,6.2,2936.0,Oui,80,31,25-34 ans
2396,F,inès.david@datascope.fr,Juridique,Paris,CDI,2019-06-01,5.6,1985.0,Non,100,59,55 ans et plus
1016,F,thomas.bertrand@datascope.fr,Juridique,Bordeaux,CDI,2022-10-16,2.2,3197.0,Non,100,54,45-54 ans
3018,M,chloé.david@datascope.fr,RH,Nice,CDI,2016-06-18,8.5,3030.0,Non,100,28,25-34 ans
1842,F,lucas.garcia@datascope.fr,R&D,Nice,CDI,2024-01-12,1.0,2822.0,Non,100,38,35-44 ans
1314,M,sarah.roux@datascope.fr,RH,Bordeaux,CDI,2015-09-19,9.3,3201.0,Non,100,29,25-34 ans
1630,M,sophie.david@datascope.fr,Informatique,Lyon,CDI,2016-09-08,8.3,1662.0,Non,100,37,35-44 ans
3266,M,camille.lefebvre@datascope.fr,Logistique,Nantes,CDI,2016-08-20,8.4,3607.0,Oui,80,31,25-34 ans
1912,M,hugo.thomas@datascope.fr,Juridique,Lille,CDI,2022-05-26,2.6,2804.0,Non,100,26,25-34 ans
1097,F,louis.garcia@datascope.fr,R&D,Marseille,Alternance,2016-06-07,8.6,983.0,Non,100,58,55 ans et plus
3374,F,sarah.david@datascope.fr,Opérations,Lille,Interim,2015-05-08,9.7,2531.0,Oui,80,44,35-44 ans
3216,F,antoine.fournier@datascope.fr,Logistique,Marseille,CDI,2019-06-14,5.5,2733.0,Non,100,55,55 ans et plus
1239,NB,julie.dubois@datascope.fr,RH,Lille,CDI,2016-01-12,9.0,2855.0,Oui,80,49,45-54 ans
2095,M,théo.robert@datascope.fr,Direction,Nice,CDI,2021-08-23,3.4,4068.0,Non,100,34,25-34 ans
2372,M,léa.leroy@datascope.fr,RH,Paris,Alternance,2024-02-11,0.9,900.0,Non,100,31,25-34 ans
2019,F,inès.vincent@datascope.fr,RH,Toulouse,CDD,2023-04-12,1.7,2330.0,Non,100,48,45-54 ans
1572,F,théo.vincent@datascope.fr,Commercial,Paris,Alternance,2023-06-16,1.5,900.0,Non,100,51,45-54 ans
3039,NB,paul.richard@datascope.fr,Marketing,Nice,CDI,2016-12-04,8.1,2891.0,Oui,50,39,35-44 ans
2723,M,inès.michel@datascope.fr,Marketing,Bordeaux,CDI,2016-04-04,8.7,3374.0,Oui,50,25,25-34 ans
2310,F,théo.thomas@datascope.fr,R&D,Marseille,CDI,2021-05-07,3.7,2637.0,Non,100,30,25-34 ans
2924,F,camille.durand@datascope.fr,Direction,Paris,CDD,2016-08-07,8.4,3130.0,Non,100,59,55 ans et plus
2364,M,chloé.bernard@datascope.fr,Finance,Strasbourg,Stage,2024-11-27,0.1,,Oui,80,39,35-44 ans
2076,F,inès.david@datascope.fr,R&D,Bordeaux,Stage,2024-08-03,0.4,900.0,Non,100,35,35-44 ans
2697,M,hugo.michel@datascope.fr,Informatique,Nantes,CDI,2016-05-01,8.7,3773.0,Non,100,32,25-34 ans
3042,M,sarah.laurent@datascope.fr,Commercial,Bordeaux,CDI,2019-12-26,5.0,3952.0,Non,100,51,45-54 ans
3282,NB,sophie.laurent@datascope.fr,Informatique,Grenoble,CDI,2021-03-13,3.8,4002.0,Non,100,44,35-44 ans
2410,F,léa.laurent@datascope.fr,Logistique,Toulouse,CDI,2019-09-28,5.3,3138.0,Non,100,27,25-34 ans
2857,F,emma.thomas@datascope.fr,Finance,Nantes,Interim,2021-04-18,3.7,2051.0,Oui,50,38,35-44 ans
2583,NB,pierre.michel@datascope.fr,Finance,Grenoble,Alternance,2024-06-21,0.5,1679.0,Non,100,30,25-34 ans
1161,M,sarah.bernard@datascope.fr,Informatique,Grenoble,CDI,2021-12-06,3.1,2417.0,Oui,80,28,25-34 ans
1385,M,paul.bertrand@datascope.fr,Juridique,Toulouse,CDD,2022-03-30,2.8,2087.0,Non,100,58,55 ans et plus
1442,F,lucas.garcia@datascope.fr,Direction,Grenoble,CDI,2021-08-08,3.4,3262.0,Oui,80,29,25-34 ans
1954,F,paul.dubois@datascope.fr,Logistique,Toulouse,Alternance,2024-08-31,0.3,1224.0,Non,100,47,45-54 ans
1939,NB,nicolas.vincent@datascope.fr,Opérations,Grenoble,CDI,2018-05-07,6.7,3227.0,Non,100,49,45-54 ans
1276,F,léa.roux@datascope.fr,R&D,Nice,CDI,2021-09-22,3.3,3058.0,Non,100,32,25-34 ans
2389,F,lucas.bernard@datascope.fr,Opérations,Bordeaux,CDD,2021-10-18,3.2,2000.0,Non,100,44,35-44 ans
1461,F,marie.leroy@datascope.fr,Commercial,Toulouse,CDI,2023-03-05,1.8,2774.0,Non,100,56,55 ans et plus
3349,NB,pierre.fournier@datascope.fr,Direction,Toulouse,CDI,2017-12-06,7.1,3449.0,Non,100,55,55 ans et plus
2128,M,sophie.thomas@datascope.fr,Finance,Bordeaux,CDI,2017-07-17,7.5,2907.0,Oui,80,46,45-54 ans
1940,F,chloé.thomas@datascope.fr,R&D,Strasbourg,CDD,2016-02-16,8.9,2245.5,Non,100,56,55 ans et plus
2147,F,léa.lefebvre@datascope.fr,Opérations,Marseille,CDI,2020-04-04,4.7,2463.0,Non,100,58,55 ans et plus
3242,F,thomas.leroy@datascope.fr,Direction,Nice,CDI,2022-05-12,2.6,2497.0,Oui,50,54,45-54 ans
1980,M,lucas.robert@datascope.fr,Direction,Nice,CDD,2022-06-20,2.5,1133.0,Non,100,48,45-54 ans
1604,M,thomas.lefebvre@datascope.fr,RH,Lyon,CDI,2018-12-07,6.1,4319.0,Non,100,54,45-54 ans
3231,M,inès.simon@datascope.fr,R&D,Paris,CDI,2024-09-23,0.3,2741.0,Non,100,38,35-44 ans
3026,M,hugo.fournier@datascope.fr,Marketing,Nice,Interim,2024-08-02,0.4,2415.0,Non,100,41,35-44 ans
1689,F,théo.laurent@datascope.fr,Direction,Toulouse,Alternance,2018-12-30,6.0,1246.0,Oui,80,26,25-34 ans
1967,F,marie.vincent@datascope.fr,Juridique,Nice,Interim,2024-10-14,0.2,3064.0,Non,100,35,35-44 ans
2151,M,camille.lefebvre@datascope.fr,RH,Paris,CDI,2016-01-16,9.0,3994.0,Non,100,51,45-54 ans
2679,M,nicolas.petit@datascope.fr,Commercial,Lille,CDI,2015-12-15,9.0,2408.0,Non,100,35,35-44 ans
2982,M,pierre.michel@datascope.fr,Marketing,Grenoble,CDI,2016-04-05,8.7,4252.0,Non,100,50,45-54 ans
1380,M,marie.petit@datascope.fr,Commercial,Paris,CDI,2024-08-18,0.4,3374.0,Non,100,36,35-44 ans
2920,M,julie.david@datascope.fr,Commercial,Paris,CDI,2017-11-28,7.1,2094.0,Oui,80,58,55 ans et plus
1188,M,lucas.david@datascope.fr,Opérations,Marseille,CDD,2017-01-29,7.9,3069.0,Oui,50,41,35-44 ans
1739,F,pierre.laurent@datascope.fr,R&D,Marseille,Alternance,2017-07-25,7.4,1384.0,Non,100,47,45-54 ans
2051,F,hugo.garcia@datascope.fr,Marketing,Nantes,CDI,2015-01-11,10.0,2433.0,Non,100,33,25-34 ans
2158,F,julie.durand@datascope.fr,RH,Grenoble,Alternance,2018-04-18,6.7,900.0,Non,100,24,Moins de 25 ans
1895,M,emma.richard@datascope.fr,Opérations,Nantes,Alternance,2016-02-20,8.9,944.0,Oui,80,27,25-34 ans
3249,M,louis.robert@datascope.fr,Juridique,Grenoble,Interim,2022-08-27,2.3,2143.0,Non,100,41,35-44 ans
1863,F,inès.michel@datascope.fr,Direction,Bordeaux,CDI,2016-07-29,8.4,3512.0,Non,100,29,25-34 ans
3244,M,inès.michel@datascope.fr,Finance,Marseille,CDD,2022-07-26,2.4,2253.0,Non,100,28,25-34 ans
2641,F,camille.simon@datascope.fr,Opérations,Lille,CDI,2018-12-11,6.1,2726.0,Non,100,43,35-44 ans
2252,F,emma.moreau@datascope.fr,Opérations,Bordeaux,CDI,2022-03-14,2.8,3365.0,Non,100,27,25-34 ans
1552,M,chloé.martin@datascope.fr,Commercial,Marseille,CDI,2023-09-24,1.3,4325.0,Non,100,26,25-34 ans
1338,M,julie.moreau@datascope.fr,Logistique,Lyon,CDI,2020-01-04,5.0,3888.0,Oui,50,59,55 ans et plus
2030,F,hugo.martin@datascope.fr,Finance,Lyon,CDD,2022-12-11,2.1,2134.0,Non,100,24,Moins de 25 ans
2261,M,léa.robert@datascope.fr,Informatique,Grenoble,CDD,2022-03-07,2.8,1472.0,Oui,80,58,55 ans et plus
1033,F,romain.bernard@datascope.fr,RH,Marseille,CDI,2017-12-10,7.1,4545.0,Oui,80,35,35-44 ans
2554,M,marie.leroy@datascope.fr,Logistique,Grenoble,CDI,2018-12-18,6.0,3173.0,Non,100,43,35-44 ans
1067,M,théo.richard@datascope.fr,Marketing,Paris,CDD,2015-02-07,9.9,2094.0,Non,100,57,55 ans et plus
2576,M,camille.bertrand@datascope.fr,Opérations,Bordeaux,CDI,2021-04-19,3.7,3323.0,Non,100,49,45-54 ans
2703,M,théo.petit@datascope.fr,Direction,Grenoble,CDD,2015-02-25,9.8,2923.0,Oui,80,26,25-34 ans
1491,M,paul.fournier@datascope.fr,RH,Grenoble,CDD,2016-12-03,8.1,1909.0,Oui,50,41,35-44 ans
2704,F,théo.durand@datascope.fr,R&D,Strasbourg,Stage,2022-03-31,2.8,900.0,Oui,80,41,35-44 ans
1556,NB,chloé.durand@datascope.fr,Direction,Marseille,Stage,2022-11-13,2.1,,Oui,80,13,Moins de 25 ans
3086,M,romain.fournier@datascope.fr,Finance,Lyon,CDI,2016-06-22,8.5,1925.0,Oui,80,48,45-54 ans
2563,M,camille.vincent@datascope.fr,R&D,Strasbourg,CDI,2023-01-28,1.9,3718.0,Oui,80,54,45-54 ans
2519,M,pierre.moreau@datascope.fr,Informatique,Toulouse,Interim,2016-04-16,8.7,2380.0,Non,100,29,25-34 ans
2667,M,julie.martin@datascope.fr,Informatique,Bordeaux,Alternance,2020-08-04,4.4,1145.0,Oui,80,54,45-54 ans
1757,F,hugo.petit@datascope.fr,Direction,Nice,CDI,2022-01-30,2.9,900.0,Oui,80,56,55 ans et plus
2517,F,antoine.laurent@datascope.fr,Commercial,Lille,CDI,2015-02-15,9.9,2004.0,Oui,80,30,25-34 ans
1130,M,emma.laurent@datascope.fr,Direction,Paris,CDI,2015-05-28,9.6,3037.0,Non,100,33,25-34 ans
2675,F,chloé.durand@datascope.fr,Informatique,Bordeaux,CDI,2021-06-03,3.6,3141.0,Non,100,30,25-34 ans
2917,F,camille.petit@datascope.fr,Direction,Lille,CDI,2016-08-23,8.4,3454.0,Non,100,30,25-34 ans
1678,M,pierre.richard@datascope.fr,RH,Strasbourg,Interim,2015-08-23,9.4,2405.0,Non,100,52,45-54 ans
3090,M,sarah.david@datascope.fr,Juridique,Paris,Alternance,2022-09-29,2.3,1199.0,Non,100,55,55 ans et plus
2627,M,emma.fournier@datascope.fr,Finance,Paris,CDD,2024-03-14,0.8,2335.0,Oui,50,38,35-44 ans
2785,M,théo.lefebvre@datascope.fr,Informatique,Toulouse,CDI,2023-05-25,1.6,1635.0,Non,100,53,45-54 ans
1498,M,chloé.robert@datascope.fr,Juridique,Paris,Stage,2016-11-06,8.2,900.0,Oui,50,43,35-44 ans
2966,F,alice.garcia@datascope.fr,Commercial,Bordeaux,Alternance,2016-08-24,8.4,900.0,Non,100,32,25-34 ans
3084,M,théo.martin@datascope.fr,Informatique,Grenoble,CDD,2023-09-05,1.3,2421.0,Non,100,33,25-34 ans
2585,M,thomas.leroy@datascope.fr,Opérations,Toulouse,CDI,2023-07-05,1.5,2326.0,Non,100,58,55 ans et plus
2897,F,louis.roux@datascope.fr,Opérations,Lille,CDI,2019-06-06,5.6,2395.0,Non,100,26,25-34 ans
3303,F,paul.laurent@datascope.fr,Informatique,Lyon,CDI,2023-04-03,1.7,2877.0,Non,100,53,45-54 ans
1753,F,antoine.dubois@datascope.fr,Marketing,Marseille,Alternance,2024-02-03,0.9,1422.0,Non,100,58,55 ans et plus
1836,NB,marie.roux@datascope.fr,Marketing,Paris,CDI,2018-11-13,6.1,3412.0,Non,100,50,45-54 ans
1947,M,pierre.garcia@datascope.fr,Finance,Paris,CDI,2017-05-10,7.6,2563.0,Non,100,43,35-44 ans
1066,F,romain.bernard@datascope.fr,Opérations,Nice,CDD,2024-11-10,0.1,2662.0,Non,100,59,55 ans et plus
2044,M,théo.bertrand@datascope.fr,Juridique,Lille,CDI,2017-02-27,7.8,2860.0,Non,100,55,55 ans et plus
1164,F,théo.leroy@datascope.fr,Informatique,Marseille,Alternance,2015-03-03,9.8,1314.0,Non,100,43,35-44 ans
2538,F,lucas.garcia@datascope.fr,Commercial,Lyon,CDI,2022-01-03,3.0,2342.0,Non,100,49,45-54 ans
1019,NB,julie.david@datascope.fr,Direction,Paris,CDD,2016-06-28,8.5,1980.0,Oui,80,28,25-34 ans
1103,M,pierre.petit@datascope.fr,Direction,Nantes,CDD,2024-11-21,0.1,2405.0,Oui,50,52,45-54 ans
1697,M,hugo.leroy@datascope.fr,R&D,Lyon,CDI,2018-01-31,6.9,2428.0,Non,100,39,35-44 ans
2215,F,julie.thomas@datascope.fr,Finance,Paris,CDI,2016-09-23,8.3,2332.0,Non,100,35,35-44 ans
2571,M,emma.fournier@datascope.fr,Logistique,Strasbourg,Stage,2024-12-14,0.0,900.0,Oui,80,59,55 ans et plus
3383,M,chloé.durand@datascope.fr,Finance,Lille,CDI,2019-06-27,5.5,900.0,Oui,80,28,25-34 ans
1840,F,paul.bertrand@datascope.fr,Juridique,Lyon,Alternance,2017-01-19,7.9,1044.0,Non,100,36,35-44 ans
1852,M,julie.laurent@datascope.fr,Marketing,Toulouse,CDI,2020-08-10,4.4,2155.0,Oui,50,38,35-44 ans
2793,F,sophie.thomas@datascope.fr,Direction,Lille,CDI,2024-05-22,0.6,2130.0,Non,100,25,25-34 ans
2308,M,louis.richard@datascope.fr,Logistique,Nantes,CDI,2023-02-18,1.9,2309.0,Non,100,48,45-54 ans
2201,M,lucas.fournier@datascope.fr,Opérations,Grenoble,CDD,2018-10-09,6.2,3301.0,Non,100,54,45-54 ans
1982,M,thomas.lefebvre@datascope.fr,Opérations,Lyon,CDI,2017-02-02,7.9,1754.5,Oui,50,12,Moins de 25 ans
3208,M,nicolas.michel@datascope.fr,Logistique,Toulouse,CDD,2015-10-22,9.2,2751.0,Oui,80,45,45-54 ans
2910,M,marie.lefebvre@datascope.fr,Marketing,Nantes,CDI,2020-09-03,4.3,2957.0,Non,100,50,45-54 ans
2315,F,inès.bertrand@datascope.fr,Logistique,Strasbourg,Stage,2016-03-11,8.8,900.0,Oui,50,58,55 ans et plus
3155,F,julie.martin@datascope.fr,Informatique,Nice,CDI,2019-12-11,5.1,3323.0,Non,100,41,35-44 ans
1092,F,lucas.bertrand@datascope.fr,IT,Lyon,CDI,2021-05-06,3.7,0.0,Oui,80,11,Moins de 25 ans
3063,F,camille.moreau@datascope.fr,R&D,Strasbourg,CDI,2018-03-22,6.8,3026.0,Oui,50,29,25-34 ans
2925,M,camille.laurent@datascope.fr,Logistique,Marseille,CDI,2022-02-28,2.8,2997.0,Non,100,43,35-44 ans
2876,F,chloé.roux@datascope.fr,RH,Nantes,CDI,2023-09-28,1.3,1364.0,Non,100,58,55 ans et plus
3386,M,nicolas.robert@datascope.fr,Opérations,Marseille,Alternance,2018-11-21,6.1,900.0,Non,100,57,55 ans et plus
1032,M,romain.petit@datascope.fr,R&D,Bordeaux,CDI,2020-04-16,4.7,3850.0,Oui,80,42,35-44 ans
2479,F,inès.moreau@datascope.fr,R&D,Bordeaux,CDI,2019-07-27,5.4,3085.0,Non,100,42,35-44 ans
3146,NB,romain.robert@datascope.fr,Finance,Bordeaux,CDD,2020-05-03,4.7,2115.0,Oui,80,42,35-44 ans
3127,M,léa.durand@datascope.fr,Juridique,Bordeaux,CDI,2024-11-28,0.1,2735.0,Non,100,53,45-54 ans
2757,F,théo.thomas@datascope.fr,Direction,Bordeaux,CDD,2020-07-07,4.5,2403.0,Non,100,54,45-54 ans
1002,F,pierre.simon@datascope.fr,Direction,Nice,Alternance,2024-04-15,0.7,1209.0,Non,100,45,45-54 ans
2032,M,sarah.lefebvre@datascope.fr,RH,Bordeaux,CDI,2024-11-09,0.1,2796.0,Non,100,40,35-44 ans
3298,F,sarah.michel@datascope.fr,RH,Nice,CDI,2020-05-30,4.6,2938.0,Non,100,24,Moins de 25 ans
1806,M,julie.roux@datascope.fr,Logistique,Grenoble,CDI,2021-11-16,3.1,2568.0,Oui,80,46,45-54 ans
1144,NB,inès.dubois@datascope.fr,R&D,Grenoble,CDI,2015-12-21,9.0,1430.0,Non,100,29,25-34 ans
1390,F,camille.robert@datascope.fr,Direction,Strasbourg,Interim,2019-11-05,5.2,2167.0,Oui,50,57,55 ans et plus
2559,M,thomas.dubois@datascope.fr,Marketing,Grenoble,CDI,2020-04-10,4.7,1588.0,Non,100,54,45-54 ans
2837,NB,paul.robert@datascope.fr,Commercial,Lyon,CDI,2023-05-04,1.7,3415.0,Non,100,51,45-54 ans
2021,F,nicolas.fournier@datascope.fr,Juridique,Toulouse,CDI,2016-07-28,8.4,2424.0,Non,100,51,45-54 ans
1437,M,sarah.robert@datascope.fr,Informatique,Lille,CDD,2017-10-15,7.2,2516.0,Non,100,51,45-54 ans
2937,M,emma.michel@datascope.fr,Marketing,Paris,CDI,2020-12-29,4.0,1617.0,Oui,80,32,25-34 ans
2551,F,nicolas.leroy@datascope.fr,RH,Nice,CDI,2015-04-13,9.7,2005.0,Non,100,26,25-34 ans
2929,F,thomas.robert@datascope.fr,Logistique,Nice,CDI,2019-06-27,5.5,1179.0,Non,100,52,45-54 ans
2582,M,thomas.durand@datascope.fr,Juridique,Nantes,CDI,2018-01-07,7.0,1703.0,Non,100,55,55 ans et plus
2172,M,léa.fournier@datascope.fr,R&D,Lyon,Alternance,2015-06-15,9.5,900.0,Non,100,38,35-44 ans
3399,NB,sophie.richard@datascope.fr,Informatique,Nice,CDI,2020-04-27,4.7,3257.0,Oui,50,59,55 ans et plus
1289,M,hugo.dubois@datascope.fr,Commercial,Toulouse,CDI,2022-08-19,2.4,2206.0,Non,100,25,25-34 ans
2087,F,nicolas.thomas@datascope.fr,Commercial,Nantes,CDI,2019-09-24,5.3,3381.0,Non,100,57,55 ans et plus
1683,F,paul.durand@datascope.fr,Direction,Marseille,CDI,2023-04-08,1.7,3393.0,Non,100,39,35-44 ans
2045,M,théo.moreau@datascope.fr,Logistique,Toulouse,CDI,2024-05-14,0.6,3349.0,Oui,80,49,45-54 ans
2847,M,thomas.leroy@datascope.fr,Direction,Nantes,CDI,2016-05-31,8.6,2656.0,Non,100,55,55 ans et plus
1077,F,sophie.robert@datascope.fr,Logistique,Nantes,CDI,2016-10-29,8.2,2166.0,Non,100,47,45-54 ans
2654,M,alice.david@datascope.fr,Finance,Lille,CDI,2022-04-06,2.7,3912.0,Oui,80,44,35-44 ans
1948,M,sarah.garcia@datascope.fr,R&D,Grenoble,Interim,2015-05-02,9.7,0.0,Oui,80,11,Moins de 25 ans
1375,NB,alice.richard@datascope.fr,Legal,Marseille,Stage,2016-11-25,8.1,0.0,Non,100,9,Moins de 25 ans
2858,M,paul.roux@datascope.fr,Informatique,Strasbourg,Alternance,2021-07-26,3.4,1404.0,Oui,50,55,55 ans et plus
1262,M,théo.petit@datascope.fr,RH,Marseille,CDI,2020-02-21,4.9,3060.0,Non,100,53,45-54 ans
2419,M,emma.roux@datascope.fr,Juridique,Marseille,CDI,2017-04-15,7.7,2642.0,Non,100,52,45-54 ans
1817,F,pierre.michel@datascope.fr,Direction,Nice,Interim,2017-07-08,7.5,2030.0,Non,100,35,35-44 ans
1389,M,hugo.laurent@datascope.fr,Finance,Strasbourg,Interim,2023-11-22,1.1,2064.0,Oui,50,28,25-34 ans
2418,F,emma.durand@datascope.fr,R&D,Lille,CDI,2021-03-01,3.8,3455.0,Non,100,54,45-54 ans
2037,F,romain.garcia@datascope.fr,RH,Lille,Alternance,2023-08-22,1.4,1228.0,Non,100,48,45-54 ans
3370,F,paul.michel@datascope.fr,RH,Grenoble,CDI,2016-11-09,8.1,3275.0,Non,100,46,45-54 ans
3159,M,marie.david@datascope.fr,Marketing,Paris,CDI,2022-10-23,2.2,2164.0,Non,100,46,45-54 ans
1192,M,emma.bertrand@datascope.fr,Direction,Nice,CDI,2021-10-13,3.2,3389.0,Oui,80,51,45-54 ans
2403,F,julie.garcia@datascope.fr,RH,Lyon,CDI,2023-04-10,1.7,1206.0,Non,100,35,35-44 ans
2266,F,julie.lefebvre@datascope.fr,Marketing,Paris,CDI,2023-08-01,1.4,1731.0,Non,100,58,55 ans et plus
1111,F,pierre.martin@datascope.fr,Direction,Paris,CDI,2020-05-05,4.7,2429.0,Non,100,41,35-44 ans
1431,F,antoine.richard@datascope.fr,Commercial,Lille,CDI,2018-08-12,6.4,1756.0,Oui,50,54,45-54 ans
2339,NB,léa.thomas@datascope.fr,Opérations,Lille,CDI,2019-08-02,5.4,2837.0,Oui,80,56,55 ans et plus
1372,F,hugo.petit@datascope.fr,Juridique,Strasbourg,CDI,2015-01-21,9.9,900.0,Non,100,51,45-54 ans
